image_location,split,is_duplicate,duplicate_of
data/training_data/training_data/0.png,train,False,
data/training_data/training_data/10.png,train,False,
data/training_data/training_data/100.png,train,False,
data/training_data/training_data/1000.png,train,False,
data/training_data/training_data/10000.png,train,False,
data/training_data/training_data/10001.png,train,False,
data/training_data/training_data/10002.png,train,False,
data/training_data/training_data/10003.png,train,False,
data/training_data/training_data/10004.png,train,False,
data/training_data/training_data/10005.png,train,False,
data/training_data/training_data/10006.png,train,False,
data/training_data/training_data/10007.png,train,False,
data/training_data/training_data/10008.png,train,False,
data/training_data/training_data/10009.png,train,False,
data/training_data/training_data/1001.png,train,False,
data/training_data/training_data/10010.png,train,False,
data/training_data/training_data/10011.png,train,False,
data/training_data/training_data/10012.png,train,False,
data/training_data/training_data/10013.png,train,False,
data/training_data/training_data/10014.png,train,False,
data/training_data/training_data/10015.png,train,False,
data/training_data/training_data/10016.png,train,False,
data/training_data/training_data/10017.png,train,False,
data/training_data/training_data/10018.png,train,False,
data/training_data/training_data/10019.png,train,False,
data/training_data/training_data/1002.png,train,False,
data/training_data/training_data/10020.png,train,False,
data/training_data/training_data/10021.png,train,False,
data/training_data/training_data/10022.png,train,False,
data/training_data/training_data/10023.png,train,False,
data/training_data/training_data/10024.png,train,False,
data/training_data/training_data/10025.png,train,False,
data/training_data/training_data/10026.png,train,False,
data/training_data/training_data/10027.png,train,False,
data/training_data/training_data/10028.png,train,False,
data/training_data/training_data/10029.png,train,False,
data/training_data/training_data/1003.png,train,False,
data/training_data/training_data/10030.png,train,False,
data/training_data/training_data/10031.png,train,False,
data/training_data/training_data/10032.png,train,False,
data/training_data/training_data/10033.png,train,False,
data/training_data/training_data/10034.png,train,False,
data/training_data/training_data/10035.png,train,False,
data/training_data/training_data/10036.png,train,False,
data/training_data/training_data/10037.png,train,False,
data/training_data/training_data/10038.png,train,False,
data/training_data/training_data/10039.png,train,False,
data/training_data/training_data/1004.png,train,False,
data/training_data/training_data/10040.png,train,False,
data/training_data/training_data/10041.png,train,False,
data/training_data/training_data/10042.png,train,False,
data/training_data/training_data/10043.png,train,False,
data/training_data/training_data/10044.png,train,False,
data/training_data/training_data/10045.png,train,False,
data/training_data/training_data/10046.png,train,False,
data/training_data/training_data/10047.png,train,False,
data/training_data/training_data/10048.png,train,False,
data/training_data/training_data/10049.png,train,False,
data/training_data/training_data/1005.png,train,False,
data/training_data/training_data/10050.png,train,False,
data/training_data/training_data/10051.png,train,False,
data/training_data/training_data/10052.png,train,False,
data/training_data/training_data/10053.png,train,False,
data/training_data/training_data/10054.png,train,False,
data/training_data/training_data/10055.png,train,False,
data/training_data/training_data/10056.png,train,False,
data/training_data/training_data/10057.png,train,False,
data/training_data/training_data/10058.png,train,False,
data/training_data/training_data/10059.png,train,False,
data/training_data/training_data/1006.png,train,False,
data/training_data/training_data/10060.png,train,False,
data/training_data/training_data/10061.png,train,False,
data/training_data/training_data/10062.png,train,False,
data/training_data/training_data/10063.png,train,False,
data/training_data/training_data/10064.png,train,False,
data/training_data/training_data/10065.png,train,False,
data/training_data/training_data/10066.png,train,False,
data/training_data/training_data/10067.png,train,False,
data/training_data/training_data/10068.png,train,False,
data/training_data/training_data/10069.png,train,False,
data/training_data/training_data/1007.png,train,False,
data/training_data/training_data/10070.png,train,False,
data/training_data/training_data/10071.png,train,False,
data/training_data/training_data/10072.png,train,False,
data/training_data/training_data/10073.png,train,False,
data/training_data/training_data/10074.png,train,False,
data/training_data/training_data/10075.png,train,False,
data/training_data/training_data/10076.png,train,False,
data/training_data/training_data/10077.png,train,False,
data/training_data/training_data/10078.png,train,False,
data/training_data/training_data/10079.png,train,False,
data/training_data/training_data/1008.png,train,False,
data/training_data/training_data/10080.png,train,False,
data/training_data/training_data/10081.png,train,False,
data/training_data/training_data/10082.png,train,False,
data/training_data/training_data/10083.png,train,False,
data/training_data/training_data/10084.png,train,False,
data/training_data/training_data/10085.png,train,False,
data/training_data/training_data/10086.png,train,False,
data/training_data/training_data/10087.png,train,False,
data/training_data/training_data/10088.png,train,False,
data/training_data/training_data/10089.png,train,False,
data/training_data/training_data/1009.png,train,False,
data/training_data/training_data/10090.png,train,False,
data/training_data/training_data/10091.png,train,False,
data/training_data/training_data/10092.png,train,False,
data/training_data/training_data/10093.png,train,False,
data/training_data/training_data/10094.png,train,False,
data/training_data/training_data/10095.png,train,False,
data/training_data/training_data/10096.png,train,False,
data/training_data/training_data/10097.png,train,False,
data/training_data/training_data/10098.png,train,False,
data/training_data/training_data/10099.png,train,False,
data/training_data/training_data/101.png,train,False,
data/training_data/training_data/1010.png,train,False,
data/training_data/training_data/10100.png,train,False,
data/training_data/training_data/10101.png,train,False,
data/training_data/training_data/10102.png,train,False,
data/training_data/training_data/10103.png,train,False,
data/training_data/training_data/10104.png,train,False,
data/training_data/training_data/10105.png,train,False,
data/training_data/training_data/10106.png,train,False,
data/training_data/training_data/10107.png,train,False,
data/training_data/training_data/10108.png,train,False,
data/training_data/training_data/10109.png,train,False,
data/training_data/training_data/1011.png,train,False,
data/training_data/training_data/10110.png,train,False,
data/training_data/training_data/10111.png,train,False,
data/training_data/training_data/10112.png,train,False,
data/training_data/training_data/10113.png,train,False,
data/training_data/training_data/10114.png,train,False,
data/training_data/training_data/10115.png,train,False,
data/training_data/training_data/10116.png,train,False,
data/training_data/training_data/10117.png,train,False,
data/training_data/training_data/10118.png,train,False,
data/training_data/training_data/10119.png,train,False,
data/training_data/training_data/1012.png,train,False,
data/training_data/training_data/10120.png,train,False,
data/training_data/training_data/10121.png,train,False,
data/training_data/training_data/10122.png,train,False,
data/training_data/training_data/10123.png,train,False,
data/training_data/training_data/10124.png,train,False,
data/training_data/training_data/10125.png,train,False,
data/training_data/training_data/10126.png,train,False,
data/training_data/training_data/10127.png,train,False,
data/training_data/training_data/10128.png,train,False,
data/training_data/training_data/10129.png,train,False,
data/training_data/training_data/1013.png,train,False,
data/training_data/training_data/10130.png,train,False,
data/training_data/training_data/10131.png,train,False,
data/training_data/training_data/10132.png,train,False,
data/training_data/training_data/10133.png,train,False,
data/training_data/training_data/10134.png,train,False,
data/training_data/training_data/10135.png,train,False,
data/training_data/training_data/10136.png,train,False,
data/training_data/training_data/10137.png,train,False,
data/training_data/training_data/10138.png,train,False,
data/training_data/training_data/10139.png,train,False,
data/training_data/training_data/1014.png,train,False,
data/training_data/training_data/10140.png,train,False,
data/training_data/training_data/10141.png,train,False,
data/training_data/training_data/10142.png,train,False,
data/training_data/training_data/10143.png,train,False,
data/training_data/training_data/10144.png,train,False,
data/training_data/training_data/10145.png,train,False,
data/training_data/training_data/10147.png,train,False,
data/training_data/training_data/10148.png,train,False,
data/training_data/training_data/10149.png,train,False,
data/training_data/training_data/1015.png,train,False,
data/training_data/training_data/10150.png,train,False,
data/training_data/training_data/10151.png,train,False,
data/training_data/training_data/10152.png,train,False,
data/training_data/training_data/10153.png,train,False,
data/training_data/training_data/10154.png,train,False,
data/training_data/training_data/10155.png,train,False,
data/training_data/training_data/10156.png,train,False,
data/training_data/training_data/10157.png,train,False,
data/training_data/training_data/10158.png,train,False,
data/training_data/training_data/10159.png,train,False,
data/training_data/training_data/1016.png,train,False,
data/training_data/training_data/10160.png,train,False,
data/training_data/training_data/10161.png,train,False,
data/training_data/training_data/10162.png,train,False,
data/training_data/training_data/10163.png,train,False,
data/training_data/training_data/10164.png,train,False,
data/training_data/training_data/10165.png,train,False,
data/training_data/training_data/10166.png,train,False,
data/training_data/training_data/10167.png,train,False,
data/training_data/training_data/10168.png,train,False,
data/training_data/training_data/10169.png,train,False,
data/training_data/training_data/1017.png,train,False,
data/training_data/training_data/10170.png,train,False,
data/training_data/training_data/10171.png,train,False,
data/training_data/training_data/10172.png,train,False,
data/training_data/training_data/10173.png,train,False,
data/training_data/training_data/10174.png,train,False,
data/training_data/training_data/10175.png,train,False,
data/training_data/training_data/10176.png,train,False,
data/training_data/training_data/10177.png,train,False,
data/training_data/training_data/10178.png,train,False,
data/training_data/training_data/10179.png,train,False,
data/training_data/training_data/1018.png,train,False,
data/training_data/training_data/10180.png,train,False,
data/training_data/training_data/10181.png,train,False,
data/training_data/training_data/10182.png,train,False,
data/training_data/training_data/10183.png,train,False,
data/training_data/training_data/10184.png,train,False,
data/training_data/training_data/10185.png,train,False,
data/training_data/training_data/10186.png,train,False,
data/training_data/training_data/10187.png,train,False,
data/training_data/training_data/10188.png,train,False,
data/training_data/training_data/10189.png,train,False,
data/training_data/training_data/1019.png,train,False,
data/training_data/training_data/10190.png,train,False,
data/training_data/training_data/10191.png,train,False,
data/training_data/training_data/10192.png,train,False,
data/training_data/training_data/10193.png,train,False,
data/training_data/training_data/10194.png,train,False,
data/training_data/training_data/10195.png,train,False,
data/training_data/training_data/10196.png,train,False,
data/training_data/training_data/10197.png,train,False,
data/training_data/training_data/10198.png,train,False,
data/training_data/training_data/10199.png,train,False,
data/training_data/training_data/102.png,train,False,
data/training_data/training_data/1020.png,train,False,
data/training_data/training_data/10200.png,train,False,
data/training_data/training_data/10201.png,train,False,
data/training_data/training_data/10202.png,train,False,
data/training_data/training_data/10203.png,train,False,
data/training_data/training_data/10204.png,train,False,
data/training_data/training_data/10205.png,train,False,
data/training_data/training_data/10206.png,train,False,
data/training_data/training_data/10207.png,train,False,
data/training_data/training_data/10208.png,train,False,
data/training_data/training_data/10209.png,train,False,
data/training_data/training_data/1021.png,train,False,
data/training_data/training_data/10210.png,train,False,
data/training_data/training_data/10211.png,train,False,
data/training_data/training_data/10212.png,train,False,
data/training_data/training_data/10213.png,train,False,
data/training_data/training_data/10214.png,train,False,
data/training_data/training_data/10215.png,train,False,
data/training_data/training_data/10216.png,train,False,
data/training_data/training_data/10217.png,train,False,
data/training_data/training_data/10218.png,train,False,
data/training_data/training_data/10219.png,train,False,
data/training_data/training_data/1022.png,train,False,
data/training_data/training_data/10220.png,train,False,
data/training_data/training_data/10221.png,train,False,
data/training_data/training_data/10222.png,train,False,
data/training_data/training_data/10223.png,train,False,
data/training_data/training_data/10224.png,train,False,
data/training_data/training_data/10225.png,train,False,
data/training_data/training_data/10226.png,train,False,
data/training_data/training_data/10227.png,train,False,
data/training_data/training_data/10228.png,train,False,
data/training_data/training_data/10229.png,train,False,
data/training_data/training_data/1023.png,train,False,
data/training_data/training_data/10230.png,train,False,
data/training_data/training_data/10231.png,train,False,
data/training_data/training_data/10232.png,train,False,
data/training_data/training_data/10233.png,train,False,
data/training_data/training_data/10234.png,train,False,
data/training_data/training_data/10235.png,train,False,
data/training_data/training_data/10236.png,train,False,
data/training_data/training_data/10237.png,train,False,
data/training_data/training_data/10238.png,train,False,
data/training_data/training_data/10239.png,train,False,
data/training_data/training_data/1024.png,train,False,
data/training_data/training_data/10240.png,train,False,
data/training_data/training_data/10241.png,train,False,
data/training_data/training_data/10242.png,train,False,
data/training_data/training_data/10243.png,train,False,
data/training_data/training_data/10244.png,train,False,
data/training_data/training_data/10245.png,train,False,
data/training_data/training_data/10246.png,train,False,
data/training_data/training_data/10247.png,train,False,
data/training_data/training_data/10248.png,train,False,
data/training_data/training_data/10249.png,train,False,
data/training_data/training_data/1025.png,train,False,
data/training_data/training_data/10250.png,train,False,
data/training_data/training_data/10251.png,train,False,
data/training_data/training_data/10252.png,train,False,
data/training_data/training_data/10253.png,train,False,
data/training_data/training_data/10254.png,train,False,
data/training_data/training_data/10255.png,train,False,
data/training_data/training_data/10256.png,train,False,
data/training_data/training_data/10257.png,train,False,
data/training_data/training_data/10258.png,train,False,
data/training_data/training_data/10259.png,train,False,
data/training_data/training_data/1026.png,train,False,
data/training_data/training_data/10260.png,train,False,
data/training_data/training_data/10261.png,train,False,
data/training_data/training_data/10262.png,train,False,
data/training_data/training_data/10263.png,train,False,
data/training_data/training_data/10264.png,train,False,
data/training_data/training_data/10265.png,train,False,
data/training_data/training_data/10266.png,train,False,
data/training_data/training_data/10267.png,train,False,
data/training_data/training_data/10268.png,train,False,
data/training_data/training_data/10269.png,train,False,
data/training_data/training_data/1027.png,train,False,
data/training_data/training_data/10270.png,train,False,
data/training_data/training_data/10271.png,train,False,
data/training_data/training_data/10272.png,train,False,
data/training_data/training_data/10273.png,train,False,
data/training_data/training_data/10274.png,train,False,
data/training_data/training_data/10275.png,train,False,
data/training_data/training_data/10276.png,train,False,
data/training_data/training_data/10277.png,train,False,
data/training_data/training_data/10278.png,train,False,
data/training_data/training_data/10279.png,train,False,
data/training_data/training_data/1028.png,train,False,
data/training_data/training_data/10280.png,train,False,
data/training_data/training_data/10281.png,train,False,
data/training_data/training_data/10282.png,train,False,
data/training_data/training_data/10283.png,train,False,
data/training_data/training_data/10284.png,train,False,
data/training_data/training_data/10285.png,train,False,
data/training_data/training_data/10286.png,train,False,
data/training_data/training_data/10287.png,train,False,
data/training_data/training_data/10288.png,train,False,
data/training_data/training_data/10289.png,train,False,
data/training_data/training_data/1029.png,train,False,
data/training_data/training_data/10290.png,train,False,
data/training_data/training_data/10291.png,train,False,
data/training_data/training_data/10292.png,train,False,
data/training_data/training_data/10293.png,train,False,
data/training_data/training_data/10294.png,train,False,
data/training_data/training_data/10295.png,train,False,
data/training_data/training_data/10296.png,train,False,
data/training_data/training_data/10297.png,train,False,
data/training_data/training_data/10298.png,train,False,
data/training_data/training_data/10299.png,train,False,
data/training_data/training_data/103.png,train,False,
data/training_data/training_data/1030.png,train,False,
data/training_data/training_data/10300.png,train,False,
data/training_data/training_data/10301.png,train,False,
data/training_data/training_data/10302.png,train,False,
data/training_data/training_data/10303.png,train,False,
data/training_data/training_data/10304.png,train,False,
data/training_data/training_data/10305.png,train,False,
data/training_data/training_data/10306.png,train,False,
data/training_data/training_data/10307.png,train,False,
data/training_data/training_data/10308.png,train,False,
data/training_data/training_data/10309.png,train,False,
data/training_data/training_data/1031.png,train,False,
data/training_data/training_data/10310.png,train,False,
data/training_data/training_data/10311.png,train,False,
data/training_data/training_data/10312.png,train,False,
data/training_data/training_data/10313.png,train,False,
data/training_data/training_data/10314.png,train,False,
data/training_data/training_data/10315.png,train,False,
data/training_data/training_data/10316.png,train,False,
data/training_data/training_data/10317.png,train,False,
data/training_data/training_data/10318.png,train,False,
data/training_data/training_data/10319.png,train,False,
data/training_data/training_data/1032.png,train,False,
data/training_data/training_data/10320.png,train,False,
data/training_data/training_data/10321.png,train,False,
data/training_data/training_data/10322.png,train,False,
data/training_data/training_data/10323.png,train,False,
data/training_data/training_data/10324.png,train,False,
data/training_data/training_data/10325.png,train,False,
data/training_data/training_data/10326.png,train,False,
data/training_data/training_data/10327.png,train,False,
data/training_data/training_data/10328.png,train,False,
data/training_data/training_data/10329.png,train,False,
data/training_data/training_data/1033.png,train,False,
data/training_data/training_data/10330.png,train,False,
data/training_data/training_data/10331.png,train,False,
data/training_data/training_data/10332.png,train,False,
data/training_data/training_data/10333.png,train,False,
data/training_data/training_data/10334.png,train,False,
data/training_data/training_data/10335.png,train,False,
data/training_data/training_data/10336.png,train,False,
data/training_data/training_data/10337.png,train,False,
data/training_data/training_data/10338.png,train,False,
data/training_data/training_data/10339.png,train,False,
data/training_data/training_data/1034.png,train,False,
data/training_data/training_data/10340.png,train,False,
data/training_data/training_data/10341.png,train,False,
data/training_data/training_data/10342.png,train,False,
data/training_data/training_data/10343.png,train,False,
data/training_data/training_data/10344.png,train,False,
data/training_data/training_data/10345.png,train,False,
data/training_data/training_data/10346.png,train,False,
data/training_data/training_data/10347.png,train,False,
data/training_data/training_data/10348.png,train,False,
data/training_data/training_data/10349.png,train,False,
data/training_data/training_data/1035.png,train,False,
data/training_data/training_data/10350.png,train,False,
data/training_data/training_data/10351.png,train,False,
data/training_data/training_data/10352.png,train,False,
data/training_data/training_data/10353.png,train,False,
data/training_data/training_data/10354.png,train,False,
data/training_data/training_data/10355.png,train,False,
data/training_data/training_data/10356.png,train,False,
data/training_data/training_data/10357.png,train,False,
data/training_data/training_data/10358.png,train,False,
data/training_data/training_data/10359.png,train,False,
data/training_data/training_data/1036.png,train,False,
data/training_data/training_data/10360.png,train,False,
data/training_data/training_data/10361.png,train,False,
data/training_data/training_data/10362.png,train,False,
data/training_data/training_data/10363.png,train,False,
data/training_data/training_data/10364.png,train,False,
data/training_data/training_data/10365.png,train,False,
data/training_data/training_data/10366.png,train,False,
data/training_data/training_data/10367.png,train,False,
data/training_data/training_data/10368.png,train,False,
data/training_data/training_data/10369.png,train,False,
data/training_data/training_data/1037.png,train,False,
data/training_data/training_data/10370.png,train,False,
data/training_data/training_data/10371.png,train,False,
data/training_data/training_data/10372.png,train,False,
data/training_data/training_data/10373.png,train,False,
data/training_data/training_data/10374.png,train,False,
data/training_data/training_data/10375.png,train,False,
data/training_data/training_data/10376.png,train,False,
data/training_data/training_data/10377.png,train,False,
data/training_data/training_data/10378.png,train,False,
data/training_data/training_data/10379.png,train,False,
data/training_data/training_data/1038.png,train,False,
data/training_data/training_data/10380.png,train,False,
data/training_data/training_data/10381.png,train,False,
data/training_data/training_data/10382.png,train,False,
data/training_data/training_data/10383.png,train,False,
data/training_data/training_data/10384.png,train,False,
data/training_data/training_data/10385.png,train,False,
data/training_data/training_data/10386.png,train,False,
data/training_data/training_data/10387.png,train,False,
data/training_data/training_data/10388.png,train,False,
data/training_data/training_data/10389.png,train,False,
data/training_data/training_data/1039.png,train,False,
data/training_data/training_data/10390.png,train,False,
data/training_data/training_data/10391.png,train,False,
data/training_data/training_data/10392.png,train,False,
data/training_data/training_data/10393.png,train,False,
data/training_data/training_data/10394.png,train,False,
data/training_data/training_data/10395.png,train,False,
data/training_data/training_data/10396.png,train,False,
data/training_data/training_data/10397.png,train,False,
data/training_data/training_data/10398.png,train,False,
data/training_data/training_data/10399.png,train,False,
data/training_data/training_data/104.png,train,False,
data/training_data/training_data/1040.png,train,False,
data/training_data/training_data/10400.png,train,False,
data/training_data/training_data/10401.png,train,False,
data/training_data/training_data/10402.png,train,False,
data/training_data/training_data/10403.png,train,False,
data/training_data/training_data/10404.png,train,False,
data/training_data/training_data/10405.png,train,False,
data/training_data/training_data/10406.png,train,False,
data/training_data/training_data/10407.png,train,False,
data/training_data/training_data/10408.png,train,False,
data/training_data/training_data/10409.png,train,False,
data/training_data/training_data/1041.png,train,False,
data/training_data/training_data/10410.png,train,False,
data/training_data/training_data/10411.png,train,False,
data/training_data/training_data/10412.png,train,False,
data/training_data/training_data/10413.png,train,False,
data/training_data/training_data/10414.png,train,False,
data/training_data/training_data/10415.png,train,False,
data/training_data/training_data/10416.png,train,False,
data/training_data/training_data/10417.png,train,False,
data/training_data/training_data/10418.png,train,False,
data/training_data/training_data/10419.png,train,False,
data/training_data/training_data/1042.png,train,False,
data/training_data/training_data/10420.png,train,False,
data/training_data/training_data/10421.png,train,False,
data/training_data/training_data/10422.png,train,False,
data/training_data/training_data/10423.png,train,False,
data/training_data/training_data/10424.png,train,False,
data/training_data/training_data/10425.png,train,False,
data/training_data/training_data/10426.png,train,False,
data/training_data/training_data/10427.png,train,False,
data/training_data/training_data/10428.png,train,False,
data/training_data/training_data/10429.png,train,False,
data/training_data/training_data/1043.png,train,False,
data/training_data/training_data/10430.png,train,False,
data/training_data/training_data/10431.png,train,False,
data/training_data/training_data/10432.png,train,False,
data/training_data/training_data/10433.png,train,False,
data/training_data/training_data/10434.png,train,False,
data/training_data/training_data/10435.png,train,False,
data/training_data/training_data/10436.png,train,False,
data/training_data/training_data/10437.png,train,False,
data/training_data/training_data/10438.png,train,False,
data/training_data/training_data/10439.png,train,False,
data/training_data/training_data/1044.png,train,False,
data/training_data/training_data/10440.png,train,False,
data/training_data/training_data/10441.png,train,False,
data/training_data/training_data/10442.png,train,False,
data/training_data/training_data/10443.png,train,False,
data/training_data/training_data/10444.png,train,False,
data/training_data/training_data/10445.png,train,False,
data/training_data/training_data/10446.png,train,False,
data/training_data/training_data/10447.png,train,False,
data/training_data/training_data/10448.png,train,False,
data/training_data/training_data/10449.png,train,False,
data/training_data/training_data/1045.png,train,False,
data/training_data/training_data/10450.png,train,False,
data/training_data/training_data/10451.png,train,False,
data/training_data/training_data/10452.png,train,False,
data/training_data/training_data/10453.png,train,False,
data/training_data/training_data/10454.png,train,False,
data/training_data/training_data/10455.png,train,False,
data/training_data/training_data/10456.png,train,False,
data/training_data/training_data/10457.png,train,False,
data/training_data/training_data/10458.png,train,False,
data/training_data/training_data/10459.png,train,False,
data/training_data/training_data/1046.png,train,False,
data/training_data/training_data/10460.png,train,False,
data/training_data/training_data/10461.png,train,False,
data/training_data/training_data/10462.png,train,False,
data/training_data/training_data/10463.png,train,False,
data/training_data/training_data/10464.png,train,False,
data/training_data/training_data/10465.png,train,False,
data/training_data/training_data/10466.png,train,False,
data/training_data/training_data/10467.png,train,False,
data/training_data/training_data/10468.png,train,False,
data/training_data/training_data/10469.png,train,False,
data/training_data/training_data/1047.png,train,False,
data/training_data/training_data/10470.png,train,False,
data/training_data/training_data/10471.png,train,False,
data/training_data/training_data/10472.png,train,False,
data/training_data/training_data/10473.png,train,False,
data/training_data/training_data/10474.png,train,False,
data/training_data/training_data/10475.png,train,False,
data/training_data/training_data/10476.png,train,False,
data/training_data/training_data/10477.png,train,False,
data/training_data/training_data/10478.png,train,False,
data/training_data/training_data/10479.png,train,False,
data/training_data/training_data/1048.png,train,False,
data/training_data/training_data/10480.png,train,False,
data/training_data/training_data/10481.png,train,False,
data/training_data/training_data/10482.png,train,False,
data/training_data/training_data/10483.png,train,False,
data/training_data/training_data/10484.png,train,False,
data/training_data/training_data/10485.png,train,False,
data/training_data/training_data/10486.png,train,False,
data/training_data/training_data/10487.png,train,False,
data/training_data/training_data/10488.png,train,False,
data/training_data/training_data/10489.png,train,False,
data/training_data/training_data/1049.png,train,False,
data/training_data/training_data/10490.png,train,False,
data/training_data/training_data/10491.png,train,False,
data/training_data/training_data/10492.png,train,False,
data/training_data/training_data/10493.png,train,False,
data/training_data/training_data/10494.png,train,False,
data/training_data/training_data/10495.png,train,False,
data/training_data/training_data/10496.png,train,False,
data/training_data/training_data/10497.png,train,False,
data/training_data/training_data/10498.png,train,False,
data/training_data/training_data/10499.png,train,False,
data/training_data/training_data/105.png,train,False,
data/training_data/training_data/1050.png,train,False,
data/training_data/training_data/10500.png,train,False,
data/training_data/training_data/10501.png,train,False,
data/training_data/training_data/10502.png,train,False,
data/training_data/training_data/10503.png,train,False,
data/training_data/training_data/10504.png,train,False,
data/training_data/training_data/10505.png,train,False,
data/training_data/training_data/10506.png,train,False,
data/training_data/training_data/10507.png,train,False,
data/training_data/training_data/10508.png,train,False,
data/training_data/training_data/10509.png,train,False,
data/training_data/training_data/1051.png,train,False,
data/training_data/training_data/10510.png,train,False,
data/training_data/training_data/10511.png,train,False,
data/training_data/training_data/10512.png,train,False,
data/training_data/training_data/10513.png,train,False,
data/training_data/training_data/10514.png,train,False,
data/training_data/training_data/10515.png,train,False,
data/training_data/training_data/10516.png,train,False,
data/training_data/training_data/10517.png,train,False,
data/training_data/training_data/10518.png,train,False,
data/training_data/training_data/10519.png,train,False,
data/training_data/training_data/1052.png,train,False,
data/training_data/training_data/10520.png,train,False,
data/training_data/training_data/10521.png,train,False,
data/training_data/training_data/10522.png,train,False,
data/training_data/training_data/10523.png,train,False,
data/training_data/training_data/10524.png,train,False,
data/training_data/training_data/10525.png,train,False,
data/training_data/training_data/10526.png,train,False,
data/training_data/training_data/10527.png,train,False,
data/training_data/training_data/10528.png,train,False,
data/training_data/training_data/10529.png,train,False,
data/training_data/training_data/1053.png,train,False,
data/training_data/training_data/10530.png,train,False,
data/training_data/training_data/10531.png,train,False,
data/training_data/training_data/10532.png,train,False,
data/training_data/training_data/10533.png,train,False,
data/training_data/training_data/10534.png,train,False,
data/training_data/training_data/10535.png,train,False,
data/training_data/training_data/10536.png,train,False,
data/training_data/training_data/10537.png,train,False,
data/training_data/training_data/10538.png,train,False,
data/training_data/training_data/10539.png,train,False,
data/training_data/training_data/1054.png,train,False,
data/training_data/training_data/10540.png,train,False,
data/training_data/training_data/10541.png,train,False,
data/training_data/training_data/10542.png,train,False,
data/training_data/training_data/10543.png,train,False,
data/training_data/training_data/10544.png,train,False,
data/training_data/training_data/10545.png,train,False,
data/training_data/training_data/10546.png,train,False,
data/training_data/training_data/10547.png,train,False,
data/training_data/training_data/10548.png,train,False,
data/training_data/training_data/10549.png,train,False,
data/training_data/training_data/1055.png,train,False,
data/training_data/training_data/10550.png,train,False,
data/training_data/training_data/10551.png,train,False,
data/training_data/training_data/10552.png,train,False,
data/training_data/training_data/10553.png,train,False,
data/training_data/training_data/10554.png,train,False,
data/training_data/training_data/10555.png,train,False,
data/training_data/training_data/10556.png,train,False,
data/training_data/training_data/10557.png,train,False,
data/training_data/training_data/10558.png,train,False,
data/training_data/training_data/10559.png,train,False,
data/training_data/training_data/1056.png,train,False,
data/training_data/training_data/10560.png,train,False,
data/training_data/training_data/10561.png,train,False,
data/training_data/training_data/10562.png,train,False,
data/training_data/training_data/10563.png,train,False,
data/training_data/training_data/10564.png,train,False,
data/training_data/training_data/10565.png,train,False,
data/training_data/training_data/10566.png,train,False,
data/training_data/training_data/10567.png,train,False,
data/training_data/training_data/10568.png,train,False,
data/training_data/training_data/10569.png,train,False,
data/training_data/training_data/1057.png,train,False,
data/training_data/training_data/10570.png,train,False,
data/training_data/training_data/10571.png,train,False,
data/training_data/training_data/10572.png,train,False,
data/training_data/training_data/10573.png,train,False,
data/training_data/training_data/10574.png,train,False,
data/training_data/training_data/10575.png,train,False,
data/training_data/training_data/10576.png,train,False,
data/training_data/training_data/10577.png,train,False,
data/training_data/training_data/10578.png,train,False,
data/training_data/training_data/10579.png,train,False,
data/training_data/training_data/1058.png,train,False,
data/training_data/training_data/10580.png,train,False,
data/training_data/training_data/10581.png,train,False,
data/training_data/training_data/10582.png,train,False,
data/training_data/training_data/10583.png,train,False,
data/training_data/training_data/10584.png,train,False,
data/training_data/training_data/10585.png,train,False,
data/training_data/training_data/10586.png,train,False,
data/training_data/training_data/10587.png,train,False,
data/training_data/training_data/10588.png,train,False,
data/training_data/training_data/10589.png,train,False,
data/training_data/training_data/1059.png,train,False,
data/training_data/training_data/10590.png,train,False,
data/training_data/training_data/10591.png,train,False,
data/training_data/training_data/10592.png,train,False,
data/training_data/training_data/10593.png,train,False,
data/training_data/training_data/10594.png,train,False,
data/training_data/training_data/10595.png,train,False,
data/training_data/training_data/10596.png,train,False,
data/training_data/training_data/10597.png,train,False,
data/training_data/training_data/10598.png,train,False,
data/training_data/training_data/10599.png,train,False,
data/training_data/training_data/106.png,train,False,
data/training_data/training_data/1060.png,train,False,
data/training_data/training_data/10600.png,train,False,
data/training_data/training_data/10601.png,train,False,
data/training_data/training_data/10602.png,train,False,
data/training_data/training_data/10603.png,train,False,
data/training_data/training_data/10604.png,train,False,
data/training_data/training_data/10605.png,train,False,
data/training_data/training_data/10606.png,train,False,
data/training_data/training_data/10607.png,train,False,
data/training_data/training_data/10608.png,train,False,
data/training_data/training_data/10609.png,train,False,
data/training_data/training_data/1061.png,train,False,
data/training_data/training_data/10610.png,train,False,
data/training_data/training_data/10611.png,train,False,
data/training_data/training_data/10612.png,train,False,
data/training_data/training_data/10613.png,train,False,
data/training_data/training_data/10614.png,train,False,
data/training_data/training_data/10615.png,train,False,
data/training_data/training_data/10616.png,train,False,
data/training_data/training_data/10617.png,train,False,
data/training_data/training_data/10618.png,train,False,
data/training_data/training_data/10619.png,train,False,
data/training_data/training_data/1062.png,train,False,
data/training_data/training_data/10620.png,train,False,
data/training_data/training_data/10621.png,train,False,
data/training_data/training_data/10622.png,train,False,
data/training_data/training_data/10623.png,train,False,
data/training_data/training_data/10624.png,train,False,
data/training_data/training_data/10625.png,train,False,
data/training_data/training_data/10626.png,train,False,
data/training_data/training_data/10627.png,train,False,
data/training_data/training_data/10628.png,train,False,
data/training_data/training_data/10629.png,train,False,
data/training_data/training_data/1063.png,train,False,
data/training_data/training_data/10630.png,train,False,
data/training_data/training_data/10631.png,train,False,
data/training_data/training_data/10632.png,train,False,
data/training_data/training_data/10633.png,train,False,
data/training_data/training_data/10634.png,train,False,
data/training_data/training_data/10635.png,train,False,
data/training_data/training_data/10636.png,train,False,
data/training_data/training_data/10637.png,train,False,
data/training_data/training_data/10638.png,train,False,
data/training_data/training_data/10639.png,train,False,
data/training_data/training_data/1064.png,train,False,
data/training_data/training_data/10640.png,train,False,
data/training_data/training_data/10641.png,train,False,
data/training_data/training_data/10642.png,train,False,
data/training_data/training_data/10643.png,train,False,
data/training_data/training_data/10644.png,train,False,
data/training_data/training_data/10645.png,train,False,
data/training_data/training_data/10646.png,train,False,
data/training_data/training_data/10647.png,train,False,
data/training_data/training_data/10648.png,train,False,
data/training_data/training_data/10649.png,train,False,
data/training_data/training_data/1065.png,train,False,
data/training_data/training_data/10650.png,train,False,
data/training_data/training_data/10651.png,train,False,
data/training_data/training_data/10652.png,train,False,
data/training_data/training_data/10653.png,train,False,
data/training_data/training_data/10654.png,train,False,
data/training_data/training_data/10655.png,train,False,
data/training_data/training_data/10656.png,train,False,
data/training_data/training_data/10657.png,train,False,
data/training_data/training_data/10658.png,train,False,
data/training_data/training_data/10659.png,train,False,
data/training_data/training_data/1066.png,train,False,
data/training_data/training_data/10660.png,train,False,
data/training_data/training_data/10661.png,train,False,
data/training_data/training_data/10662.png,train,False,
data/training_data/training_data/10663.png,train,False,
data/training_data/training_data/10664.png,train,False,
data/training_data/training_data/10665.png,train,False,
data/training_data/training_data/10666.png,train,False,
data/training_data/training_data/10667.png,train,False,
data/training_data/training_data/10668.png,train,False,
data/training_data/training_data/10669.png,train,False,
data/training_data/training_data/1067.png,train,False,
data/training_data/training_data/10670.png,train,False,
data/training_data/training_data/10671.png,train,False,
data/training_data/training_data/10672.png,train,False,
data/training_data/training_data/10673.png,train,False,
data/training_data/training_data/10674.png,train,False,
data/training_data/training_data/10675.png,train,False,
data/training_data/training_data/10676.png,train,False,
data/training_data/training_data/10677.png,train,False,
data/training_data/training_data/10678.png,train,False,
data/training_data/training_data/10679.png,train,False,
data/training_data/training_data/1068.png,train,False,
data/training_data/training_data/10680.png,train,False,
data/training_data/training_data/10681.png,train,False,
data/training_data/training_data/10682.png,train,False,
data/training_data/training_data/10683.png,train,False,
data/training_data/training_data/10684.png,train,False,
data/training_data/training_data/10685.png,train,False,
data/training_data/training_data/10686.png,train,False,
data/training_data/training_data/10687.png,train,False,
data/training_data/training_data/10688.png,train,False,
data/training_data/training_data/10689.png,train,False,
data/training_data/training_data/1069.png,train,False,
data/training_data/training_data/10690.png,train,False,
data/training_data/training_data/10691.png,train,False,
data/training_data/training_data/10692.png,train,False,
data/training_data/training_data/10693.png,train,False,
data/training_data/training_data/10694.png,train,False,
data/training_data/training_data/10695.png,train,False,
data/training_data/training_data/10696.png,train,False,
data/training_data/training_data/10697.png,train,False,
data/training_data/training_data/10698.png,train,False,
data/training_data/training_data/10699.png,train,False,
data/training_data/training_data/107.png,train,False,
data/training_data/training_data/1070.png,train,False,
data/training_data/training_data/10700.png,train,False,
data/training_data/training_data/10701.png,train,False,
data/training_data/training_data/10702.png,train,False,
data/training_data/training_data/10703.png,train,False,
data/training_data/training_data/10704.png,train,False,
data/training_data/training_data/10705.png,train,False,
data/training_data/training_data/10706.png,train,False,
data/training_data/training_data/10707.png,train,False,
data/training_data/training_data/10708.png,train,False,
data/training_data/training_data/10709.png,train,False,
data/training_data/training_data/1071.png,train,False,
data/training_data/training_data/10710.png,train,False,
data/training_data/training_data/10711.png,train,False,
data/training_data/training_data/10712.png,train,False,
data/training_data/training_data/10713.png,train,False,
data/training_data/training_data/10714.png,train,False,
data/training_data/training_data/10715.png,train,False,
data/training_data/training_data/10716.png,train,False,
data/training_data/training_data/10717.png,train,False,
data/training_data/training_data/10718.png,train,False,
data/training_data/training_data/10719.png,train,False,
data/training_data/training_data/1072.png,train,False,
data/training_data/training_data/10720.png,train,False,
data/training_data/training_data/10721.png,train,False,
data/training_data/training_data/10722.png,train,False,
data/training_data/training_data/10723.png,train,False,
data/training_data/training_data/10724.png,train,False,
data/training_data/training_data/10725.png,train,False,
data/training_data/training_data/10726.png,train,False,
data/training_data/training_data/10727.png,train,False,
data/training_data/training_data/10728.png,train,False,
data/training_data/training_data/10729.png,train,False,
data/training_data/training_data/1073.png,train,False,
data/training_data/training_data/10730.png,train,False,
data/training_data/training_data/10731.png,train,False,
data/training_data/training_data/10732.png,train,False,
data/training_data/training_data/10733.png,train,False,
data/training_data/training_data/10734.png,train,False,
data/training_data/training_data/10735.png,train,False,
data/training_data/training_data/10736.png,train,False,
data/training_data/training_data/10737.png,train,False,
data/training_data/training_data/10738.png,train,False,
data/training_data/training_data/10739.png,train,False,
data/training_data/training_data/1074.png,train,False,
data/training_data/training_data/10740.png,train,False,
data/training_data/training_data/10741.png,train,False,
data/training_data/training_data/10742.png,train,False,
data/training_data/training_data/10743.png,train,False,
data/training_data/training_data/10744.png,train,False,
data/training_data/training_data/10745.png,train,False,
data/training_data/training_data/10746.png,train,False,
data/training_data/training_data/10747.png,train,False,
data/training_data/training_data/10748.png,train,False,
data/training_data/training_data/10749.png,train,False,
data/training_data/training_data/1075.png,train,False,
data/training_data/training_data/10750.png,train,False,
data/training_data/training_data/10751.png,train,False,
data/training_data/training_data/10752.png,train,False,
data/training_data/training_data/10753.png,train,False,
data/training_data/training_data/10754.png,train,False,
data/training_data/training_data/10755.png,train,False,
data/training_data/training_data/10756.png,train,False,
data/training_data/training_data/10757.png,train,False,
data/training_data/training_data/10758.png,train,False,
data/training_data/training_data/10759.png,train,False,
data/training_data/training_data/1076.png,train,False,
data/training_data/training_data/10760.png,train,False,
data/training_data/training_data/10761.png,train,False,
data/training_data/training_data/10762.png,train,False,
data/training_data/training_data/10763.png,train,False,
data/training_data/training_data/10764.png,train,False,
data/training_data/training_data/10765.png,train,False,
data/training_data/training_data/10766.png,train,False,
data/training_data/training_data/10767.png,train,False,
data/training_data/training_data/10768.png,train,False,
data/training_data/training_data/10769.png,train,False,
data/training_data/training_data/1077.png,train,False,
data/training_data/training_data/10770.png,train,False,
data/training_data/training_data/10771.png,train,False,
data/training_data/training_data/10772.png,train,False,
data/training_data/training_data/10773.png,train,False,
data/training_data/training_data/10774.png,train,False,
data/training_data/training_data/10775.png,train,False,
data/training_data/training_data/10776.png,train,False,
data/training_data/training_data/10777.png,train,False,
data/training_data/training_data/10778.png,train,False,
data/training_data/training_data/10779.png,train,False,
data/training_data/training_data/1078.png,train,False,
data/training_data/training_data/10780.png,train,False,
data/training_data/training_data/10781.png,train,False,
data/training_data/training_data/10782.png,train,False,
data/training_data/training_data/10783.png,train,False,
data/training_data/training_data/10784.png,train,False,
data/training_data/training_data/10785.png,train,False,
data/training_data/training_data/10786.png,train,False,
data/training_data/training_data/10787.png,train,False,
data/training_data/training_data/10788.png,train,False,
data/training_data/training_data/10789.png,train,False,
data/training_data/training_data/1079.png,train,False,
data/training_data/training_data/10790.png,train,False,
data/training_data/training_data/10791.png,train,False,
data/training_data/training_data/10792.png,train,False,
data/training_data/training_data/10793.png,train,False,
data/training_data/training_data/10794.png,train,False,
data/training_data/training_data/10795.png,train,False,
data/training_data/training_data/10796.png,train,False,
data/training_data/training_data/10797.png,train,False,
data/training_data/training_data/10798.png,train,False,
data/training_data/training_data/10799.png,train,False,
data/training_data/training_data/108.png,train,False,
data/training_data/training_data/1080.png,train,False,
data/training_data/training_data/10800.png,train,False,
data/training_data/training_data/10801.png,train,False,
data/training_data/training_data/10802.png,train,False,
data/training_data/training_data/10803.png,train,False,
data/training_data/training_data/10804.png,train,False,
data/training_data/training_data/10805.png,train,False,
data/training_data/training_data/10806.png,train,False,
data/training_data/training_data/10807.png,train,False,
data/training_data/training_data/10808.png,train,False,
data/training_data/training_data/10809.png,train,False,
data/training_data/training_data/1081.png,train,False,
data/training_data/training_data/10810.png,train,False,
data/training_data/training_data/10811.png,train,False,
data/training_data/training_data/10812.png,train,False,
data/training_data/training_data/10813.png,train,False,
data/training_data/training_data/10814.png,train,False,
data/training_data/training_data/10815.png,train,False,
data/training_data/training_data/10816.png,train,False,
data/training_data/training_data/10817.png,train,False,
data/training_data/training_data/10818.png,train,False,
data/training_data/training_data/10819.png,train,False,
data/training_data/training_data/1082.png,train,False,
data/training_data/training_data/10820.png,train,False,
data/training_data/training_data/10821.png,train,False,
data/training_data/training_data/10822.png,train,False,
data/training_data/training_data/10823.png,train,False,
data/training_data/training_data/10824.png,train,False,
data/training_data/training_data/10825.png,train,False,
data/training_data/training_data/10826.png,train,False,
data/training_data/training_data/10827.png,train,False,
data/training_data/training_data/10828.png,train,False,
data/training_data/training_data/10829.png,train,False,
data/training_data/training_data/1083.png,train,False,
data/training_data/training_data/10830.png,train,False,
data/training_data/training_data/10831.png,train,False,
data/training_data/training_data/10832.png,train,False,
data/training_data/training_data/10833.png,train,False,
data/training_data/training_data/10834.png,train,False,
data/training_data/training_data/10835.png,train,False,
data/training_data/training_data/10836.png,train,False,
data/training_data/training_data/10837.png,train,False,
data/training_data/training_data/10838.png,train,False,
data/training_data/training_data/10839.png,train,False,
data/training_data/training_data/1084.png,train,False,
data/training_data/training_data/10840.png,train,False,
data/training_data/training_data/10841.png,train,False,
data/training_data/training_data/10842.png,train,False,
data/training_data/training_data/10843.png,train,False,
data/training_data/training_data/10844.png,train,False,
data/training_data/training_data/10845.png,train,False,
data/training_data/training_data/10846.png,train,False,
data/training_data/training_data/10847.png,train,False,
data/training_data/training_data/10848.png,train,False,
data/training_data/training_data/10849.png,train,False,
data/training_data/training_data/1085.png,train,False,
data/training_data/training_data/10850.png,train,False,
data/training_data/training_data/10851.png,train,False,
data/training_data/training_data/10852.png,train,False,
data/training_data/training_data/10853.png,train,False,
data/training_data/training_data/10854.png,train,False,
data/training_data/training_data/10855.png,train,False,
data/training_data/training_data/10856.png,train,False,
data/training_data/training_data/10857.png,train,False,
data/training_data/training_data/10858.png,train,False,
data/training_data/training_data/10859.png,train,False,
data/training_data/training_data/1086.png,train,False,
data/training_data/training_data/10860.png,train,False,
data/training_data/training_data/10861.png,train,False,
data/training_data/training_data/10862.png,train,False,
data/training_data/training_data/10863.png,train,False,
data/training_data/training_data/10864.png,train,False,
data/training_data/training_data/10865.png,train,False,
data/training_data/training_data/10866.png,train,False,
data/training_data/training_data/10867.png,train,False,
data/training_data/training_data/10868.png,train,False,
data/training_data/training_data/10869.png,train,False,
data/training_data/training_data/1087.png,train,False,
data/training_data/training_data/10870.png,train,False,
data/training_data/training_data/10871.png,train,False,
data/training_data/training_data/10872.png,train,False,
data/training_data/training_data/10873.png,train,False,
data/training_data/training_data/10874.png,train,False,
data/training_data/training_data/10875.png,train,False,
data/training_data/training_data/10876.png,train,False,
data/training_data/training_data/10877.png,train,False,
data/training_data/training_data/10878.png,train,False,
data/training_data/training_data/10879.png,train,False,
data/training_data/training_data/1088.png,train,False,
data/training_data/training_data/10880.png,train,False,
data/training_data/training_data/10881.png,train,False,
data/training_data/training_data/10882.png,train,False,
data/training_data/training_data/10883.png,train,False,
data/training_data/training_data/10884.png,train,False,
data/training_data/training_data/10885.png,train,False,
data/training_data/training_data/10886.png,train,False,
data/training_data/training_data/10887.png,train,False,
data/training_data/training_data/10888.png,train,False,
data/training_data/training_data/10889.png,train,False,
data/training_data/training_data/1089.png,train,False,
data/training_data/training_data/10890.png,train,False,
data/training_data/training_data/10891.png,train,False,
data/training_data/training_data/10892.png,train,False,
data/training_data/training_data/10893.png,train,False,
data/training_data/training_data/10894.png,train,False,
data/training_data/training_data/10895.png,train,False,
data/training_data/training_data/10896.png,train,False,
data/training_data/training_data/10897.png,train,False,
data/training_data/training_data/10898.png,train,False,
data/training_data/training_data/10899.png,train,False,
data/training_data/training_data/109.png,train,False,
data/training_data/training_data/1090.png,train,False,
data/training_data/training_data/10900.png,train,False,
data/training_data/training_data/10901.png,train,False,
data/training_data/training_data/10902.png,train,False,
data/training_data/training_data/10903.png,train,False,
data/training_data/training_data/10904.png,train,False,
data/training_data/training_data/10905.png,train,False,
data/training_data/training_data/10906.png,train,False,
data/training_data/training_data/10907.png,train,False,
data/training_data/training_data/10908.png,train,False,
data/training_data/training_data/10909.png,train,False,
data/training_data/training_data/1091.png,train,False,
data/training_data/training_data/10910.png,train,False,
data/training_data/training_data/10911.png,train,False,
data/training_data/training_data/10912.png,train,False,
data/training_data/training_data/10913.png,train,False,
data/training_data/training_data/10914.png,train,False,
data/training_data/training_data/10915.png,train,False,
data/training_data/training_data/10916.png,train,False,
data/training_data/training_data/10917.png,train,False,
data/training_data/training_data/10918.png,train,False,
data/training_data/training_data/10919.png,train,False,
data/training_data/training_data/1092.png,train,False,
data/training_data/training_data/10920.png,train,False,
data/training_data/training_data/10921.png,train,False,
data/training_data/training_data/10922.png,train,False,
data/training_data/training_data/10923.png,train,False,
data/training_data/training_data/10924.png,train,False,
data/training_data/training_data/10925.png,train,False,
data/training_data/training_data/10926.png,train,False,
data/training_data/training_data/10927.png,train,False,
data/training_data/training_data/10928.png,train,False,
data/training_data/training_data/10929.png,train,False,
data/training_data/training_data/1093.png,train,False,
data/training_data/training_data/10930.png,train,False,
data/training_data/training_data/10931.png,train,False,
data/training_data/training_data/10932.png,train,False,
data/training_data/training_data/10933.png,train,False,
data/training_data/training_data/10934.png,train,False,
data/training_data/training_data/10935.png,train,False,
data/training_data/training_data/10936.png,train,False,
data/training_data/training_data/10937.png,train,False,
data/training_data/training_data/10938.png,train,False,
data/training_data/training_data/10939.png,train,False,
data/training_data/training_data/1094.png,train,False,
data/training_data/training_data/10940.png,train,False,
data/training_data/training_data/10941.png,train,False,
data/training_data/training_data/10942.png,train,False,
data/training_data/training_data/10943.png,train,False,
data/training_data/training_data/10944.png,train,False,
data/training_data/training_data/10945.png,train,False,
data/training_data/training_data/10946.png,train,False,
data/training_data/training_data/10947.png,train,False,
data/training_data/training_data/10948.png,train,False,
data/training_data/training_data/10949.png,train,False,
data/training_data/training_data/1095.png,train,False,
data/training_data/training_data/10950.png,train,False,
data/training_data/training_data/10951.png,train,False,
data/training_data/training_data/10952.png,train,False,
data/training_data/training_data/10953.png,train,False,
data/training_data/training_data/10954.png,train,False,
data/training_data/training_data/10955.png,train,False,
data/training_data/training_data/10956.png,train,False,
data/training_data/training_data/10957.png,train,False,
data/training_data/training_data/10958.png,train,False,
data/training_data/training_data/10959.png,train,False,
data/training_data/training_data/1096.png,train,False,
data/training_data/training_data/10960.png,train,False,
data/training_data/training_data/10961.png,train,False,
data/training_data/training_data/10962.png,train,False,
data/training_data/training_data/10963.png,train,False,
data/training_data/training_data/10964.png,train,False,
data/training_data/training_data/10965.png,train,False,
data/training_data/training_data/10966.png,train,False,
data/training_data/training_data/10967.png,train,False,
data/training_data/training_data/10968.png,train,False,
data/training_data/training_data/10969.png,train,False,
data/training_data/training_data/1097.png,train,False,
data/training_data/training_data/10970.png,train,False,
data/training_data/training_data/10971.png,train,False,
data/training_data/training_data/10972.png,train,False,
data/training_data/training_data/10973.png,train,False,
data/training_data/training_data/10974.png,train,False,
data/training_data/training_data/10975.png,train,False,
data/training_data/training_data/10976.png,train,False,
data/training_data/training_data/10977.png,train,False,
data/training_data/training_data/10978.png,train,False,
data/training_data/training_data/10979.png,train,False,
data/training_data/training_data/1098.png,train,False,
data/training_data/training_data/10980.png,train,False,
data/training_data/training_data/10981.png,train,False,
data/training_data/training_data/10982.png,train,False,
data/training_data/training_data/10983.png,train,False,
data/training_data/training_data/10984.png,train,False,
data/training_data/training_data/10985.png,train,False,
data/training_data/training_data/10986.png,train,False,
data/training_data/training_data/10987.png,train,False,
data/training_data/training_data/10988.png,train,False,
data/training_data/training_data/10989.png,train,False,
data/training_data/training_data/1099.png,train,False,
data/training_data/training_data/10990.png,train,False,
data/training_data/training_data/10991.png,train,False,
data/training_data/training_data/10992.png,train,False,
data/training_data/training_data/10993.png,train,False,
data/training_data/training_data/10994.png,train,False,
data/training_data/training_data/10995.png,train,False,
data/training_data/training_data/10996.png,train,False,
data/training_data/training_data/10997.png,train,False,
data/training_data/training_data/10998.png,train,False,
data/training_data/training_data/10999.png,train,False,
data/training_data/training_data/11.png,train,False,
data/training_data/training_data/110.png,train,False,
data/training_data/training_data/1100.png,train,False,
data/training_data/training_data/11000.png,train,False,
data/training_data/training_data/11001.png,train,False,
data/training_data/training_data/11002.png,train,False,
data/training_data/training_data/11003.png,train,False,
data/training_data/training_data/11004.png,train,False,
data/training_data/training_data/11005.png,train,False,
data/training_data/training_data/11006.png,train,False,
data/training_data/training_data/11007.png,train,False,
data/training_data/training_data/11008.png,train,False,
data/training_data/training_data/11009.png,train,False,
data/training_data/training_data/1101.png,train,False,
data/training_data/training_data/11010.png,train,False,
data/training_data/training_data/11011.png,train,False,
data/training_data/training_data/11012.png,train,False,
data/training_data/training_data/11013.png,train,False,
data/training_data/training_data/11014.png,train,False,
data/training_data/training_data/11015.png,train,False,
data/training_data/training_data/11016.png,train,False,
data/training_data/training_data/11017.png,train,False,
data/training_data/training_data/11018.png,train,False,
data/training_data/training_data/11019.png,train,False,
data/training_data/training_data/1102.png,train,False,
data/training_data/training_data/11020.png,train,False,
data/training_data/training_data/11021.png,train,False,
data/training_data/training_data/11022.png,train,False,
data/training_data/training_data/11023.png,train,False,
data/training_data/training_data/11024.png,train,False,
data/training_data/training_data/11025.png,train,False,
data/training_data/training_data/11026.png,train,False,
data/training_data/training_data/11027.png,train,False,
data/training_data/training_data/11028.png,train,False,
data/training_data/training_data/11029.png,train,False,
data/training_data/training_data/1103.png,train,False,
data/training_data/training_data/11030.png,train,False,
data/training_data/training_data/11031.png,train,False,
data/training_data/training_data/11032.png,train,False,
data/training_data/training_data/11033.png,train,False,
data/training_data/training_data/11034.png,train,False,
data/training_data/training_data/11035.png,train,False,
data/training_data/training_data/11036.png,train,False,
data/training_data/training_data/11037.png,train,False,
data/training_data/training_data/11038.png,train,False,
data/training_data/training_data/11039.png,train,False,
data/training_data/training_data/1104.png,train,False,
data/training_data/training_data/11040.png,train,False,
data/training_data/training_data/11041.png,train,False,
data/training_data/training_data/11042.png,train,False,
data/training_data/training_data/11043.png,train,False,
data/training_data/training_data/11044.png,train,False,
data/training_data/training_data/11045.png,train,False,
data/training_data/training_data/11046.png,train,False,
data/training_data/training_data/11047.png,train,False,
data/training_data/training_data/11048.png,train,False,
data/training_data/training_data/11049.png,train,False,
data/training_data/training_data/1105.png,train,False,
data/training_data/training_data/11050.png,train,False,
data/training_data/training_data/11051.png,train,False,
data/training_data/training_data/11052.png,train,False,
data/training_data/training_data/11053.png,train,False,
data/training_data/training_data/11054.png,train,False,
data/training_data/training_data/11055.png,train,False,
data/training_data/training_data/11056.png,train,False,
data/training_data/training_data/11057.png,train,False,
data/training_data/training_data/11058.png,train,False,
data/training_data/training_data/11059.png,train,False,
data/training_data/training_data/1106.png,train,False,
data/training_data/training_data/11060.png,train,False,
data/training_data/training_data/11061.png,train,False,
data/training_data/training_data/11062.png,train,False,
data/training_data/training_data/11063.png,train,False,
data/training_data/training_data/11064.png,train,False,
data/training_data/training_data/11065.png,train,False,
data/training_data/training_data/11066.png,train,False,
data/training_data/training_data/11067.png,train,False,
data/training_data/training_data/11068.png,train,False,
data/training_data/training_data/11069.png,train,False,
data/training_data/training_data/1107.png,train,False,
data/training_data/training_data/11070.png,train,False,
data/training_data/training_data/11071.png,train,False,
data/training_data/training_data/11072.png,train,False,
data/training_data/training_data/11073.png,train,False,
data/training_data/training_data/11074.png,train,False,
data/training_data/training_data/11075.png,train,False,
data/training_data/training_data/11076.png,train,False,
data/training_data/training_data/11077.png,train,False,
data/training_data/training_data/11078.png,train,False,
data/training_data/training_data/11079.png,train,False,
data/training_data/training_data/1108.png,train,False,
data/training_data/training_data/11080.png,train,False,
data/training_data/training_data/11081.png,train,False,
data/training_data/training_data/11082.png,train,False,
data/training_data/training_data/11083.png,train,False,
data/training_data/training_data/11084.png,train,False,
data/training_data/training_data/11085.png,train,False,
data/training_data/training_data/11086.png,train,False,
data/training_data/training_data/11087.png,train,False,
data/training_data/training_data/11088.png,train,False,
data/training_data/training_data/11089.png,train,False,
data/training_data/training_data/1109.png,train,False,
data/training_data/training_data/11090.png,train,False,
data/training_data/training_data/11091.png,train,False,
data/training_data/training_data/11092.png,train,False,
data/training_data/training_data/11093.png,train,False,
data/training_data/training_data/11094.png,train,False,
data/training_data/training_data/11095.png,train,False,
data/training_data/training_data/11096.png,train,False,
data/training_data/training_data/11097.png,train,False,
data/training_data/training_data/11098.png,train,False,
data/training_data/training_data/11099.png,train,False,
data/training_data/training_data/111.png,train,False,
data/training_data/training_data/1110.png,train,False,
data/training_data/training_data/11100.png,train,False,
data/training_data/training_data/11101.png,train,False,
data/training_data/training_data/11102.png,train,False,
data/training_data/training_data/11103.png,train,False,
data/training_data/training_data/11104.png,train,False,
data/training_data/training_data/11105.png,train,False,
data/training_data/training_data/11106.png,train,False,
data/training_data/training_data/11107.png,train,False,
data/training_data/training_data/11108.png,train,False,
data/training_data/training_data/11109.png,train,False,
data/training_data/training_data/1111.png,train,False,
data/training_data/training_data/11110.png,train,False,
data/training_data/training_data/11111.png,train,False,
data/training_data/training_data/11112.png,train,False,
data/training_data/training_data/11113.png,train,False,
data/training_data/training_data/11114.png,train,False,
data/training_data/training_data/11115.png,train,False,
data/training_data/training_data/11116.png,train,False,
data/training_data/training_data/11117.png,train,False,
data/training_data/training_data/11118.png,train,False,
data/training_data/training_data/11119.png,train,False,
data/training_data/training_data/1112.png,train,False,
data/training_data/training_data/11120.png,train,False,
data/training_data/training_data/11121.png,train,False,
data/training_data/training_data/11122.png,train,False,
data/training_data/training_data/11123.png,train,False,
data/training_data/training_data/11124.png,train,False,
data/training_data/training_data/11125.png,train,False,
data/training_data/training_data/11126.png,train,False,
data/training_data/training_data/11127.png,train,False,
data/training_data/training_data/11128.png,train,False,
data/training_data/training_data/11129.png,train,False,
data/training_data/training_data/1113.png,train,False,
data/training_data/training_data/11130.png,train,False,
data/training_data/training_data/11131.png,train,False,
data/training_data/training_data/11132.png,train,False,
data/training_data/training_data/11133.png,train,False,
data/training_data/training_data/11134.png,train,False,
data/training_data/training_data/11135.png,train,False,
data/training_data/training_data/11136.png,train,False,
data/training_data/training_data/11137.png,train,False,
data/training_data/training_data/11138.png,train,False,
data/training_data/training_data/11139.png,train,False,
data/training_data/training_data/1114.png,train,False,
data/training_data/training_data/11140.png,train,False,
data/training_data/training_data/11141.png,train,False,
data/training_data/training_data/11142.png,train,False,
data/training_data/training_data/11143.png,train,False,
data/training_data/training_data/11144.png,train,False,
data/training_data/training_data/11145.png,train,False,
data/training_data/training_data/11146.png,train,False,
data/training_data/training_data/11147.png,train,False,
data/training_data/training_data/11148.png,train,False,
data/training_data/training_data/11149.png,train,False,
data/training_data/training_data/1115.png,train,False,
data/training_data/training_data/11150.png,train,False,
data/training_data/training_data/11151.png,train,False,
data/training_data/training_data/11152.png,train,False,
data/training_data/training_data/11153.png,train,False,
data/training_data/training_data/11154.png,train,False,
data/training_data/training_data/11155.png,train,False,
data/training_data/training_data/11156.png,train,False,
data/training_data/training_data/11157.png,train,False,
data/training_data/training_data/11158.png,train,False,
data/training_data/training_data/11159.png,train,False,
data/training_data/training_data/1116.png,train,False,
data/training_data/training_data/11160.png,train,False,
data/training_data/training_data/11161.png,train,False,
data/training_data/training_data/11162.png,train,False,
data/training_data/training_data/11163.png,train,False,
data/training_data/training_data/11164.png,train,False,
data/training_data/training_data/11165.png,train,False,
data/training_data/training_data/11166.png,train,False,
data/training_data/training_data/11167.png,train,False,
data/training_data/training_data/11168.png,train,False,
data/training_data/training_data/11169.png,train,False,
data/training_data/training_data/1117.png,train,False,
data/training_data/training_data/11170.png,train,False,
data/training_data/training_data/11171.png,train,False,
data/training_data/training_data/11172.png,train,False,
data/training_data/training_data/11173.png,train,False,
data/training_data/training_data/11174.png,train,False,
data/training_data/training_data/11175.png,train,False,
data/training_data/training_data/11176.png,train,False,
data/training_data/training_data/11177.png,train,False,
data/training_data/training_data/11178.png,train,False,
data/training_data/training_data/11179.png,train,False,
data/training_data/training_data/1118.png,train,False,
data/training_data/training_data/11180.png,train,False,
data/training_data/training_data/11181.png,train,False,
data/training_data/training_data/11182.png,train,False,
data/training_data/training_data/11183.png,train,False,
data/training_data/training_data/11184.png,train,False,
data/training_data/training_data/11185.png,train,False,
data/training_data/training_data/11186.png,train,False,
data/training_data/training_data/11187.png,train,False,
data/training_data/training_data/11188.png,train,False,
data/training_data/training_data/11189.png,train,False,
data/training_data/training_data/1119.png,train,False,
data/training_data/training_data/11190.png,train,False,
data/training_data/training_data/11191.png,train,False,
data/training_data/training_data/11192.png,train,False,
data/training_data/training_data/11193.png,train,False,
data/training_data/training_data/11194.png,train,False,
data/training_data/training_data/11195.png,train,False,
data/training_data/training_data/11196.png,train,False,
data/training_data/training_data/11197.png,train,False,
data/training_data/training_data/11198.png,train,False,
data/training_data/training_data/11199.png,train,False,
data/training_data/training_data/112.png,train,False,
data/training_data/training_data/1120.png,train,False,
data/training_data/training_data/11200.png,train,False,
data/training_data/training_data/11201.png,train,False,
data/training_data/training_data/11202.png,train,False,
data/training_data/training_data/11203.png,train,False,
data/training_data/training_data/11204.png,train,False,
data/training_data/training_data/11205.png,train,False,
data/training_data/training_data/11206.png,train,False,
data/training_data/training_data/11207.png,train,False,
data/training_data/training_data/11208.png,train,False,
data/training_data/training_data/11209.png,train,False,
data/training_data/training_data/1121.png,train,False,
data/training_data/training_data/11210.png,train,False,
data/training_data/training_data/11211.png,train,False,
data/training_data/training_data/11212.png,train,False,
data/training_data/training_data/11213.png,train,False,
data/training_data/training_data/11214.png,train,False,
data/training_data/training_data/11215.png,train,False,
data/training_data/training_data/11216.png,train,False,
data/training_data/training_data/11217.png,train,False,
data/training_data/training_data/11218.png,train,False,
data/training_data/training_data/11219.png,train,False,
data/training_data/training_data/1122.png,train,False,
data/training_data/training_data/11220.png,train,False,
data/training_data/training_data/11221.png,train,False,
data/training_data/training_data/11222.png,train,False,
data/training_data/training_data/11223.png,train,False,
data/training_data/training_data/11224.png,train,False,
data/training_data/training_data/11225.png,train,False,
data/training_data/training_data/11226.png,train,False,
data/training_data/training_data/11227.png,train,False,
data/training_data/training_data/11228.png,train,False,
data/training_data/training_data/11229.png,train,False,
data/training_data/training_data/1123.png,train,False,
data/training_data/training_data/11230.png,train,False,
data/training_data/training_data/11231.png,train,False,
data/training_data/training_data/11232.png,train,False,
data/training_data/training_data/11233.png,train,False,
data/training_data/training_data/11234.png,train,False,
data/training_data/training_data/11235.png,train,False,
data/training_data/training_data/11236.png,train,False,
data/training_data/training_data/11237.png,train,False,
data/training_data/training_data/11238.png,train,False,
data/training_data/training_data/11239.png,train,False,
data/training_data/training_data/1124.png,train,False,
data/training_data/training_data/11240.png,train,False,
data/training_data/training_data/11241.png,train,False,
data/training_data/training_data/11242.png,train,False,
data/training_data/training_data/11243.png,train,False,
data/training_data/training_data/11244.png,train,False,
data/training_data/training_data/11245.png,train,False,
data/training_data/training_data/11246.png,train,False,
data/training_data/training_data/11247.png,train,False,
data/training_data/training_data/11248.png,train,False,
data/training_data/training_data/11249.png,train,False,
data/training_data/training_data/1125.png,train,False,
data/training_data/training_data/11250.png,train,False,
data/training_data/training_data/11251.png,train,False,
data/training_data/training_data/11252.png,train,False,
data/training_data/training_data/11253.png,train,False,
data/training_data/training_data/11254.png,train,False,
data/training_data/training_data/11255.png,train,False,
data/training_data/training_data/11256.png,train,False,
data/training_data/training_data/11257.png,train,False,
data/training_data/training_data/11258.png,train,False,
data/training_data/training_data/11259.png,train,False,
data/training_data/training_data/1126.png,train,False,
data/training_data/training_data/11260.png,train,False,
data/training_data/training_data/11261.png,train,False,
data/training_data/training_data/11262.png,train,False,
data/training_data/training_data/11263.png,train,False,
data/training_data/training_data/11264.png,train,False,
data/training_data/training_data/11265.png,train,False,
data/training_data/training_data/11266.png,train,False,
data/training_data/training_data/11267.png,train,False,
data/training_data/training_data/11268.png,train,False,
data/training_data/training_data/11269.png,train,False,
data/training_data/training_data/1127.png,train,False,
data/training_data/training_data/11270.png,train,False,
data/training_data/training_data/11271.png,train,False,
data/training_data/training_data/11272.png,train,False,
data/training_data/training_data/11273.png,train,False,
data/training_data/training_data/11274.png,train,False,
data/training_data/training_data/11275.png,train,False,
data/training_data/training_data/11276.png,train,False,
data/training_data/training_data/11277.png,train,False,
data/training_data/training_data/11278.png,train,False,
data/training_data/training_data/11279.png,train,False,
data/training_data/training_data/11280.png,train,False,
data/training_data/training_data/11281.png,train,False,
data/training_data/training_data/11282.png,train,False,
data/training_data/training_data/11283.png,train,False,
data/training_data/training_data/11284.png,train,False,
data/training_data/training_data/11285.png,train,False,
data/training_data/training_data/11286.png,train,False,
data/training_data/training_data/11287.png,train,False,
data/training_data/training_data/11288.png,train,False,
data/training_data/training_data/11289.png,train,False,
data/training_data/training_data/1129.png,train,False,
data/training_data/training_data/11290.png,train,False,
data/training_data/training_data/11291.png,train,False,
data/training_data/training_data/11292.png,train,False,
data/training_data/training_data/11293.png,train,False,
data/training_data/training_data/11294.png,train,False,
data/training_data/training_data/11295.png,train,False,
data/training_data/training_data/11296.png,train,False,
data/training_data/training_data/11297.png,train,False,
data/training_data/training_data/11298.png,train,False,
data/training_data/training_data/11299.png,train,False,
data/training_data/training_data/113.png,train,False,
data/training_data/training_data/1130.png,train,False,
data/training_data/training_data/11300.png,train,False,
data/training_data/training_data/11301.png,train,False,
data/training_data/training_data/11302.png,train,False,
data/training_data/training_data/11303.png,train,False,
data/training_data/training_data/11304.png,train,False,
data/training_data/training_data/11305.png,train,False,
data/training_data/training_data/11306.png,train,False,
data/training_data/training_data/11307.png,train,False,
data/training_data/training_data/11308.png,train,False,
data/training_data/training_data/11309.png,train,False,
data/training_data/training_data/1131.png,train,False,
data/training_data/training_data/11310.png,train,False,
data/training_data/training_data/11311.png,train,False,
data/training_data/training_data/11312.png,train,False,
data/training_data/training_data/11313.png,train,False,
data/training_data/training_data/11314.png,train,False,
data/training_data/training_data/11315.png,train,False,
data/training_data/training_data/11316.png,train,False,
data/training_data/training_data/11317.png,train,False,
data/training_data/training_data/11318.png,train,False,
data/training_data/training_data/11319.png,train,False,
data/training_data/training_data/1132.png,train,False,
data/training_data/training_data/11320.png,train,False,
data/training_data/training_data/11321.png,train,False,
data/training_data/training_data/11322.png,train,False,
data/training_data/training_data/11323.png,train,False,
data/training_data/training_data/11324.png,train,False,
data/training_data/training_data/11325.png,train,False,
data/training_data/training_data/11326.png,train,False,
data/training_data/training_data/11327.png,train,False,
data/training_data/training_data/11328.png,train,False,
data/training_data/training_data/11329.png,train,False,
data/training_data/training_data/1133.png,train,False,
data/training_data/training_data/11330.png,train,False,
data/training_data/training_data/11331.png,train,False,
data/training_data/training_data/11332.png,train,False,
data/training_data/training_data/11333.png,train,False,
data/training_data/training_data/11334.png,train,False,
data/training_data/training_data/11335.png,train,False,
data/training_data/training_data/11336.png,train,False,
data/training_data/training_data/11337.png,train,False,
data/training_data/training_data/11338.png,train,False,
data/training_data/training_data/11339.png,train,False,
data/training_data/training_data/1134.png,train,False,
data/training_data/training_data/11340.png,train,False,
data/training_data/training_data/11341.png,train,False,
data/training_data/training_data/11342.png,train,False,
data/training_data/training_data/11343.png,train,False,
data/training_data/training_data/11344.png,train,False,
data/training_data/training_data/11345.png,train,False,
data/training_data/training_data/11346.png,train,False,
data/training_data/training_data/11347.png,train,False,
data/training_data/training_data/11348.png,train,False,
data/training_data/training_data/11349.png,train,False,
data/training_data/training_data/1135.png,train,False,
data/training_data/training_data/11350.png,train,False,
data/training_data/training_data/11351.png,train,False,
data/training_data/training_data/11352.png,train,False,
data/training_data/training_data/11353.png,train,False,
data/training_data/training_data/11354.png,train,False,
data/training_data/training_data/11355.png,train,False,
data/training_data/training_data/11356.png,train,False,
data/training_data/training_data/11357.png,train,False,
data/training_data/training_data/11358.png,train,False,
data/training_data/training_data/11359.png,train,False,
data/training_data/training_data/1136.png,train,False,
data/training_data/training_data/11360.png,train,False,
data/training_data/training_data/11361.png,train,False,
data/training_data/training_data/11362.png,train,False,
data/training_data/training_data/11363.png,train,False,
data/training_data/training_data/11364.png,train,False,
data/training_data/training_data/11365.png,train,False,
data/training_data/training_data/11366.png,train,False,
data/training_data/training_data/11367.png,train,False,
data/training_data/training_data/11368.png,train,False,
data/training_data/training_data/11369.png,train,False,
data/training_data/training_data/1137.png,train,False,
data/training_data/training_data/11370.png,train,False,
data/training_data/training_data/11371.png,train,False,
data/training_data/training_data/11372.png,train,False,
data/training_data/training_data/11373.png,train,False,
data/training_data/training_data/11374.png,train,False,
data/training_data/training_data/11375.png,train,False,
data/training_data/training_data/11376.png,train,False,
data/training_data/training_data/11377.png,train,False,
data/training_data/training_data/11378.png,train,False,
data/training_data/training_data/11379.png,train,False,
data/training_data/training_data/1138.png,train,False,
data/training_data/training_data/11380.png,train,False,
data/training_data/training_data/11381.png,train,False,
data/training_data/training_data/11382.png,train,False,
data/training_data/training_data/11383.png,train,False,
data/training_data/training_data/11384.png,train,False,
data/training_data/training_data/11385.png,train,False,
data/training_data/training_data/11386.png,train,False,
data/training_data/training_data/11387.png,train,False,
data/training_data/training_data/11388.png,train,False,
data/training_data/training_data/11389.png,train,False,
data/training_data/training_data/1139.png,train,False,
data/training_data/training_data/11390.png,train,False,
data/training_data/training_data/11391.png,train,False,
data/training_data/training_data/11392.png,train,False,
data/training_data/training_data/11393.png,train,False,
data/training_data/training_data/11394.png,train,False,
data/training_data/training_data/11395.png,train,False,
data/training_data/training_data/11396.png,train,False,
data/training_data/training_data/11397.png,train,False,
data/training_data/training_data/11398.png,train,False,
data/training_data/training_data/11399.png,train,False,
data/training_data/training_data/114.png,train,False,
data/training_data/training_data/1140.png,train,False,
data/training_data/training_data/11400.png,train,False,
data/training_data/training_data/11401.png,train,False,
data/training_data/training_data/11402.png,train,False,
data/training_data/training_data/11403.png,train,False,
data/training_data/training_data/11404.png,train,False,
data/training_data/training_data/11405.png,train,False,
data/training_data/training_data/11406.png,train,False,
data/training_data/training_data/11407.png,train,False,
data/training_data/training_data/11408.png,train,False,
data/training_data/training_data/11409.png,train,False,
data/training_data/training_data/1141.png,train,False,
data/training_data/training_data/11410.png,train,False,
data/training_data/training_data/11411.png,train,False,
data/training_data/training_data/11412.png,train,False,
data/training_data/training_data/11413.png,train,False,
data/training_data/training_data/11414.png,train,False,
data/training_data/training_data/11415.png,train,False,
data/training_data/training_data/11416.png,train,False,
data/training_data/training_data/11417.png,train,False,
data/training_data/training_data/11418.png,train,False,
data/training_data/training_data/11419.png,train,False,
data/training_data/training_data/1142.png,train,False,
data/training_data/training_data/11420.png,train,False,
data/training_data/training_data/11421.png,train,False,
data/training_data/training_data/11422.png,train,False,
data/training_data/training_data/11423.png,train,False,
data/training_data/training_data/11424.png,train,False,
data/training_data/training_data/11425.png,train,False,
data/training_data/training_data/11426.png,train,False,
data/training_data/training_data/11427.png,train,False,
data/training_data/training_data/11428.png,train,False,
data/training_data/training_data/11429.png,train,False,
data/training_data/training_data/1143.png,train,False,
data/training_data/training_data/11430.png,train,False,
data/training_data/training_data/11431.png,train,False,
data/training_data/training_data/11432.png,train,False,
data/training_data/training_data/11433.png,train,False,
data/training_data/training_data/11434.png,train,False,
data/training_data/training_data/11435.png,train,False,
data/training_data/training_data/11436.png,train,False,
data/training_data/training_data/11437.png,train,False,
data/training_data/training_data/11438.png,train,False,
data/training_data/training_data/11439.png,train,False,
data/training_data/training_data/1144.png,train,False,
data/training_data/training_data/11440.png,train,False,
data/training_data/training_data/11441.png,train,False,
data/training_data/training_data/11442.png,train,False,
data/training_data/training_data/11443.png,train,False,
data/training_data/training_data/11444.png,train,False,
data/training_data/training_data/11445.png,train,False,
data/training_data/training_data/11446.png,train,False,
data/training_data/training_data/11447.png,train,False,
data/training_data/training_data/11448.png,train,False,
data/training_data/training_data/11449.png,train,False,
data/training_data/training_data/1145.png,train,False,
data/training_data/training_data/11450.png,train,False,
data/training_data/training_data/11451.png,train,False,
data/training_data/training_data/11452.png,train,False,
data/training_data/training_data/11453.png,train,False,
data/training_data/training_data/11454.png,train,False,
data/training_data/training_data/11455.png,train,False,
data/training_data/training_data/11456.png,train,False,
data/training_data/training_data/11457.png,train,False,
data/training_data/training_data/11458.png,train,False,
data/training_data/training_data/11459.png,train,False,
data/training_data/training_data/1146.png,train,False,
data/training_data/training_data/11460.png,train,False,
data/training_data/training_data/11461.png,train,False,
data/training_data/training_data/11462.png,train,False,
data/training_data/training_data/11463.png,train,False,
data/training_data/training_data/11464.png,train,False,
data/training_data/training_data/11465.png,train,False,
data/training_data/training_data/11466.png,train,False,
data/training_data/training_data/11467.png,train,False,
data/training_data/training_data/11468.png,train,False,
data/training_data/training_data/11469.png,train,False,
data/training_data/training_data/1147.png,train,False,
data/training_data/training_data/11470.png,train,False,
data/training_data/training_data/11471.png,train,False,
data/training_data/training_data/11472.png,train,False,
data/training_data/training_data/11473.png,train,False,
data/training_data/training_data/11474.png,train,False,
data/training_data/training_data/11475.png,train,False,
data/training_data/training_data/11476.png,train,False,
data/training_data/training_data/11477.png,train,False,
data/training_data/training_data/11478.png,train,False,
data/training_data/training_data/11479.png,train,False,
data/training_data/training_data/1148.png,train,False,
data/training_data/training_data/11480.png,train,False,
data/training_data/training_data/11481.png,train,False,
data/training_data/training_data/11482.png,train,False,
data/training_data/training_data/11483.png,train,False,
data/training_data/training_data/11484.png,train,False,
data/training_data/training_data/11485.png,train,False,
data/training_data/training_data/11486.png,train,False,
data/training_data/training_data/11487.png,train,False,
data/training_data/training_data/11488.png,train,False,
data/training_data/training_data/11489.png,train,False,
data/training_data/training_data/1149.png,train,False,
data/training_data/training_data/11490.png,train,False,
data/training_data/training_data/11491.png,train,False,
data/training_data/training_data/11492.png,train,False,
data/training_data/training_data/11493.png,train,False,
data/training_data/training_data/11494.png,train,False,
data/training_data/training_data/11495.png,train,False,
data/training_data/training_data/11496.png,train,False,
data/training_data/training_data/11497.png,train,False,
data/training_data/training_data/11498.png,train,False,
data/training_data/training_data/11499.png,train,False,
data/training_data/training_data/115.png,train,False,
data/training_data/training_data/1150.png,train,False,
data/training_data/training_data/11500.png,train,False,
data/training_data/training_data/11501.png,train,False,
data/training_data/training_data/11503.png,train,False,
data/training_data/training_data/11504.png,train,False,
data/training_data/training_data/11505.png,train,False,
data/training_data/training_data/11507.png,train,False,
data/training_data/training_data/11508.png,train,False,
data/training_data/training_data/11509.png,train,False,
data/training_data/training_data/1151.png,train,False,
data/training_data/training_data/11510.png,train,False,
data/training_data/training_data/11511.png,train,False,
data/training_data/training_data/11512.png,train,False,
data/training_data/training_data/11513.png,train,False,
data/training_data/training_data/11514.png,train,False,
data/training_data/training_data/11515.png,train,False,
data/training_data/training_data/11516.png,train,False,
data/training_data/training_data/11517.png,train,False,
data/training_data/training_data/11518.png,train,False,
data/training_data/training_data/11519.png,train,False,
data/training_data/training_data/1152.png,train,False,
data/training_data/training_data/11520.png,train,False,
data/training_data/training_data/11521.png,train,False,
data/training_data/training_data/11522.png,train,False,
data/training_data/training_data/11523.png,train,False,
data/training_data/training_data/11524.png,train,False,
data/training_data/training_data/11525.png,train,False,
data/training_data/training_data/11526.png,train,False,
data/training_data/training_data/11527.png,train,False,
data/training_data/training_data/11528.png,train,False,
data/training_data/training_data/11529.png,train,False,
data/training_data/training_data/1153.png,train,False,
data/training_data/training_data/11530.png,train,False,
data/training_data/training_data/11531.png,train,False,
data/training_data/training_data/11532.png,train,False,
data/training_data/training_data/11533.png,train,False,
data/training_data/training_data/11534.png,train,False,
data/training_data/training_data/11535.png,train,False,
data/training_data/training_data/11536.png,train,False,
data/training_data/training_data/11537.png,train,False,
data/training_data/training_data/11538.png,train,False,
data/training_data/training_data/11539.png,train,False,
data/training_data/training_data/1154.png,train,False,
data/training_data/training_data/11540.png,train,False,
data/training_data/training_data/11541.png,train,False,
data/training_data/training_data/11542.png,train,False,
data/training_data/training_data/11543.png,train,False,
data/training_data/training_data/11544.png,train,False,
data/training_data/training_data/11545.png,train,False,
data/training_data/training_data/11546.png,train,False,
data/training_data/training_data/11547.png,train,False,
data/training_data/training_data/11548.png,train,False,
data/training_data/training_data/11549.png,train,False,
data/training_data/training_data/1155.png,train,False,
data/training_data/training_data/11550.png,train,False,
data/training_data/training_data/11551.png,train,False,
data/training_data/training_data/11552.png,train,False,
data/training_data/training_data/11553.png,train,False,
data/training_data/training_data/11554.png,train,False,
data/training_data/training_data/11555.png,train,False,
data/training_data/training_data/11556.png,train,False,
data/training_data/training_data/11557.png,train,False,
data/training_data/training_data/11558.png,train,False,
data/training_data/training_data/11559.png,train,False,
data/training_data/training_data/1156.png,train,False,
data/training_data/training_data/11560.png,train,False,
data/training_data/training_data/11561.png,train,False,
data/training_data/training_data/11562.png,train,False,
data/training_data/training_data/11563.png,train,False,
data/training_data/training_data/11564.png,train,False,
data/training_data/training_data/11565.png,train,False,
data/training_data/training_data/11566.png,train,False,
data/training_data/training_data/11567.png,train,False,
data/training_data/training_data/11568.png,train,False,
data/training_data/training_data/11569.png,train,False,
data/training_data/training_data/1157.png,train,False,
data/training_data/training_data/11570.png,train,False,
data/training_data/training_data/11571.png,train,False,
data/training_data/training_data/11572.png,train,False,
data/training_data/training_data/11573.png,train,False,
data/training_data/training_data/11574.png,train,False,
data/training_data/training_data/11575.png,train,False,
data/training_data/training_data/11576.png,train,False,
data/training_data/training_data/11577.png,train,False,
data/training_data/training_data/11578.png,train,False,
data/training_data/training_data/11579.png,train,False,
data/training_data/training_data/1158.png,train,False,
data/training_data/training_data/11580.png,train,False,
data/training_data/training_data/11581.png,train,False,
data/training_data/training_data/11582.png,train,False,
data/training_data/training_data/11583.png,train,False,
data/training_data/training_data/11584.png,train,False,
data/training_data/training_data/11585.png,train,False,
data/training_data/training_data/11586.png,train,False,
data/training_data/training_data/11587.png,train,False,
data/training_data/training_data/11588.png,train,False,
data/training_data/training_data/11589.png,train,False,
data/training_data/training_data/1159.png,train,False,
data/training_data/training_data/11590.png,train,False,
data/training_data/training_data/11591.png,train,False,
data/training_data/training_data/11592.png,train,False,
data/training_data/training_data/11593.png,train,False,
data/training_data/training_data/11594.png,train,False,
data/training_data/training_data/11595.png,train,False,
data/training_data/training_data/11596.png,train,False,
data/training_data/training_data/11597.png,train,False,
data/training_data/training_data/11598.png,train,False,
data/training_data/training_data/11599.png,train,False,
data/training_data/training_data/116.png,train,False,
data/training_data/training_data/1160.png,train,False,
data/training_data/training_data/11600.png,train,False,
data/training_data/training_data/11601.png,train,False,
data/training_data/training_data/11602.png,train,False,
data/training_data/training_data/11603.png,train,False,
data/training_data/training_data/11604.png,train,False,
data/training_data/training_data/11605.png,train,False,
data/training_data/training_data/11606.png,train,False,
data/training_data/training_data/11607.png,train,False,
data/training_data/training_data/11608.png,train,False,
data/training_data/training_data/11609.png,train,False,
data/training_data/training_data/1161.png,train,False,
data/training_data/training_data/11610.png,train,False,
data/training_data/training_data/11611.png,train,False,
data/training_data/training_data/11612.png,train,False,
data/training_data/training_data/11613.png,train,False,
data/training_data/training_data/11614.png,train,False,
data/training_data/training_data/11615.png,train,False,
data/training_data/training_data/11616.png,train,False,
data/training_data/training_data/11617.png,train,False,
data/training_data/training_data/11618.png,train,False,
data/training_data/training_data/11619.png,train,False,
data/training_data/training_data/1162.png,train,False,
data/training_data/training_data/11620.png,train,False,
data/training_data/training_data/11621.png,train,False,
data/training_data/training_data/11622.png,train,False,
data/training_data/training_data/11623.png,train,False,
data/training_data/training_data/11624.png,train,False,
data/training_data/training_data/11625.png,train,False,
data/training_data/training_data/11626.png,train,False,
data/training_data/training_data/11627.png,train,False,
data/training_data/training_data/11628.png,train,False,
data/training_data/training_data/11629.png,train,False,
data/training_data/training_data/1163.png,train,False,
data/training_data/training_data/11630.png,train,False,
data/training_data/training_data/11631.png,train,False,
data/training_data/training_data/11632.png,train,False,
data/training_data/training_data/11633.png,train,False,
data/training_data/training_data/11634.png,train,False,
data/training_data/training_data/11635.png,train,False,
data/training_data/training_data/11636.png,train,False,
data/training_data/training_data/11637.png,train,False,
data/training_data/training_data/11638.png,train,False,
data/training_data/training_data/11639.png,train,False,
data/training_data/training_data/1164.png,train,False,
data/training_data/training_data/11640.png,train,False,
data/training_data/training_data/11641.png,train,False,
data/training_data/training_data/11642.png,train,False,
data/training_data/training_data/11643.png,train,False,
data/training_data/training_data/11644.png,train,False,
data/training_data/training_data/11645.png,train,False,
data/training_data/training_data/11646.png,train,False,
data/training_data/training_data/11647.png,train,False,
data/training_data/training_data/11648.png,train,False,
data/training_data/training_data/11649.png,train,False,
data/training_data/training_data/1165.png,train,False,
data/training_data/training_data/11650.png,train,False,
data/training_data/training_data/11651.png,train,False,
data/training_data/training_data/11652.png,train,False,
data/training_data/training_data/11653.png,train,False,
data/training_data/training_data/11654.png,train,False,
data/training_data/training_data/11655.png,train,False,
data/training_data/training_data/11656.png,train,False,
data/training_data/training_data/11657.png,train,False,
data/training_data/training_data/11658.png,train,False,
data/training_data/training_data/11659.png,train,False,
data/training_data/training_data/1166.png,train,False,
data/training_data/training_data/11660.png,train,False,
data/training_data/training_data/11661.png,train,False,
data/training_data/training_data/11662.png,train,False,
data/training_data/training_data/11663.png,train,False,
data/training_data/training_data/11664.png,train,False,
data/training_data/training_data/11665.png,train,False,
data/training_data/training_data/11666.png,train,False,
data/training_data/training_data/11667.png,train,False,
data/training_data/training_data/11668.png,train,False,
data/training_data/training_data/11669.png,train,False,
data/training_data/training_data/1167.png,train,False,
data/training_data/training_data/11670.png,train,False,
data/training_data/training_data/11671.png,train,False,
data/training_data/training_data/11672.png,train,False,
data/training_data/training_data/11673.png,train,False,
data/training_data/training_data/11674.png,train,False,
data/training_data/training_data/11675.png,train,False,
data/training_data/training_data/11676.png,train,False,
data/training_data/training_data/11677.png,train,False,
data/training_data/training_data/11678.png,train,False,
data/training_data/training_data/11679.png,train,False,
data/training_data/training_data/1168.png,train,False,
data/training_data/training_data/11680.png,train,False,
data/training_data/training_data/11681.png,train,False,
data/training_data/training_data/11682.png,train,False,
data/training_data/training_data/11683.png,train,False,
data/training_data/training_data/11684.png,train,False,
data/training_data/training_data/11685.png,train,False,
data/training_data/training_data/11686.png,train,False,
data/training_data/training_data/11687.png,train,False,
data/training_data/training_data/11688.png,train,False,
data/training_data/training_data/11689.png,train,False,
data/training_data/training_data/1169.png,train,False,
data/training_data/training_data/11690.png,train,False,
data/training_data/training_data/11691.png,train,False,
data/training_data/training_data/11692.png,train,False,
data/training_data/training_data/11693.png,train,False,
data/training_data/training_data/11694.png,train,False,
data/training_data/training_data/11695.png,train,False,
data/training_data/training_data/11696.png,train,False,
data/training_data/training_data/11697.png,train,False,
data/training_data/training_data/11698.png,train,False,
data/training_data/training_data/11699.png,train,False,
data/training_data/training_data/117.png,train,False,
data/training_data/training_data/1170.png,train,False,
data/training_data/training_data/11700.png,train,False,
data/training_data/training_data/11701.png,train,False,
data/training_data/training_data/11702.png,train,False,
data/training_data/training_data/11703.png,train,False,
data/training_data/training_data/11704.png,train,False,
data/training_data/training_data/11705.png,train,False,
data/training_data/training_data/11706.png,train,False,
data/training_data/training_data/11707.png,train,False,
data/training_data/training_data/11708.png,train,False,
data/training_data/training_data/11709.png,train,False,
data/training_data/training_data/1171.png,train,False,
data/training_data/training_data/11710.png,train,False,
data/training_data/training_data/11711.png,train,False,
data/training_data/training_data/11712.png,train,False,
data/training_data/training_data/11713.png,train,False,
data/training_data/training_data/11714.png,train,False,
data/training_data/training_data/11715.png,train,False,
data/training_data/training_data/11716.png,train,False,
data/training_data/training_data/11717.png,train,False,
data/training_data/training_data/11718.png,train,False,
data/training_data/training_data/11719.png,train,False,
data/training_data/training_data/1172.png,train,False,
data/training_data/training_data/11720.png,train,False,
data/training_data/training_data/11721.png,train,False,
data/training_data/training_data/11722.png,train,False,
data/training_data/training_data/11723.png,train,False,
data/training_data/training_data/11724.png,train,False,
data/training_data/training_data/11725.png,train,False,
data/training_data/training_data/11726.png,train,False,
data/training_data/training_data/11727.png,train,False,
data/training_data/training_data/11728.png,train,False,
data/training_data/training_data/11729.png,train,False,
data/training_data/training_data/1173.png,train,False,
data/training_data/training_data/11730.png,train,False,
data/training_data/training_data/11731.png,train,False,
data/training_data/training_data/11732.png,train,False,
data/training_data/training_data/11733.png,train,False,
data/training_data/training_data/11734.png,train,False,
data/training_data/training_data/11735.png,train,False,
data/training_data/training_data/11736.png,train,False,
data/training_data/training_data/11737.png,train,False,
data/training_data/training_data/11738.png,train,False,
data/training_data/training_data/11739.png,train,False,
data/training_data/training_data/1174.png,train,False,
data/training_data/training_data/11740.png,train,False,
data/training_data/training_data/11741.png,train,False,
data/training_data/training_data/11742.png,train,False,
data/training_data/training_data/11743.png,train,False,
data/training_data/training_data/11744.png,train,False,
data/training_data/training_data/11745.png,train,False,
data/training_data/training_data/11746.png,train,False,
data/training_data/training_data/11747.png,train,False,
data/training_data/training_data/11748.png,train,False,
data/training_data/training_data/11749.png,train,False,
data/training_data/training_data/1175.png,train,False,
data/training_data/training_data/11750.png,train,False,
data/training_data/training_data/11751.png,train,False,
data/training_data/training_data/11752.png,train,False,
data/training_data/training_data/11753.png,train,False,
data/training_data/training_data/11754.png,train,False,
data/training_data/training_data/11755.png,train,False,
data/training_data/training_data/11756.png,train,False,
data/training_data/training_data/11757.png,train,False,
data/training_data/training_data/11758.png,train,False,
data/training_data/training_data/11759.png,train,False,
data/training_data/training_data/1176.png,train,False,
data/training_data/training_data/11760.png,train,False,
data/training_data/training_data/11761.png,train,False,
data/training_data/training_data/11762.png,train,False,
data/training_data/training_data/11763.png,train,False,
data/training_data/training_data/11764.png,train,False,
data/training_data/training_data/11765.png,train,False,
data/training_data/training_data/11766.png,train,False,
data/training_data/training_data/11767.png,train,False,
data/training_data/training_data/11768.png,train,False,
data/training_data/training_data/11769.png,train,False,
data/training_data/training_data/1177.png,train,False,
data/training_data/training_data/11770.png,train,False,
data/training_data/training_data/11771.png,train,False,
data/training_data/training_data/11772.png,train,False,
data/training_data/training_data/11773.png,train,False,
data/training_data/training_data/11774.png,train,False,
data/training_data/training_data/11775.png,train,False,
data/training_data/training_data/11776.png,train,False,
data/training_data/training_data/11777.png,train,False,
data/training_data/training_data/11778.png,train,False,
data/training_data/training_data/11779.png,train,False,
data/training_data/training_data/1178.png,train,False,
data/training_data/training_data/11780.png,train,False,
data/training_data/training_data/11781.png,train,False,
data/training_data/training_data/11782.png,train,False,
data/training_data/training_data/11783.png,train,False,
data/training_data/training_data/11784.png,train,False,
data/training_data/training_data/11785.png,train,False,
data/training_data/training_data/11786.png,train,False,
data/training_data/training_data/11787.png,train,False,
data/training_data/training_data/11788.png,train,False,
data/training_data/training_data/11789.png,train,False,
data/training_data/training_data/1179.png,train,False,
data/training_data/training_data/11790.png,train,False,
data/training_data/training_data/11791.png,train,False,
data/training_data/training_data/11792.png,train,False,
data/training_data/training_data/11793.png,train,False,
data/training_data/training_data/11794.png,train,False,
data/training_data/training_data/11795.png,train,False,
data/training_data/training_data/11796.png,train,False,
data/training_data/training_data/11797.png,train,False,
data/training_data/training_data/11798.png,train,False,
data/training_data/training_data/11799.png,train,False,
data/training_data/training_data/118.png,train,False,
data/training_data/training_data/1180.png,train,False,
data/training_data/training_data/11800.png,train,False,
data/training_data/training_data/11801.png,train,False,
data/training_data/training_data/11802.png,train,False,
data/training_data/training_data/11803.png,train,False,
data/training_data/training_data/11804.png,train,False,
data/training_data/training_data/11805.png,train,False,
data/training_data/training_data/11806.png,train,False,
data/training_data/training_data/11807.png,train,False,
data/training_data/training_data/11808.png,train,False,
data/training_data/training_data/11809.png,train,False,
data/training_data/training_data/1181.png,train,False,
data/training_data/training_data/11810.png,train,False,
data/training_data/training_data/11811.png,train,False,
data/training_data/training_data/11812.png,train,False,
data/training_data/training_data/11813.png,train,False,
data/training_data/training_data/11814.png,train,False,
data/training_data/training_data/11815.png,train,False,
data/training_data/training_data/11816.png,train,False,
data/training_data/training_data/11817.png,train,False,
data/training_data/training_data/11818.png,train,False,
data/training_data/training_data/11819.png,train,False,
data/training_data/training_data/1182.png,train,False,
data/training_data/training_data/11820.png,train,False,
data/training_data/training_data/11821.png,train,False,
data/training_data/training_data/11822.png,train,False,
data/training_data/training_data/11823.png,train,False,
data/training_data/training_data/11824.png,train,False,
data/training_data/training_data/11825.png,train,False,
data/training_data/training_data/11826.png,train,False,
data/training_data/training_data/11827.png,train,False,
data/training_data/training_data/11828.png,train,False,
data/training_data/training_data/11829.png,train,False,
data/training_data/training_data/1183.png,train,False,
data/training_data/training_data/11830.png,train,False,
data/training_data/training_data/11831.png,train,False,
data/training_data/training_data/11832.png,train,False,
data/training_data/training_data/11833.png,train,False,
data/training_data/training_data/11834.png,train,False,
data/training_data/training_data/11835.png,train,False,
data/training_data/training_data/11836.png,train,False,
data/training_data/training_data/11837.png,train,False,
data/training_data/training_data/11838.png,train,False,
data/training_data/training_data/11839.png,train,False,
data/training_data/training_data/1184.png,train,False,
data/training_data/training_data/11840.png,train,False,
data/training_data/training_data/11841.png,train,False,
data/training_data/training_data/11842.png,train,False,
data/training_data/training_data/11843.png,train,False,
data/training_data/training_data/11844.png,train,False,
data/training_data/training_data/11845.png,train,False,
data/training_data/training_data/11846.png,train,False,
data/training_data/training_data/11847.png,train,False,
data/training_data/training_data/11848.png,train,False,
data/training_data/training_data/11849.png,train,False,
data/training_data/training_data/1185.png,train,False,
data/training_data/training_data/11850.png,train,False,
data/training_data/training_data/11851.png,train,False,
data/training_data/training_data/11852.png,train,False,
data/training_data/training_data/11853.png,train,False,
data/training_data/training_data/11854.png,train,False,
data/training_data/training_data/11855.png,train,False,
data/training_data/training_data/11856.png,train,False,
data/training_data/training_data/11857.png,train,False,
data/training_data/training_data/11858.png,train,False,
data/training_data/training_data/11859.png,train,False,
data/training_data/training_data/1186.png,train,False,
data/training_data/training_data/11860.png,train,False,
data/training_data/training_data/11861.png,train,False,
data/training_data/training_data/11862.png,train,False,
data/training_data/training_data/11863.png,train,False,
data/training_data/training_data/11864.png,train,False,
data/training_data/training_data/11865.png,train,False,
data/training_data/training_data/11866.png,train,False,
data/training_data/training_data/11867.png,train,False,
data/training_data/training_data/11868.png,train,False,
data/training_data/training_data/11869.png,train,False,
data/training_data/training_data/1187.png,train,False,
data/training_data/training_data/11870.png,train,False,
data/training_data/training_data/11871.png,train,False,
data/training_data/training_data/11872.png,train,False,
data/training_data/training_data/11873.png,train,False,
data/training_data/training_data/11874.png,train,False,
data/training_data/training_data/11875.png,train,False,
data/training_data/training_data/11876.png,train,False,
data/training_data/training_data/11877.png,train,False,
data/training_data/training_data/11878.png,train,False,
data/training_data/training_data/11879.png,train,False,
data/training_data/training_data/1188.png,train,False,
data/training_data/training_data/11880.png,train,False,
data/training_data/training_data/11881.png,train,False,
data/training_data/training_data/11882.png,train,False,
data/training_data/training_data/11883.png,train,False,
data/training_data/training_data/11884.png,train,False,
data/training_data/training_data/11885.png,train,False,
data/training_data/training_data/11886.png,train,False,
data/training_data/training_data/11887.png,train,False,
data/training_data/training_data/11888.png,train,False,
data/training_data/training_data/11889.png,train,False,
data/training_data/training_data/1189.png,train,False,
data/training_data/training_data/11890.png,train,False,
data/training_data/training_data/11891.png,train,False,
data/training_data/training_data/11892.png,train,False,
data/training_data/training_data/11893.png,train,False,
data/training_data/training_data/11894.png,train,False,
data/training_data/training_data/11895.png,train,False,
data/training_data/training_data/11896.png,train,False,
data/training_data/training_data/11897.png,train,False,
data/training_data/training_data/11898.png,train,False,
data/training_data/training_data/11899.png,train,False,
data/training_data/training_data/119.png,train,False,
data/training_data/training_data/1190.png,train,False,
data/training_data/training_data/11900.png,train,False,
data/training_data/training_data/11901.png,train,False,
data/training_data/training_data/11902.png,train,False,
data/training_data/training_data/11903.png,train,False,
data/training_data/training_data/11904.png,train,False,
data/training_data/training_data/11905.png,train,False,
data/training_data/training_data/11906.png,train,False,
data/training_data/training_data/11907.png,train,False,
data/training_data/training_data/11908.png,train,False,
data/training_data/training_data/11909.png,train,False,
data/training_data/training_data/1191.png,train,False,
data/training_data/training_data/11910.png,train,False,
data/training_data/training_data/11911.png,train,False,
data/training_data/training_data/11912.png,train,False,
data/training_data/training_data/11913.png,train,False,
data/training_data/training_data/11914.png,train,False,
data/training_data/training_data/11915.png,train,False,
data/training_data/training_data/11916.png,train,False,
data/training_data/training_data/11917.png,train,False,
data/training_data/training_data/11918.png,train,False,
data/training_data/training_data/11919.png,train,False,
data/training_data/training_data/1192.png,train,False,
data/training_data/training_data/11920.png,train,False,
data/training_data/training_data/11921.png,train,False,
data/training_data/training_data/11922.png,train,False,
data/training_data/training_data/11923.png,train,False,
data/training_data/training_data/11924.png,train,False,
data/training_data/training_data/11925.png,train,False,
data/training_data/training_data/11926.png,train,False,
data/training_data/training_data/11927.png,train,False,
data/training_data/training_data/11928.png,train,False,
data/training_data/training_data/11929.png,train,False,
data/training_data/training_data/1193.png,train,False,
data/training_data/training_data/11930.png,train,False,
data/training_data/training_data/11931.png,train,False,
data/training_data/training_data/11932.png,train,False,
data/training_data/training_data/11933.png,train,False,
data/training_data/training_data/11934.png,train,False,
data/training_data/training_data/11935.png,train,False,
data/training_data/training_data/11936.png,train,False,
data/training_data/training_data/11937.png,train,False,
data/training_data/training_data/11938.png,train,False,
data/training_data/training_data/11939.png,train,False,
data/training_data/training_data/1194.png,train,False,
data/training_data/training_data/11940.png,train,False,
data/training_data/training_data/11941.png,train,False,
data/training_data/training_data/11942.png,train,False,
data/training_data/training_data/11943.png,train,False,
data/training_data/training_data/11944.png,train,False,
data/training_data/training_data/11945.png,train,False,
data/training_data/training_data/11946.png,train,False,
data/training_data/training_data/11947.png,train,False,
data/training_data/training_data/11948.png,train,False,
data/training_data/training_data/11949.png,train,False,
data/training_data/training_data/1195.png,train,False,
data/training_data/training_data/11950.png,train,False,
data/training_data/training_data/11951.png,train,False,
data/training_data/training_data/11952.png,train,False,
data/training_data/training_data/11953.png,train,False,
data/training_data/training_data/11954.png,train,False,
data/training_data/training_data/11955.png,train,False,
data/training_data/training_data/11956.png,train,False,
data/training_data/training_data/11957.png,train,False,
data/training_data/training_data/11958.png,train,False,
data/training_data/training_data/11959.png,train,False,
data/training_data/training_data/1196.png,train,False,
data/training_data/training_data/11960.png,train,False,
data/training_data/training_data/11961.png,train,False,
data/training_data/training_data/11962.png,train,False,
data/training_data/training_data/11963.png,train,False,
data/training_data/training_data/11964.png,train,False,
data/training_data/training_data/11965.png,train,False,
data/training_data/training_data/11966.png,train,False,
data/training_data/training_data/11967.png,train,False,
data/training_data/training_data/11968.png,train,False,
data/training_data/training_data/11969.png,train,False,
data/training_data/training_data/1197.png,train,False,
data/training_data/training_data/11970.png,train,False,
data/training_data/training_data/11971.png,train,False,
data/training_data/training_data/11972.png,train,False,
data/training_data/training_data/11973.png,train,False,
data/training_data/training_data/11974.png,train,False,
data/training_data/training_data/11975.png,train,False,
data/training_data/training_data/11976.png,train,False,
data/training_data/training_data/11977.png,train,False,
data/training_data/training_data/11978.png,train,False,
data/training_data/training_data/11979.png,train,False,
data/training_data/training_data/1198.png,train,False,
data/training_data/training_data/11980.png,train,False,
data/training_data/training_data/11981.png,train,False,
data/training_data/training_data/11982.png,train,False,
data/training_data/training_data/11983.png,train,False,
data/training_data/training_data/11984.png,train,False,
data/training_data/training_data/11985.png,train,False,
data/training_data/training_data/11986.png,train,False,
data/training_data/training_data/11987.png,train,False,
data/training_data/training_data/11988.png,train,False,
data/training_data/training_data/11989.png,train,False,
data/training_data/training_data/1199.png,train,False,
data/training_data/training_data/11990.png,train,False,
data/training_data/training_data/11991.png,train,False,
data/training_data/training_data/11992.png,train,False,
data/training_data/training_data/11993.png,train,False,
data/training_data/training_data/11994.png,train,False,
data/training_data/training_data/11995.png,train,False,
data/training_data/training_data/11996.png,train,False,
data/training_data/training_data/11997.png,train,False,
data/training_data/training_data/11998.png,train,False,
data/training_data/training_data/11999.png,train,False,
data/training_data/training_data/12.png,train,False,
data/training_data/training_data/120.png,train,False,
data/training_data/training_data/1200.png,train,False,
data/training_data/training_data/12000.png,train,False,
data/training_data/training_data/12001.png,train,False,
data/training_data/training_data/12002.png,train,False,
data/training_data/training_data/12003.png,train,False,
data/training_data/training_data/12004.png,train,False,
data/training_data/training_data/12005.png,train,False,
data/training_data/training_data/12006.png,train,False,
data/training_data/training_data/12007.png,train,False,
data/training_data/training_data/12008.png,train,False,
data/training_data/training_data/12009.png,train,False,
data/training_data/training_data/1201.png,train,False,
data/training_data/training_data/12010.png,train,False,
data/training_data/training_data/12011.png,train,False,
data/training_data/training_data/12012.png,train,False,
data/training_data/training_data/12013.png,train,False,
data/training_data/training_data/12014.png,train,False,
data/training_data/training_data/12015.png,train,False,
data/training_data/training_data/12016.png,train,False,
data/training_data/training_data/12017.png,train,False,
data/training_data/training_data/12018.png,train,False,
data/training_data/training_data/12019.png,train,False,
data/training_data/training_data/1202.png,train,False,
data/training_data/training_data/12020.png,train,False,
data/training_data/training_data/12021.png,train,False,
data/training_data/training_data/12022.png,train,False,
data/training_data/training_data/12023.png,train,False,
data/training_data/training_data/12024.png,train,False,
data/training_data/training_data/12025.png,train,False,
data/training_data/training_data/12026.png,train,False,
data/training_data/training_data/12027.png,train,False,
data/training_data/training_data/12028.png,train,False,
data/training_data/training_data/12029.png,train,False,
data/training_data/training_data/1203.png,train,False,
data/training_data/training_data/12030.png,train,False,
data/training_data/training_data/12031.png,train,False,
data/training_data/training_data/12032.png,train,False,
data/training_data/training_data/12033.png,train,False,
data/training_data/training_data/12034.png,train,False,
data/training_data/training_data/12035.png,train,False,
data/training_data/training_data/12036.png,train,False,
data/training_data/training_data/12037.png,train,False,
data/training_data/training_data/12038.png,train,False,
data/training_data/training_data/12039.png,train,False,
data/training_data/training_data/1204.png,train,False,
data/training_data/training_data/12040.png,train,False,
data/training_data/training_data/12041.png,train,False,
data/training_data/training_data/12042.png,train,False,
data/training_data/training_data/12043.png,train,False,
data/training_data/training_data/12044.png,train,False,
data/training_data/training_data/12045.png,train,False,
data/training_data/training_data/12046.png,train,False,
data/training_data/training_data/12047.png,train,False,
data/training_data/training_data/12048.png,train,False,
data/training_data/training_data/12049.png,train,False,
data/training_data/training_data/1205.png,train,False,
data/training_data/training_data/12050.png,train,False,
data/training_data/training_data/12051.png,train,False,
data/training_data/training_data/12052.png,train,False,
data/training_data/training_data/12053.png,train,False,
data/training_data/training_data/12054.png,train,False,
data/training_data/training_data/12055.png,train,False,
data/training_data/training_data/12056.png,train,False,
data/training_data/training_data/12057.png,train,False,
data/training_data/training_data/12058.png,train,False,
data/training_data/training_data/12059.png,train,False,
data/training_data/training_data/1206.png,train,False,
data/training_data/training_data/12060.png,train,False,
data/training_data/training_data/12061.png,train,False,
data/training_data/training_data/12062.png,train,False,
data/training_data/training_data/12063.png,train,False,
data/training_data/training_data/12064.png,train,False,
data/training_data/training_data/12065.png,train,False,
data/training_data/training_data/12066.png,train,False,
data/training_data/training_data/12067.png,train,False,
data/training_data/training_data/12068.png,train,False,
data/training_data/training_data/12069.png,train,False,
data/training_data/training_data/1207.png,train,False,
data/training_data/training_data/12070.png,train,False,
data/training_data/training_data/12071.png,train,False,
data/training_data/training_data/12072.png,train,False,
data/training_data/training_data/12073.png,train,False,
data/training_data/training_data/12074.png,train,False,
data/training_data/training_data/12075.png,train,False,
data/training_data/training_data/12076.png,train,False,
data/training_data/training_data/12077.png,train,False,
data/training_data/training_data/12078.png,train,False,
data/training_data/training_data/12079.png,train,False,
data/training_data/training_data/1208.png,train,False,
data/training_data/training_data/12080.png,train,False,
data/training_data/training_data/12081.png,train,False,
data/training_data/training_data/12082.png,train,False,
data/training_data/training_data/12083.png,train,False,
data/training_data/training_data/12084.png,train,False,
data/training_data/training_data/12085.png,train,False,
data/training_data/training_data/12086.png,train,False,
data/training_data/training_data/12087.png,train,False,
data/training_data/training_data/12088.png,train,False,
data/training_data/training_data/12089.png,train,False,
data/training_data/training_data/1209.png,train,False,
data/training_data/training_data/12090.png,train,False,
data/training_data/training_data/12091.png,train,False,
data/training_data/training_data/12092.png,train,False,
data/training_data/training_data/12093.png,train,False,
data/training_data/training_data/12094.png,train,False,
data/training_data/training_data/12095.png,train,False,
data/training_data/training_data/12096.png,train,False,
data/training_data/training_data/12097.png,train,False,
data/training_data/training_data/12098.png,train,False,
data/training_data/training_data/12099.png,train,False,
data/training_data/training_data/121.png,train,False,
data/training_data/training_data/1210.png,train,False,
data/training_data/training_data/12100.png,train,False,
data/training_data/training_data/12101.png,train,False,
data/training_data/training_data/12102.png,train,False,
data/training_data/training_data/12103.png,train,False,
data/training_data/training_data/12104.png,train,False,
data/training_data/training_data/12105.png,train,False,
data/training_data/training_data/12106.png,train,False,
data/training_data/training_data/12107.png,train,False,
data/training_data/training_data/12108.png,train,False,
data/training_data/training_data/12109.png,train,False,
data/training_data/training_data/1211.png,train,False,
data/training_data/training_data/12110.png,train,False,
data/training_data/training_data/12111.png,train,False,
data/training_data/training_data/12112.png,train,False,
data/training_data/training_data/12113.png,train,False,
data/training_data/training_data/12114.png,train,False,
data/training_data/training_data/12115.png,train,False,
data/training_data/training_data/12116.png,train,False,
data/training_data/training_data/12117.png,train,False,
data/training_data/training_data/12118.png,train,False,
data/training_data/training_data/12119.png,train,False,
data/training_data/training_data/1212.png,train,False,
data/training_data/training_data/12120.png,train,False,
data/training_data/training_data/12121.png,train,False,
data/training_data/training_data/12122.png,train,False,
data/training_data/training_data/12123.png,train,False,
data/training_data/training_data/12124.png,train,False,
data/training_data/training_data/12125.png,train,False,
data/training_data/training_data/12126.png,train,False,
data/training_data/training_data/12127.png,train,False,
data/training_data/training_data/12128.png,train,False,
data/training_data/training_data/12129.png,train,False,
data/training_data/training_data/1213.png,train,False,
data/training_data/training_data/12130.png,train,False,
data/training_data/training_data/12131.png,train,False,
data/training_data/training_data/12132.png,train,False,
data/training_data/training_data/12133.png,train,False,
data/training_data/training_data/12134.png,train,False,
data/training_data/training_data/12135.png,train,False,
data/training_data/training_data/12136.png,train,False,
data/training_data/training_data/12137.png,train,False,
data/training_data/training_data/12138.png,train,False,
data/training_data/training_data/12139.png,train,False,
data/training_data/training_data/1214.png,train,False,
data/training_data/training_data/12140.png,train,False,
data/training_data/training_data/12141.png,train,False,
data/training_data/training_data/12142.png,train,False,
data/training_data/training_data/12143.png,train,False,
data/training_data/training_data/12144.png,train,False,
data/training_data/training_data/12145.png,train,False,
data/training_data/training_data/12146.png,train,False,
data/training_data/training_data/12147.png,train,False,
data/training_data/training_data/12148.png,train,False,
data/training_data/training_data/12149.png,train,False,
data/training_data/training_data/1215.png,train,False,
data/training_data/training_data/12150.png,train,False,
data/training_data/training_data/12151.png,train,False,
data/training_data/training_data/12152.png,train,False,
data/training_data/training_data/12153.png,train,False,
data/training_data/training_data/12154.png,train,False,
data/training_data/training_data/12155.png,train,False,
data/training_data/training_data/12156.png,train,False,
data/training_data/training_data/12157.png,train,False,
data/training_data/training_data/12158.png,train,False,
data/training_data/training_data/12159.png,train,False,
data/training_data/training_data/1216.png,train,False,
data/training_data/training_data/12160.png,train,False,
data/training_data/training_data/12161.png,train,False,
data/training_data/training_data/12162.png,train,False,
data/training_data/training_data/12163.png,train,False,
data/training_data/training_data/12164.png,train,False,
data/training_data/training_data/12165.png,train,False,
data/training_data/training_data/12166.png,train,False,
data/training_data/training_data/12167.png,train,False,
data/training_data/training_data/12168.png,train,False,
data/training_data/training_data/12169.png,train,False,
data/training_data/training_data/1217.png,train,False,
data/training_data/training_data/12170.png,train,False,
data/training_data/training_data/12171.png,train,False,
data/training_data/training_data/12172.png,train,False,
data/training_data/training_data/12173.png,train,False,
data/training_data/training_data/12174.png,train,False,
data/training_data/training_data/12175.png,train,False,
data/training_data/training_data/12176.png,train,False,
data/training_data/training_data/12177.png,train,False,
data/training_data/training_data/12178.png,train,False,
data/training_data/training_data/12179.png,train,False,
data/training_data/training_data/1218.png,train,False,
data/training_data/training_data/12180.png,train,False,
data/training_data/training_data/12181.png,train,False,
data/training_data/training_data/12182.png,train,False,
data/training_data/training_data/12183.png,train,False,
data/training_data/training_data/12184.png,train,False,
data/training_data/training_data/12185.png,train,False,
data/training_data/training_data/12186.png,train,False,
data/training_data/training_data/12187.png,train,False,
data/training_data/training_data/12188.png,train,False,
data/training_data/training_data/12189.png,train,False,
data/training_data/training_data/1219.png,train,False,
data/training_data/training_data/12190.png,train,False,
data/training_data/training_data/12191.png,train,False,
data/training_data/training_data/12192.png,train,False,
data/training_data/training_data/12193.png,train,False,
data/training_data/training_data/12194.png,train,False,
data/training_data/training_data/12195.png,train,False,
data/training_data/training_data/12196.png,train,False,
data/training_data/training_data/12197.png,train,False,
data/training_data/training_data/12198.png,train,False,
data/training_data/training_data/12199.png,train,False,
data/training_data/training_data/122.png,train,False,
data/training_data/training_data/1220.png,train,False,
data/training_data/training_data/12200.png,train,False,
data/training_data/training_data/12201.png,train,False,
data/training_data/training_data/12202.png,train,False,
data/training_data/training_data/12203.png,train,False,
data/training_data/training_data/12204.png,train,False,
data/training_data/training_data/12205.png,train,False,
data/training_data/training_data/12206.png,train,False,
data/training_data/training_data/12207.png,train,False,
data/training_data/training_data/12208.png,train,False,
data/training_data/training_data/12209.png,train,False,
data/training_data/training_data/1221.png,train,False,
data/training_data/training_data/12210.png,train,False,
data/training_data/training_data/12211.png,train,False,
data/training_data/training_data/12212.png,train,False,
data/training_data/training_data/12213.png,train,False,
data/training_data/training_data/12214.png,train,False,
data/training_data/training_data/12215.png,train,False,
data/training_data/training_data/12216.png,train,False,
data/training_data/training_data/12217.png,train,False,
data/training_data/training_data/12218.png,train,False,
data/training_data/training_data/12219.png,train,False,
data/training_data/training_data/1222.png,train,False,
data/training_data/training_data/12220.png,train,False,
data/training_data/training_data/12221.png,train,False,
data/training_data/training_data/12222.png,train,False,
data/training_data/training_data/12223.png,train,False,
data/training_data/training_data/12224.png,train,False,
data/training_data/training_data/12225.png,train,False,
data/training_data/training_data/12226.png,train,False,
data/training_data/training_data/12227.png,train,False,
data/training_data/training_data/12228.png,train,False,
data/training_data/training_data/12229.png,train,False,
data/training_data/training_data/1223.png,train,False,
data/training_data/training_data/12230.png,train,False,
data/training_data/training_data/12231.png,train,False,
data/training_data/training_data/12232.png,train,False,
data/training_data/training_data/12233.png,train,False,
data/training_data/training_data/12234.png,train,False,
data/training_data/training_data/12235.png,train,False,
data/training_data/training_data/12236.png,train,False,
data/training_data/training_data/12237.png,train,False,
data/training_data/training_data/12238.png,train,False,
data/training_data/training_data/12239.png,train,False,
data/training_data/training_data/1224.png,train,False,
data/training_data/training_data/12240.png,train,False,
data/training_data/training_data/12241.png,train,False,
data/training_data/training_data/12242.png,train,False,
data/training_data/training_data/12243.png,train,False,
data/training_data/training_data/12244.png,train,False,
data/training_data/training_data/12245.png,train,False,
data/training_data/training_data/12246.png,train,False,
data/training_data/training_data/12247.png,train,False,
data/training_data/training_data/12248.png,train,False,
data/training_data/training_data/12249.png,train,False,
data/training_data/training_data/1225.png,train,False,
data/training_data/training_data/12250.png,train,False,
data/training_data/training_data/12251.png,train,False,
data/training_data/training_data/12252.png,train,False,
data/training_data/training_data/12253.png,train,False,
data/training_data/training_data/12254.png,train,False,
data/training_data/training_data/12255.png,train,False,
data/training_data/training_data/12256.png,train,False,
data/training_data/training_data/12257.png,train,False,
data/training_data/training_data/12258.png,train,False,
data/training_data/training_data/12259.png,train,False,
data/training_data/training_data/1226.png,train,False,
data/training_data/training_data/12260.png,train,False,
data/training_data/training_data/12261.png,train,False,
data/training_data/training_data/12262.png,train,False,
data/training_data/training_data/12263.png,train,False,
data/training_data/training_data/12264.png,train,False,
data/training_data/training_data/12265.png,train,False,
data/training_data/training_data/12266.png,train,False,
data/training_data/training_data/12267.png,train,False,
data/training_data/training_data/12268.png,train,False,
data/training_data/training_data/12269.png,train,False,
data/training_data/training_data/1227.png,train,False,
data/training_data/training_data/12270.png,train,False,
data/training_data/training_data/12271.png,train,False,
data/training_data/training_data/12272.png,train,False,
data/training_data/training_data/12273.png,train,False,
data/training_data/training_data/12274.png,train,False,
data/training_data/training_data/12275.png,train,False,
data/training_data/training_data/12276.png,train,False,
data/training_data/training_data/12277.png,train,False,
data/training_data/training_data/12278.png,train,False,
data/training_data/training_data/12279.png,train,False,
data/training_data/training_data/1228.png,train,False,
data/training_data/training_data/12280.png,train,False,
data/training_data/training_data/12281.png,train,False,
data/training_data/training_data/12282.png,train,False,
data/training_data/training_data/12283.png,train,False,
data/training_data/training_data/12284.png,train,False,
data/training_data/training_data/12285.png,train,False,
data/training_data/training_data/12286.png,train,False,
data/training_data/training_data/12287.png,train,False,
data/training_data/training_data/12288.png,train,False,
data/training_data/training_data/12289.png,train,False,
data/training_data/training_data/1229.png,train,False,
data/training_data/training_data/12290.png,train,False,
data/training_data/training_data/12291.png,train,False,
data/training_data/training_data/12292.png,train,False,
data/training_data/training_data/12293.png,train,False,
data/training_data/training_data/12294.png,train,False,
data/training_data/training_data/12295.png,train,False,
data/training_data/training_data/12296.png,train,False,
data/training_data/training_data/12297.png,train,False,
data/training_data/training_data/12298.png,train,False,
data/training_data/training_data/12299.png,train,False,
data/training_data/training_data/123.png,train,False,
data/training_data/training_data/1230.png,train,False,
data/training_data/training_data/12300.png,train,False,
data/training_data/training_data/12301.png,train,False,
data/training_data/training_data/12302.png,train,False,
data/training_data/training_data/12303.png,train,False,
data/training_data/training_data/12304.png,train,False,
data/training_data/training_data/12305.png,train,False,
data/training_data/training_data/12306.png,train,False,
data/training_data/training_data/12307.png,train,False,
data/training_data/training_data/12308.png,train,False,
data/training_data/training_data/12309.png,train,False,
data/training_data/training_data/1231.png,train,False,
data/training_data/training_data/12310.png,train,False,
data/training_data/training_data/12311.png,train,False,
data/training_data/training_data/12312.png,train,False,
data/training_data/training_data/12313.png,train,False,
data/training_data/training_data/12314.png,train,False,
data/training_data/training_data/12315.png,train,False,
data/training_data/training_data/12316.png,train,False,
data/training_data/training_data/12317.png,train,False,
data/training_data/training_data/12318.png,train,False,
data/training_data/training_data/12319.png,train,False,
data/training_data/training_data/1232.png,train,False,
data/training_data/training_data/12320.png,train,False,
data/training_data/training_data/12321.png,train,False,
data/training_data/training_data/12322.png,train,False,
data/training_data/training_data/12323.png,train,False,
data/training_data/training_data/12324.png,train,False,
data/training_data/training_data/12325.png,train,False,
data/training_data/training_data/12326.png,train,False,
data/training_data/training_data/12327.png,train,False,
data/training_data/training_data/12328.png,train,False,
data/training_data/training_data/12329.png,train,False,
data/training_data/training_data/1233.png,train,False,
data/training_data/training_data/12330.png,train,False,
data/training_data/training_data/12331.png,train,False,
data/training_data/training_data/12332.png,train,False,
data/training_data/training_data/12333.png,train,False,
data/training_data/training_data/12334.png,train,False,
data/training_data/training_data/12335.png,train,False,
data/training_data/training_data/12336.png,train,False,
data/training_data/training_data/12337.png,train,False,
data/training_data/training_data/12338.png,train,False,
data/training_data/training_data/12339.png,train,False,
data/training_data/training_data/1234.png,train,False,
data/training_data/training_data/12340.png,train,False,
data/training_data/training_data/12341.png,train,False,
data/training_data/training_data/12342.png,train,False,
data/training_data/training_data/12343.png,train,False,
data/training_data/training_data/12344.png,train,False,
data/training_data/training_data/12345.png,train,False,
data/training_data/training_data/12346.png,train,False,
data/training_data/training_data/12347.png,train,False,
data/training_data/training_data/12348.png,train,False,
data/training_data/training_data/12349.png,train,False,
data/training_data/training_data/1235.png,train,False,
data/training_data/training_data/12350.png,train,False,
data/training_data/training_data/12351.png,train,False,
data/training_data/training_data/12352.png,train,False,
data/training_data/training_data/12353.png,train,False,
data/training_data/training_data/12354.png,train,False,
data/training_data/training_data/12355.png,train,False,
data/training_data/training_data/12356.png,train,False,
data/training_data/training_data/12357.png,train,False,
data/training_data/training_data/12358.png,train,False,
data/training_data/training_data/12359.png,train,False,
data/training_data/training_data/1236.png,train,False,
data/training_data/training_data/12360.png,train,False,
data/training_data/training_data/12361.png,train,False,
data/training_data/training_data/12362.png,train,False,
data/training_data/training_data/12363.png,train,False,
data/training_data/training_data/12364.png,train,False,
data/training_data/training_data/12365.png,train,False,
data/training_data/training_data/12366.png,train,False,
data/training_data/training_data/12367.png,train,False,
data/training_data/training_data/12368.png,train,False,
data/training_data/training_data/12369.png,train,False,
data/training_data/training_data/1237.png,train,False,
data/training_data/training_data/12370.png,train,False,
data/training_data/training_data/12371.png,train,False,
data/training_data/training_data/12372.png,train,False,
data/training_data/training_data/12373.png,train,False,
data/training_data/training_data/12374.png,train,False,
data/training_data/training_data/12375.png,train,False,
data/training_data/training_data/12376.png,train,False,
data/training_data/training_data/12377.png,train,False,
data/training_data/training_data/12378.png,train,False,
data/training_data/training_data/12379.png,train,False,
data/training_data/training_data/1238.png,train,False,
data/training_data/training_data/12380.png,train,False,
data/training_data/training_data/12381.png,train,False,
data/training_data/training_data/12382.png,train,False,
data/training_data/training_data/12383.png,train,False,
data/training_data/training_data/12384.png,train,False,
data/training_data/training_data/12385.png,train,False,
data/training_data/training_data/12386.png,train,False,
data/training_data/training_data/12387.png,train,False,
data/training_data/training_data/12388.png,train,False,
data/training_data/training_data/12389.png,train,False,
data/training_data/training_data/1239.png,train,False,
data/training_data/training_data/12390.png,train,False,
data/training_data/training_data/12391.png,train,False,
data/training_data/training_data/12392.png,train,False,
data/training_data/training_data/12393.png,train,False,
data/training_data/training_data/12394.png,train,False,
data/training_data/training_data/12395.png,train,False,
data/training_data/training_data/12396.png,train,False,
data/training_data/training_data/12397.png,train,False,
data/training_data/training_data/12398.png,train,False,
data/training_data/training_data/12399.png,train,False,
data/training_data/training_data/124.png,train,False,
data/training_data/training_data/1240.png,train,False,
data/training_data/training_data/12400.png,train,False,
data/training_data/training_data/12401.png,train,False,
data/training_data/training_data/12402.png,train,False,
data/training_data/training_data/12403.png,train,False,
data/training_data/training_data/12404.png,train,False,
data/training_data/training_data/12405.png,train,False,
data/training_data/training_data/12406.png,train,False,
data/training_data/training_data/12407.png,train,False,
data/training_data/training_data/12408.png,train,False,
data/training_data/training_data/12409.png,train,False,
data/training_data/training_data/1241.png,train,False,
data/training_data/training_data/12410.png,train,False,
data/training_data/training_data/12411.png,train,False,
data/training_data/training_data/12412.png,train,False,
data/training_data/training_data/12413.png,train,False,
data/training_data/training_data/12414.png,train,False,
data/training_data/training_data/12415.png,train,False,
data/training_data/training_data/12416.png,train,False,
data/training_data/training_data/12417.png,train,False,
data/training_data/training_data/12418.png,train,False,
data/training_data/training_data/12419.png,train,False,
data/training_data/training_data/1242.png,train,False,
data/training_data/training_data/12420.png,train,False,
data/training_data/training_data/12421.png,train,False,
data/training_data/training_data/12422.png,train,False,
data/training_data/training_data/12423.png,train,False,
data/training_data/training_data/12424.png,train,False,
data/training_data/training_data/12425.png,train,False,
data/training_data/training_data/12426.png,train,False,
data/training_data/training_data/12427.png,train,False,
data/training_data/training_data/12428.png,train,False,
data/training_data/training_data/12429.png,train,False,
data/training_data/training_data/1243.png,train,False,
data/training_data/training_data/12430.png,train,False,
data/training_data/training_data/12431.png,train,False,
data/training_data/training_data/12432.png,train,False,
data/training_data/training_data/12433.png,train,False,
data/training_data/training_data/12434.png,train,False,
data/training_data/training_data/12435.png,train,False,
data/training_data/training_data/12436.png,train,False,
data/training_data/training_data/12437.png,train,False,
data/training_data/training_data/12438.png,train,False,
data/training_data/training_data/12439.png,train,False,
data/training_data/training_data/1244.png,train,False,
data/training_data/training_data/12440.png,train,False,
data/training_data/training_data/12441.png,train,False,
data/training_data/training_data/12442.png,train,False,
data/training_data/training_data/12443.png,train,False,
data/training_data/training_data/12444.png,train,False,
data/training_data/training_data/12445.png,train,False,
data/training_data/training_data/12446.png,train,False,
data/training_data/training_data/12447.png,train,False,
data/training_data/training_data/12448.png,train,False,
data/training_data/training_data/12449.png,train,False,
data/training_data/training_data/1245.png,train,False,
data/training_data/training_data/12450.png,train,False,
data/training_data/training_data/12451.png,train,False,
data/training_data/training_data/12452.png,train,False,
data/training_data/training_data/12453.png,train,False,
data/training_data/training_data/12454.png,train,False,
data/training_data/training_data/12455.png,train,False,
data/training_data/training_data/12456.png,train,False,
data/training_data/training_data/12457.png,train,False,
data/training_data/training_data/12458.png,train,False,
data/training_data/training_data/12459.png,train,False,
data/training_data/training_data/1246.png,train,False,
data/training_data/training_data/12460.png,train,False,
data/training_data/training_data/12461.png,train,False,
data/training_data/training_data/12462.png,train,False,
data/training_data/training_data/12463.png,train,False,
data/training_data/training_data/12464.png,train,False,
data/training_data/training_data/12465.png,train,False,
data/training_data/training_data/12466.png,train,False,
data/training_data/training_data/12467.png,train,False,
data/training_data/training_data/12468.png,train,False,
data/training_data/training_data/12469.png,train,False,
data/training_data/training_data/1247.png,train,False,
data/training_data/training_data/12470.png,train,False,
data/training_data/training_data/12471.png,train,False,
data/training_data/training_data/12472.png,train,False,
data/training_data/training_data/12473.png,train,False,
data/training_data/training_data/12474.png,train,False,
data/training_data/training_data/12475.png,train,False,
data/training_data/training_data/12476.png,train,False,
data/training_data/training_data/12477.png,train,False,
data/training_data/training_data/12478.png,train,False,
data/training_data/training_data/12479.png,train,False,
data/training_data/training_data/1248.png,train,False,
data/training_data/training_data/12480.png,train,False,
data/training_data/training_data/12481.png,train,False,
data/training_data/training_data/12482.png,train,False,
data/training_data/training_data/12483.png,train,False,
data/training_data/training_data/12484.png,train,False,
data/training_data/training_data/12485.png,train,False,
data/training_data/training_data/12486.png,train,False,
data/training_data/training_data/12487.png,train,False,
data/training_data/training_data/12488.png,train,False,
data/training_data/training_data/12489.png,train,False,
data/training_data/training_data/1249.png,train,False,
data/training_data/training_data/12490.png,train,False,
data/training_data/training_data/12491.png,train,False,
data/training_data/training_data/12492.png,train,False,
data/training_data/training_data/12493.png,train,False,
data/training_data/training_data/12494.png,train,False,
data/training_data/training_data/12495.png,train,False,
data/training_data/training_data/12496.png,train,False,
data/training_data/training_data/12497.png,train,False,
data/training_data/training_data/12498.png,train,False,
data/training_data/training_data/12499.png,train,False,
data/training_data/training_data/125.png,train,False,
data/training_data/training_data/1250.png,train,False,
data/training_data/training_data/12500.png,train,False,
data/training_data/training_data/12501.png,train,False,
data/training_data/training_data/12502.png,train,False,
data/training_data/training_data/12503.png,train,False,
data/training_data/training_data/12504.png,train,False,
data/training_data/training_data/12505.png,train,False,
data/training_data/training_data/12506.png,train,False,
data/training_data/training_data/12507.png,train,False,
data/training_data/training_data/12508.png,train,False,
data/training_data/training_data/12509.png,train,False,
data/training_data/training_data/1251.png,train,False,
data/training_data/training_data/12510.png,train,False,
data/training_data/training_data/12511.png,train,False,
data/training_data/training_data/12512.png,train,False,
data/training_data/training_data/12513.png,train,False,
data/training_data/training_data/12514.png,train,False,
data/training_data/training_data/12515.png,train,False,
data/training_data/training_data/12516.png,train,False,
data/training_data/training_data/12517.png,train,False,
data/training_data/training_data/12518.png,train,False,
data/training_data/training_data/12519.png,train,False,
data/training_data/training_data/1252.png,train,False,
data/training_data/training_data/12520.png,train,False,
data/training_data/training_data/12521.png,train,False,
data/training_data/training_data/12522.png,train,False,
data/training_data/training_data/12523.png,train,False,
data/training_data/training_data/12524.png,train,False,
data/training_data/training_data/12525.png,train,False,
data/training_data/training_data/12526.png,train,False,
data/training_data/training_data/12527.png,train,False,
data/training_data/training_data/12528.png,train,False,
data/training_data/training_data/12529.png,train,False,
data/training_data/training_data/1253.png,train,False,
data/training_data/training_data/12530.png,train,False,
data/training_data/training_data/12531.png,train,False,
data/training_data/training_data/12532.png,train,False,
data/training_data/training_data/12533.png,train,False,
data/training_data/training_data/12534.png,train,False,
data/training_data/training_data/12535.png,train,False,
data/training_data/training_data/12536.png,train,False,
data/training_data/training_data/12537.png,train,False,
data/training_data/training_data/12538.png,train,False,
data/training_data/training_data/12539.png,train,False,
data/training_data/training_data/1254.png,train,False,
data/training_data/training_data/12540.png,train,False,
data/training_data/training_data/12541.png,train,False,
data/training_data/training_data/12542.png,train,False,
data/training_data/training_data/12543.png,train,False,
data/training_data/training_data/12544.png,train,False,
data/training_data/training_data/12545.png,train,False,
data/training_data/training_data/12546.png,train,False,
data/training_data/training_data/12547.png,train,False,
data/training_data/training_data/12548.png,train,False,
data/training_data/training_data/12549.png,train,False,
data/training_data/training_data/1255.png,train,False,
data/training_data/training_data/12550.png,train,False,
data/training_data/training_data/12551.png,train,False,
data/training_data/training_data/12552.png,train,False,
data/training_data/training_data/12553.png,train,False,
data/training_data/training_data/12554.png,train,False,
data/training_data/training_data/12555.png,train,False,
data/training_data/training_data/12556.png,train,False,
data/training_data/training_data/12557.png,train,False,
data/training_data/training_data/12558.png,train,False,
data/training_data/training_data/12559.png,train,False,
data/training_data/training_data/1256.png,train,False,
data/training_data/training_data/12560.png,train,False,
data/training_data/training_data/12561.png,train,False,
data/training_data/training_data/12562.png,train,False,
data/training_data/training_data/12563.png,train,False,
data/training_data/training_data/12564.png,train,False,
data/training_data/training_data/12565.png,train,False,
data/training_data/training_data/12566.png,train,False,
data/training_data/training_data/12567.png,train,False,
data/training_data/training_data/12568.png,train,False,
data/training_data/training_data/12569.png,train,False,
data/training_data/training_data/1257.png,train,False,
data/training_data/training_data/12570.png,train,False,
data/training_data/training_data/12571.png,train,False,
data/training_data/training_data/12572.png,train,False,
data/training_data/training_data/12573.png,train,False,
data/training_data/training_data/12574.png,train,False,
data/training_data/training_data/12575.png,train,False,
data/training_data/training_data/12576.png,train,False,
data/training_data/training_data/12577.png,train,False,
data/training_data/training_data/12578.png,train,False,
data/training_data/training_data/12579.png,train,False,
data/training_data/training_data/1258.png,train,False,
data/training_data/training_data/12580.png,train,False,
data/training_data/training_data/12581.png,train,False,
data/training_data/training_data/12582.png,train,False,
data/training_data/training_data/12583.png,train,False,
data/training_data/training_data/12584.png,train,False,
data/training_data/training_data/12585.png,train,False,
data/training_data/training_data/12586.png,train,False,
data/training_data/training_data/12587.png,train,False,
data/training_data/training_data/12588.png,train,False,
data/training_data/training_data/12589.png,train,False,
data/training_data/training_data/1259.png,train,False,
data/training_data/training_data/12590.png,train,False,
data/training_data/training_data/12591.png,train,False,
data/training_data/training_data/12592.png,train,False,
data/training_data/training_data/12593.png,train,False,
data/training_data/training_data/12594.png,train,False,
data/training_data/training_data/12595.png,train,False,
data/training_data/training_data/12596.png,train,False,
data/training_data/training_data/12597.png,train,False,
data/training_data/training_data/12598.png,train,False,
data/training_data/training_data/12599.png,train,False,
data/training_data/training_data/126.png,train,False,
data/training_data/training_data/1260.png,train,False,
data/training_data/training_data/12600.png,train,False,
data/training_data/training_data/12601.png,train,False,
data/training_data/training_data/12602.png,train,False,
data/training_data/training_data/12603.png,train,False,
data/training_data/training_data/12604.png,train,False,
data/training_data/training_data/12605.png,train,False,
data/training_data/training_data/12606.png,train,False,
data/training_data/training_data/12607.png,train,False,
data/training_data/training_data/12608.png,train,False,
data/training_data/training_data/12609.png,train,False,
data/training_data/training_data/1261.png,train,False,
data/training_data/training_data/12610.png,train,False,
data/training_data/training_data/12611.png,train,False,
data/training_data/training_data/12612.png,train,False,
data/training_data/training_data/12613.png,train,False,
data/training_data/training_data/12614.png,train,False,
data/training_data/training_data/12615.png,train,False,
data/training_data/training_data/12616.png,train,False,
data/training_data/training_data/12617.png,train,False,
data/training_data/training_data/12618.png,train,False,
data/training_data/training_data/12619.png,train,False,
data/training_data/training_data/1262.png,train,False,
data/training_data/training_data/12620.png,train,False,
data/training_data/training_data/12621.png,train,False,
data/training_data/training_data/12622.png,train,False,
data/training_data/training_data/12623.png,train,False,
data/training_data/training_data/12624.png,train,False,
data/training_data/training_data/12625.png,train,False,
data/training_data/training_data/12626.png,train,False,
data/training_data/training_data/12627.png,train,False,
data/training_data/training_data/12628.png,train,False,
data/training_data/training_data/12629.png,train,False,
data/training_data/training_data/1263.png,train,False,
data/training_data/training_data/12630.png,train,False,
data/training_data/training_data/12631.png,train,False,
data/training_data/training_data/12632.png,train,False,
data/training_data/training_data/12633.png,train,False,
data/training_data/training_data/12634.png,train,False,
data/training_data/training_data/12635.png,train,False,
data/training_data/training_data/12636.png,train,False,
data/training_data/training_data/12637.png,train,False,
data/training_data/training_data/12639.png,train,False,
data/training_data/training_data/1264.png,train,False,
data/training_data/training_data/12640.png,train,False,
data/training_data/training_data/12641.png,train,False,
data/training_data/training_data/12642.png,train,False,
data/training_data/training_data/12643.png,train,False,
data/training_data/training_data/12644.png,train,False,
data/training_data/training_data/12645.png,train,False,
data/training_data/training_data/12646.png,train,False,
data/training_data/training_data/12647.png,train,False,
data/training_data/training_data/12648.png,train,False,
data/training_data/training_data/12649.png,train,False,
data/training_data/training_data/1265.png,train,False,
data/training_data/training_data/12650.png,train,False,
data/training_data/training_data/12651.png,train,False,
data/training_data/training_data/12652.png,train,False,
data/training_data/training_data/12653.png,train,False,
data/training_data/training_data/12654.png,train,False,
data/training_data/training_data/12655.png,train,False,
data/training_data/training_data/12656.png,train,False,
data/training_data/training_data/12657.png,train,False,
data/training_data/training_data/12658.png,train,False,
data/training_data/training_data/12659.png,train,False,
data/training_data/training_data/1266.png,train,False,
data/training_data/training_data/12660.png,train,False,
data/training_data/training_data/12661.png,train,False,
data/training_data/training_data/12662.png,train,False,
data/training_data/training_data/12663.png,train,False,
data/training_data/training_data/12664.png,train,False,
data/training_data/training_data/12665.png,train,False,
data/training_data/training_data/12666.png,train,False,
data/training_data/training_data/12667.png,train,False,
data/training_data/training_data/12668.png,train,False,
data/training_data/training_data/12669.png,train,False,
data/training_data/training_data/1267.png,train,False,
data/training_data/training_data/12670.png,train,False,
data/training_data/training_data/12671.png,train,False,
data/training_data/training_data/12672.png,train,False,
data/training_data/training_data/12673.png,train,False,
data/training_data/training_data/12674.png,train,False,
data/training_data/training_data/12675.png,train,False,
data/training_data/training_data/12676.png,train,False,
data/training_data/training_data/12677.png,train,False,
data/training_data/training_data/12678.png,train,False,
data/training_data/training_data/12679.png,train,False,
data/training_data/training_data/1268.png,train,False,
data/training_data/training_data/12680.png,train,False,
data/training_data/training_data/12681.png,train,False,
data/training_data/training_data/12682.png,train,False,
data/training_data/training_data/12683.png,train,False,
data/training_data/training_data/12684.png,train,False,
data/training_data/training_data/12685.png,train,False,
data/training_data/training_data/12686.png,train,False,
data/training_data/training_data/12687.png,train,False,
data/training_data/training_data/12688.png,train,False,
data/training_data/training_data/12689.png,train,False,
data/training_data/training_data/1269.png,train,False,
data/training_data/training_data/12690.png,train,False,
data/training_data/training_data/12691.png,train,False,
data/training_data/training_data/12692.png,train,False,
data/training_data/training_data/12693.png,train,False,
data/training_data/training_data/12694.png,train,False,
data/training_data/training_data/12695.png,train,False,
data/training_data/training_data/12696.png,train,False,
data/training_data/training_data/12697.png,train,False,
data/training_data/training_data/12698.png,train,False,
data/training_data/training_data/12699.png,train,False,
data/training_data/training_data/127.png,train,False,
data/training_data/training_data/1270.png,train,False,
data/training_data/training_data/12700.png,train,False,
data/training_data/training_data/12701.png,train,False,
data/training_data/training_data/12702.png,train,False,
data/training_data/training_data/12703.png,train,False,
data/training_data/training_data/12704.png,train,False,
data/training_data/training_data/12705.png,train,False,
data/training_data/training_data/12706.png,train,False,
data/training_data/training_data/12707.png,train,False,
data/training_data/training_data/12708.png,train,False,
data/training_data/training_data/12709.png,train,False,
data/training_data/training_data/1271.png,train,False,
data/training_data/training_data/12711.png,train,False,
data/training_data/training_data/12712.png,train,False,
data/training_data/training_data/12713.png,train,False,
data/training_data/training_data/12714.png,train,False,
data/training_data/training_data/12715.png,train,False,
data/training_data/training_data/12716.png,train,False,
data/training_data/training_data/12717.png,train,False,
data/training_data/training_data/12718.png,train,False,
data/training_data/training_data/12719.png,train,False,
data/training_data/training_data/1272.png,train,False,
data/training_data/training_data/12720.png,train,False,
data/training_data/training_data/12721.png,train,False,
data/training_data/training_data/12722.png,train,False,
data/training_data/training_data/12723.png,train,False,
data/training_data/training_data/12724.png,train,False,
data/training_data/training_data/12725.png,train,False,
data/training_data/training_data/12726.png,train,False,
data/training_data/training_data/12727.png,train,False,
data/training_data/training_data/12728.png,train,False,
data/training_data/training_data/12729.png,train,False,
data/training_data/training_data/1273.png,train,False,
data/training_data/training_data/12730.png,train,False,
data/training_data/training_data/12731.png,train,False,
data/training_data/training_data/12732.png,train,False,
data/training_data/training_data/12733.png,train,False,
data/training_data/training_data/12734.png,train,False,
data/training_data/training_data/12735.png,train,False,
data/training_data/training_data/12736.png,train,False,
data/training_data/training_data/12737.png,train,False,
data/training_data/training_data/12738.png,train,False,
data/training_data/training_data/12739.png,train,False,
data/training_data/training_data/1274.png,train,False,
data/training_data/training_data/12740.png,train,False,
data/training_data/training_data/12741.png,train,False,
data/training_data/training_data/12742.png,train,False,
data/training_data/training_data/12743.png,train,False,
data/training_data/training_data/12744.png,train,False,
data/training_data/training_data/12745.png,train,False,
data/training_data/training_data/12746.png,train,False,
data/training_data/training_data/12747.png,train,False,
data/training_data/training_data/12748.png,train,False,
data/training_data/training_data/12749.png,train,False,
data/training_data/training_data/1275.png,train,False,
data/training_data/training_data/12750.png,train,False,
data/training_data/training_data/12751.png,train,False,
data/training_data/training_data/12752.png,train,False,
data/training_data/training_data/12753.png,train,False,
data/training_data/training_data/12754.png,train,False,
data/training_data/training_data/12755.png,train,False,
data/training_data/training_data/12756.png,train,False,
data/training_data/training_data/12757.png,train,False,
data/training_data/training_data/12758.png,train,False,
data/training_data/training_data/12759.png,train,False,
data/training_data/training_data/1276.png,train,False,
data/training_data/training_data/12760.png,train,False,
data/training_data/training_data/12761.png,train,False,
data/training_data/training_data/12762.png,train,False,
data/training_data/training_data/12763.png,train,False,
data/training_data/training_data/12764.png,train,False,
data/training_data/training_data/12765.png,train,False,
data/training_data/training_data/12766.png,train,False,
data/training_data/training_data/12767.png,train,False,
data/training_data/training_data/12768.png,train,False,
data/training_data/training_data/12769.png,train,False,
data/training_data/training_data/1277.png,train,False,
data/training_data/training_data/12770.png,train,False,
data/training_data/training_data/12771.png,train,False,
data/training_data/training_data/12772.png,train,False,
data/training_data/training_data/12773.png,train,False,
data/training_data/training_data/12774.png,train,False,
data/training_data/training_data/12775.png,train,False,
data/training_data/training_data/12776.png,train,False,
data/training_data/training_data/12777.png,train,False,
data/training_data/training_data/12778.png,train,False,
data/training_data/training_data/12779.png,train,False,
data/training_data/training_data/1278.png,train,False,
data/training_data/training_data/12780.png,train,False,
data/training_data/training_data/12781.png,train,False,
data/training_data/training_data/12782.png,train,False,
data/training_data/training_data/12783.png,train,False,
data/training_data/training_data/12784.png,train,False,
data/training_data/training_data/12785.png,train,False,
data/training_data/training_data/12786.png,train,False,
data/training_data/training_data/12787.png,train,False,
data/training_data/training_data/12788.png,train,False,
data/training_data/training_data/12789.png,train,False,
data/training_data/training_data/1279.png,train,False,
data/training_data/training_data/12790.png,train,False,
data/training_data/training_data/12791.png,train,False,
data/training_data/training_data/12792.png,train,False,
data/training_data/training_data/12793.png,train,False,
data/training_data/training_data/12794.png,train,False,
data/training_data/training_data/12795.png,train,False,
data/training_data/training_data/12796.png,train,False,
data/training_data/training_data/12797.png,train,False,
data/training_data/training_data/12798.png,train,False,
data/training_data/training_data/12799.png,train,False,
data/training_data/training_data/128.png,train,False,
data/training_data/training_data/1280.png,train,False,
data/training_data/training_data/12800.png,train,False,
data/training_data/training_data/12801.png,train,False,
data/training_data/training_data/12802.png,train,False,
data/training_data/training_data/12803.png,train,False,
data/training_data/training_data/12804.png,train,False,
data/training_data/training_data/12805.png,train,False,
data/training_data/training_data/12806.png,train,False,
data/training_data/training_data/12807.png,train,False,
data/training_data/training_data/12808.png,train,False,
data/training_data/training_data/12809.png,train,False,
data/training_data/training_data/1281.png,train,False,
data/training_data/training_data/12810.png,train,False,
data/training_data/training_data/12811.png,train,False,
data/training_data/training_data/12812.png,train,False,
data/training_data/training_data/12813.png,train,False,
data/training_data/training_data/12814.png,train,False,
data/training_data/training_data/12815.png,train,False,
data/training_data/training_data/12816.png,train,False,
data/training_data/training_data/12817.png,train,False,
data/training_data/training_data/12818.png,train,False,
data/training_data/training_data/12819.png,train,False,
data/training_data/training_data/1282.png,train,False,
data/training_data/training_data/12820.png,train,False,
data/training_data/training_data/12821.png,train,False,
data/training_data/training_data/12822.png,train,False,
data/training_data/training_data/12823.png,train,False,
data/training_data/training_data/12824.png,train,False,
data/training_data/training_data/12825.png,train,False,
data/training_data/training_data/12826.png,train,False,
data/training_data/training_data/12827.png,train,False,
data/training_data/training_data/12828.png,train,False,
data/training_data/training_data/12829.png,train,False,
data/training_data/training_data/1283.png,train,False,
data/training_data/training_data/12830.png,train,False,
data/training_data/training_data/12831.png,train,False,
data/training_data/training_data/12832.png,train,False,
data/training_data/training_data/12833.png,train,False,
data/training_data/training_data/12834.png,train,False,
data/training_data/training_data/12835.png,train,False,
data/training_data/training_data/12836.png,train,False,
data/training_data/training_data/12837.png,train,False,
data/training_data/training_data/12838.png,train,False,
data/training_data/training_data/12839.png,train,False,
data/training_data/training_data/1284.png,train,False,
data/training_data/training_data/12840.png,train,False,
data/training_data/training_data/12841.png,train,False,
data/training_data/training_data/12842.png,train,False,
data/training_data/training_data/12843.png,train,False,
data/training_data/training_data/12844.png,train,False,
data/training_data/training_data/12845.png,train,False,
data/training_data/training_data/12846.png,train,False,
data/training_data/training_data/12847.png,train,False,
data/training_data/training_data/12848.png,train,False,
data/training_data/training_data/12849.png,train,False,
data/training_data/training_data/1285.png,train,False,
data/training_data/training_data/12850.png,train,False,
data/training_data/training_data/12851.png,train,False,
data/training_data/training_data/12852.png,train,False,
data/training_data/training_data/12853.png,train,False,
data/training_data/training_data/12854.png,train,False,
data/training_data/training_data/12855.png,train,False,
data/training_data/training_data/12856.png,train,False,
data/training_data/training_data/12857.png,train,False,
data/training_data/training_data/12858.png,train,False,
data/training_data/training_data/12859.png,train,False,
data/training_data/training_data/1286.png,train,False,
data/training_data/training_data/12860.png,train,False,
data/training_data/training_data/12861.png,train,False,
data/training_data/training_data/12862.png,train,False,
data/training_data/training_data/12863.png,train,False,
data/training_data/training_data/12864.png,train,False,
data/training_data/training_data/12865.png,train,False,
data/training_data/training_data/12866.png,train,False,
data/training_data/training_data/12867.png,train,False,
data/training_data/training_data/12868.png,train,False,
data/training_data/training_data/12869.png,train,False,
data/training_data/training_data/1287.png,train,False,
data/training_data/training_data/12870.png,train,False,
data/training_data/training_data/12871.png,train,False,
data/training_data/training_data/12872.png,train,False,
data/training_data/training_data/12873.png,train,False,
data/training_data/training_data/12874.png,train,False,
data/training_data/training_data/12875.png,train,False,
data/training_data/training_data/12876.png,train,False,
data/training_data/training_data/12877.png,train,False,
data/training_data/training_data/12878.png,train,False,
data/training_data/training_data/12879.png,train,False,
data/training_data/training_data/1288.png,train,False,
data/training_data/training_data/12880.png,train,False,
data/training_data/training_data/12881.png,train,False,
data/training_data/training_data/12882.png,train,False,
data/training_data/training_data/12883.png,train,False,
data/training_data/training_data/12884.png,train,False,
data/training_data/training_data/12885.png,train,False,
data/training_data/training_data/12886.png,train,False,
data/training_data/training_data/12887.png,train,False,
data/training_data/training_data/12888.png,train,False,
data/training_data/training_data/12889.png,train,False,
data/training_data/training_data/1289.png,train,False,
data/training_data/training_data/12890.png,train,False,
data/training_data/training_data/12891.png,train,False,
data/training_data/training_data/12892.png,train,False,
data/training_data/training_data/12893.png,train,False,
data/training_data/training_data/12894.png,train,False,
data/training_data/training_data/12895.png,train,False,
data/training_data/training_data/12896.png,train,False,
data/training_data/training_data/12897.png,train,False,
data/training_data/training_data/12898.png,train,False,
data/training_data/training_data/12899.png,train,False,
data/training_data/training_data/129.png,train,False,
data/training_data/training_data/1290.png,train,False,
data/training_data/training_data/12900.png,train,False,
data/training_data/training_data/12901.png,train,False,
data/training_data/training_data/12902.png,train,False,
data/training_data/training_data/12903.png,train,False,
data/training_data/training_data/12904.png,train,False,
data/training_data/training_data/12905.png,train,False,
data/training_data/training_data/12906.png,train,False,
data/training_data/training_data/12907.png,train,False,
data/training_data/training_data/12908.png,train,False,
data/training_data/training_data/12909.png,train,False,
data/training_data/training_data/1291.png,train,False,
data/training_data/training_data/12910.png,train,False,
data/training_data/training_data/12911.png,train,False,
data/training_data/training_data/12912.png,train,False,
data/training_data/training_data/12913.png,train,False,
data/training_data/training_data/12914.png,train,False,
data/training_data/training_data/12915.png,train,False,
data/training_data/training_data/12916.png,train,False,
data/training_data/training_data/12917.png,train,False,
data/training_data/training_data/12918.png,train,False,
data/training_data/training_data/12919.png,train,False,
data/training_data/training_data/1292.png,train,False,
data/training_data/training_data/12920.png,train,False,
data/training_data/training_data/12921.png,train,False,
data/training_data/training_data/12922.png,train,False,
data/training_data/training_data/12923.png,train,False,
data/training_data/training_data/12924.png,train,False,
data/training_data/training_data/12925.png,train,False,
data/training_data/training_data/12926.png,train,False,
data/training_data/training_data/12927.png,train,False,
data/training_data/training_data/12928.png,train,False,
data/training_data/training_data/12929.png,train,False,
data/training_data/training_data/1293.png,train,False,
data/training_data/training_data/12930.png,train,False,
data/training_data/training_data/12931.png,train,False,
data/training_data/training_data/12932.png,train,False,
data/training_data/training_data/12933.png,train,False,
data/training_data/training_data/12934.png,train,False,
data/training_data/training_data/12935.png,train,False,
data/training_data/training_data/12936.png,train,False,
data/training_data/training_data/12937.png,train,False,
data/training_data/training_data/12938.png,train,False,
data/training_data/training_data/12939.png,train,False,
data/training_data/training_data/1294.png,train,False,
data/training_data/training_data/12940.png,train,False,
data/training_data/training_data/12941.png,train,False,
data/training_data/training_data/12942.png,train,False,
data/training_data/training_data/12943.png,train,False,
data/training_data/training_data/12944.png,train,False,
data/training_data/training_data/12945.png,train,False,
data/training_data/training_data/12946.png,train,False,
data/training_data/training_data/12947.png,train,False,
data/training_data/training_data/12948.png,train,False,
data/training_data/training_data/12949.png,train,False,
data/training_data/training_data/1295.png,train,False,
data/training_data/training_data/12950.png,train,False,
data/training_data/training_data/12951.png,train,False,
data/training_data/training_data/12952.png,train,False,
data/training_data/training_data/12953.png,train,False,
data/training_data/training_data/12954.png,train,False,
data/training_data/training_data/12955.png,train,False,
data/training_data/training_data/12956.png,train,False,
data/training_data/training_data/12957.png,train,False,
data/training_data/training_data/12958.png,train,False,
data/training_data/training_data/12959.png,train,False,
data/training_data/training_data/1296.png,train,False,
data/training_data/training_data/12960.png,train,False,
data/training_data/training_data/12961.png,train,False,
data/training_data/training_data/12962.png,train,False,
data/training_data/training_data/12963.png,train,False,
data/training_data/training_data/12964.png,train,False,
data/training_data/training_data/12965.png,train,False,
data/training_data/training_data/12966.png,train,False,
data/training_data/training_data/12967.png,train,False,
data/training_data/training_data/12968.png,train,False,
data/training_data/training_data/12969.png,train,False,
data/training_data/training_data/1297.png,train,False,
data/training_data/training_data/12970.png,train,False,
data/training_data/training_data/12971.png,train,False,
data/training_data/training_data/12972.png,train,False,
data/training_data/training_data/12973.png,train,False,
data/training_data/training_data/12974.png,train,False,
data/training_data/training_data/12975.png,train,False,
data/training_data/training_data/12976.png,train,False,
data/training_data/training_data/12977.png,train,False,
data/training_data/training_data/12978.png,train,False,
data/training_data/training_data/12979.png,train,False,
data/training_data/training_data/1298.png,train,False,
data/training_data/training_data/12980.png,train,False,
data/training_data/training_data/12981.png,train,False,
data/training_data/training_data/12982.png,train,False,
data/training_data/training_data/12983.png,train,False,
data/training_data/training_data/12984.png,train,False,
data/training_data/training_data/12985.png,train,False,
data/training_data/training_data/12986.png,train,False,
data/training_data/training_data/12987.png,train,False,
data/training_data/training_data/12988.png,train,False,
data/training_data/training_data/12989.png,train,False,
data/training_data/training_data/1299.png,train,False,
data/training_data/training_data/12990.png,train,False,
data/training_data/training_data/12991.png,train,False,
data/training_data/training_data/12992.png,train,False,
data/training_data/training_data/12993.png,train,False,
data/training_data/training_data/12994.png,train,False,
data/training_data/training_data/12995.png,train,False,
data/training_data/training_data/12996.png,train,False,
data/training_data/training_data/12997.png,train,False,
data/training_data/training_data/12998.png,train,False,
data/training_data/training_data/12999.png,train,False,
data/training_data/training_data/13.png,train,False,
data/training_data/training_data/130.png,train,False,
data/training_data/training_data/1300.png,train,False,
data/training_data/training_data/13000.png,train,False,
data/training_data/training_data/13001.png,train,False,
data/training_data/training_data/13002.png,train,False,
data/training_data/training_data/13003.png,train,False,
data/training_data/training_data/13004.png,train,False,
data/training_data/training_data/13005.png,train,False,
data/training_data/training_data/13006.png,train,False,
data/training_data/training_data/13007.png,train,False,
data/training_data/training_data/13008.png,train,False,
data/training_data/training_data/13009.png,train,False,
data/training_data/training_data/1301.png,train,False,
data/training_data/training_data/13010.png,train,False,
data/training_data/training_data/13011.png,train,False,
data/training_data/training_data/13012.png,train,False,
data/training_data/training_data/13013.png,train,False,
data/training_data/training_data/13014.png,train,False,
data/training_data/training_data/13015.png,train,False,
data/training_data/training_data/13016.png,train,False,
data/training_data/training_data/13017.png,train,False,
data/training_data/training_data/13018.png,train,False,
data/training_data/training_data/13019.png,train,False,
data/training_data/training_data/1302.png,train,False,
data/training_data/training_data/13020.png,train,False,
data/training_data/training_data/13021.png,train,False,
data/training_data/training_data/13022.png,train,False,
data/training_data/training_data/13023.png,train,False,
data/training_data/training_data/13024.png,train,False,
data/training_data/training_data/13025.png,train,False,
data/training_data/training_data/13026.png,train,False,
data/training_data/training_data/13027.png,train,False,
data/training_data/training_data/13028.png,train,False,
data/training_data/training_data/13029.png,train,False,
data/training_data/training_data/1303.png,train,False,
data/training_data/training_data/13030.png,train,False,
data/training_data/training_data/13031.png,train,False,
data/training_data/training_data/13032.png,train,False,
data/training_data/training_data/13033.png,train,False,
data/training_data/training_data/13034.png,train,False,
data/training_data/training_data/13035.png,train,False,
data/training_data/training_data/13036.png,train,False,
data/training_data/training_data/13037.png,train,False,
data/training_data/training_data/13038.png,train,False,
data/training_data/training_data/13039.png,train,False,
data/training_data/training_data/1304.png,train,False,
data/training_data/training_data/13040.png,train,False,
data/training_data/training_data/13041.png,train,False,
data/training_data/training_data/13042.png,train,False,
data/training_data/training_data/13043.png,train,False,
data/training_data/training_data/13044.png,train,False,
data/training_data/training_data/13045.png,train,False,
data/training_data/training_data/13046.png,train,False,
data/training_data/training_data/13047.png,train,False,
data/training_data/training_data/13048.png,train,False,
data/training_data/training_data/13049.png,train,False,
data/training_data/training_data/1305.png,train,False,
data/training_data/training_data/13050.png,train,False,
data/training_data/training_data/13051.png,train,False,
data/training_data/training_data/13052.png,train,False,
data/training_data/training_data/13053.png,train,False,
data/training_data/training_data/13054.png,train,False,
data/training_data/training_data/13055.png,train,False,
data/training_data/training_data/13056.png,train,False,
data/training_data/training_data/13057.png,train,False,
data/training_data/training_data/13058.png,train,False,
data/training_data/training_data/13059.png,train,False,
data/training_data/training_data/1306.png,train,False,
data/training_data/training_data/13060.png,train,False,
data/training_data/training_data/13061.png,train,False,
data/training_data/training_data/13062.png,train,False,
data/training_data/training_data/13063.png,train,False,
data/training_data/training_data/13064.png,train,False,
data/training_data/training_data/13065.png,train,False,
data/training_data/training_data/13066.png,train,False,
data/training_data/training_data/13067.png,train,False,
data/training_data/training_data/13068.png,train,False,
data/training_data/training_data/13069.png,train,False,
data/training_data/training_data/1307.png,train,False,
data/training_data/training_data/13070.png,train,False,
data/training_data/training_data/13071.png,train,False,
data/training_data/training_data/13072.png,train,False,
data/training_data/training_data/13073.png,train,False,
data/training_data/training_data/13074.png,train,False,
data/training_data/training_data/13075.png,train,False,
data/training_data/training_data/13076.png,train,False,
data/training_data/training_data/13077.png,train,False,
data/training_data/training_data/13078.png,train,False,
data/training_data/training_data/13079.png,train,False,
data/training_data/training_data/1308.png,train,False,
data/training_data/training_data/13080.png,train,False,
data/training_data/training_data/13081.png,train,False,
data/training_data/training_data/13082.png,train,False,
data/training_data/training_data/13083.png,train,False,
data/training_data/training_data/13084.png,train,False,
data/training_data/training_data/13085.png,train,False,
data/training_data/training_data/13086.png,train,False,
data/training_data/training_data/13087.png,train,False,
data/training_data/training_data/13088.png,train,False,
data/training_data/training_data/13089.png,train,False,
data/training_data/training_data/1309.png,train,False,
data/training_data/training_data/13090.png,train,False,
data/training_data/training_data/13091.png,train,False,
data/training_data/training_data/13092.png,train,False,
data/training_data/training_data/13093.png,train,False,
data/training_data/training_data/13094.png,train,False,
data/training_data/training_data/13095.png,train,False,
data/training_data/training_data/13096.png,train,False,
data/training_data/training_data/13097.png,train,False,
data/training_data/training_data/13098.png,train,False,
data/training_data/training_data/13099.png,train,False,
data/training_data/training_data/131.png,train,False,
data/training_data/training_data/1310.png,train,False,
data/training_data/training_data/13100.png,train,False,
data/training_data/training_data/13101.png,train,False,
data/training_data/training_data/13102.png,train,False,
data/training_data/training_data/13103.png,train,False,
data/training_data/training_data/13104.png,train,False,
data/training_data/training_data/13105.png,train,False,
data/training_data/training_data/13106.png,train,False,
data/training_data/training_data/13107.png,train,False,
data/training_data/training_data/13108.png,train,False,
data/training_data/training_data/13109.png,train,False,
data/training_data/training_data/1311.png,train,False,
data/training_data/training_data/13110.png,train,False,
data/training_data/training_data/13111.png,train,False,
data/training_data/training_data/13112.png,train,False,
data/training_data/training_data/13113.png,train,False,
data/training_data/training_data/13114.png,train,False,
data/training_data/training_data/13115.png,train,False,
data/training_data/training_data/13116.png,train,False,
data/training_data/training_data/13117.png,train,False,
data/training_data/training_data/13118.png,train,False,
data/training_data/training_data/13119.png,train,False,
data/training_data/training_data/1312.png,train,False,
data/training_data/training_data/13120.png,train,False,
data/training_data/training_data/13121.png,train,False,
data/training_data/training_data/13122.png,train,False,
data/training_data/training_data/13123.png,train,False,
data/training_data/training_data/13124.png,train,False,
data/training_data/training_data/13125.png,train,False,
data/training_data/training_data/13126.png,train,False,
data/training_data/training_data/13127.png,train,False,
data/training_data/training_data/13128.png,train,False,
data/training_data/training_data/13129.png,train,False,
data/training_data/training_data/1313.png,train,False,
data/training_data/training_data/13130.png,train,False,
data/training_data/training_data/13131.png,train,False,
data/training_data/training_data/13132.png,train,False,
data/training_data/training_data/13133.png,train,False,
data/training_data/training_data/13134.png,train,False,
data/training_data/training_data/13135.png,train,False,
data/training_data/training_data/13136.png,train,False,
data/training_data/training_data/13137.png,train,False,
data/training_data/training_data/13138.png,train,False,
data/training_data/training_data/13139.png,train,False,
data/training_data/training_data/1314.png,train,False,
data/training_data/training_data/13140.png,train,False,
data/training_data/training_data/13141.png,train,False,
data/training_data/training_data/13142.png,train,False,
data/training_data/training_data/13143.png,train,False,
data/training_data/training_data/13144.png,train,False,
data/training_data/training_data/13145.png,train,False,
data/training_data/training_data/13146.png,train,False,
data/training_data/training_data/13147.png,train,False,
data/training_data/training_data/13148.png,train,False,
data/training_data/training_data/13149.png,train,False,
data/training_data/training_data/1315.png,train,False,
data/training_data/training_data/13150.png,train,False,
data/training_data/training_data/13151.png,train,False,
data/training_data/training_data/13152.png,train,False,
data/training_data/training_data/13153.png,train,False,
data/training_data/training_data/13154.png,train,False,
data/training_data/training_data/13155.png,train,False,
data/training_data/training_data/13156.png,train,False,
data/training_data/training_data/13157.png,train,False,
data/training_data/training_data/13158.png,train,False,
data/training_data/training_data/13159.png,train,False,
data/training_data/training_data/1316.png,train,False,
data/training_data/training_data/13160.png,train,False,
data/training_data/training_data/13161.png,train,False,
data/training_data/training_data/13162.png,train,False,
data/training_data/training_data/13163.png,train,False,
data/training_data/training_data/13164.png,train,False,
data/training_data/training_data/13165.png,train,False,
data/training_data/training_data/13166.png,train,False,
data/training_data/training_data/13167.png,train,False,
data/training_data/training_data/13168.png,train,False,
data/training_data/training_data/13169.png,train,False,
data/training_data/training_data/1317.png,train,False,
data/training_data/training_data/13170.png,train,False,
data/training_data/training_data/13171.png,train,False,
data/training_data/training_data/13172.png,train,False,
data/training_data/training_data/13173.png,train,False,
data/training_data/training_data/13174.png,train,False,
data/training_data/training_data/13175.png,train,False,
data/training_data/training_data/13176.png,train,False,
data/training_data/training_data/13177.png,train,False,
data/training_data/training_data/13178.png,train,False,
data/training_data/training_data/13179.png,train,False,
data/training_data/training_data/1318.png,train,False,
data/training_data/training_data/13180.png,train,False,
data/training_data/training_data/13181.png,train,False,
data/training_data/training_data/13182.png,train,False,
data/training_data/training_data/13183.png,train,False,
data/training_data/training_data/13184.png,train,False,
data/training_data/training_data/13185.png,train,False,
data/training_data/training_data/13186.png,train,False,
data/training_data/training_data/13187.png,train,False,
data/training_data/training_data/13188.png,train,False,
data/training_data/training_data/13189.png,train,False,
data/training_data/training_data/1319.png,train,False,
data/training_data/training_data/13190.png,train,False,
data/training_data/training_data/13191.png,train,False,
data/training_data/training_data/13192.png,train,False,
data/training_data/training_data/13193.png,train,False,
data/training_data/training_data/13194.png,train,False,
data/training_data/training_data/13195.png,train,False,
data/training_data/training_data/13196.png,train,False,
data/training_data/training_data/13197.png,train,False,
data/training_data/training_data/13198.png,train,False,
data/training_data/training_data/13199.png,train,False,
data/training_data/training_data/132.png,train,False,
data/training_data/training_data/1320.png,train,False,
data/training_data/training_data/13200.png,train,False,
data/training_data/training_data/13201.png,train,False,
data/training_data/training_data/13202.png,train,False,
data/training_data/training_data/13203.png,train,False,
data/training_data/training_data/13204.png,train,False,
data/training_data/training_data/13205.png,train,False,
data/training_data/training_data/13206.png,train,False,
data/training_data/training_data/13207.png,train,False,
data/training_data/training_data/13208.png,train,False,
data/training_data/training_data/13209.png,train,False,
data/training_data/training_data/1321.png,train,False,
data/training_data/training_data/13210.png,train,False,
data/training_data/training_data/13211.png,train,False,
data/training_data/training_data/13212.png,train,False,
data/training_data/training_data/13213.png,train,False,
data/training_data/training_data/13214.png,train,False,
data/training_data/training_data/13215.png,train,False,
data/training_data/training_data/13216.png,train,False,
data/training_data/training_data/13217.png,train,False,
data/training_data/training_data/13218.png,train,False,
data/training_data/training_data/13219.png,train,False,
data/training_data/training_data/1322.png,train,False,
data/training_data/training_data/13220.png,train,False,
data/training_data/training_data/13221.png,train,False,
data/training_data/training_data/13222.png,train,False,
data/training_data/training_data/13223.png,train,False,
data/training_data/training_data/13224.png,train,False,
data/training_data/training_data/13225.png,train,False,
data/training_data/training_data/13226.png,train,False,
data/training_data/training_data/13227.png,train,False,
data/training_data/training_data/13228.png,train,False,
data/training_data/training_data/13229.png,train,False,
data/training_data/training_data/1323.png,train,False,
data/training_data/training_data/13230.png,train,False,
data/training_data/training_data/13231.png,train,False,
data/training_data/training_data/13232.png,train,False,
data/training_data/training_data/13233.png,train,False,
data/training_data/training_data/13234.png,train,False,
data/training_data/training_data/13235.png,train,False,
data/training_data/training_data/13236.png,train,False,
data/training_data/training_data/13237.png,train,False,
data/training_data/training_data/13238.png,train,False,
data/training_data/training_data/13239.png,train,False,
data/training_data/training_data/1324.png,train,False,
data/training_data/training_data/13240.png,train,False,
data/training_data/training_data/13241.png,train,False,
data/training_data/training_data/13242.png,train,False,
data/training_data/training_data/13243.png,train,False,
data/training_data/training_data/13244.png,train,False,
data/training_data/training_data/13246.png,train,False,
data/training_data/training_data/13247.png,train,False,
data/training_data/training_data/13248.png,train,False,
data/training_data/training_data/13249.png,train,False,
data/training_data/training_data/1325.png,train,False,
data/training_data/training_data/13250.png,train,False,
data/training_data/training_data/13251.png,train,False,
data/training_data/training_data/13252.png,train,False,
data/training_data/training_data/13253.png,train,False,
data/training_data/training_data/13254.png,train,False,
data/training_data/training_data/13255.png,train,False,
data/training_data/training_data/13256.png,train,False,
data/training_data/training_data/13257.png,train,False,
data/training_data/training_data/13258.png,train,False,
data/training_data/training_data/13259.png,train,False,
data/training_data/training_data/1326.png,train,False,
data/training_data/training_data/13260.png,train,False,
data/training_data/training_data/13261.png,train,False,
data/training_data/training_data/13262.png,train,False,
data/training_data/training_data/13263.png,train,False,
data/training_data/training_data/13264.png,train,False,
data/training_data/training_data/13265.png,train,False,
data/training_data/training_data/13266.png,train,False,
data/training_data/training_data/13267.png,train,False,
data/training_data/training_data/13268.png,train,False,
data/training_data/training_data/13269.png,train,False,
data/training_data/training_data/1327.png,train,False,
data/training_data/training_data/13270.png,train,False,
data/training_data/training_data/13271.png,train,False,
data/training_data/training_data/13272.png,train,False,
data/training_data/training_data/13273.png,train,False,
data/training_data/training_data/13274.png,train,False,
data/training_data/training_data/13275.png,train,False,
data/training_data/training_data/13276.png,train,False,
data/training_data/training_data/13277.png,train,False,
data/training_data/training_data/13278.png,train,False,
data/training_data/training_data/13279.png,train,False,
data/training_data/training_data/1328.png,train,False,
data/training_data/training_data/13280.png,train,False,
data/training_data/training_data/13281.png,train,False,
data/training_data/training_data/13282.png,train,False,
data/training_data/training_data/13283.png,train,False,
data/training_data/training_data/13284.png,train,False,
data/training_data/training_data/13285.png,train,False,
data/training_data/training_data/13286.png,train,False,
data/training_data/training_data/13287.png,train,False,
data/training_data/training_data/13288.png,train,False,
data/training_data/training_data/13289.png,train,False,
data/training_data/training_data/1329.png,train,False,
data/training_data/training_data/13290.png,train,False,
data/training_data/training_data/13291.png,train,False,
data/training_data/training_data/13292.png,train,False,
data/training_data/training_data/13293.png,train,False,
data/training_data/training_data/13294.png,train,False,
data/training_data/training_data/13295.png,train,False,
data/training_data/training_data/13296.png,train,False,
data/training_data/training_data/13297.png,train,False,
data/training_data/training_data/13298.png,train,False,
data/training_data/training_data/13299.png,train,False,
data/training_data/training_data/133.png,train,False,
data/training_data/training_data/1330.png,train,False,
data/training_data/training_data/13300.png,train,False,
data/training_data/training_data/13301.png,train,False,
data/training_data/training_data/13302.png,train,False,
data/training_data/training_data/13303.png,train,False,
data/training_data/training_data/13304.png,train,False,
data/training_data/training_data/13305.png,train,False,
data/training_data/training_data/13306.png,train,False,
data/training_data/training_data/13307.png,train,False,
data/training_data/training_data/13308.png,train,False,
data/training_data/training_data/13309.png,train,False,
data/training_data/training_data/1331.png,train,False,
data/training_data/training_data/13310.png,train,False,
data/training_data/training_data/13311.png,train,False,
data/training_data/training_data/13312.png,train,False,
data/training_data/training_data/13313.png,train,False,
data/training_data/training_data/13314.png,train,False,
data/training_data/training_data/13315.png,train,False,
data/training_data/training_data/13316.png,train,False,
data/training_data/training_data/13317.png,train,False,
data/training_data/training_data/13318.png,train,False,
data/training_data/training_data/13319.png,train,False,
data/training_data/training_data/1332.png,train,False,
data/training_data/training_data/13320.png,train,False,
data/training_data/training_data/13321.png,train,False,
data/training_data/training_data/13322.png,train,False,
data/training_data/training_data/13323.png,train,False,
data/training_data/training_data/13324.png,train,False,
data/training_data/training_data/13325.png,train,False,
data/training_data/training_data/13326.png,train,False,
data/training_data/training_data/13327.png,train,False,
data/training_data/training_data/13328.png,train,False,
data/training_data/training_data/13329.png,train,False,
data/training_data/training_data/1333.png,train,False,
data/training_data/training_data/13330.png,train,False,
data/training_data/training_data/13331.png,train,False,
data/training_data/training_data/13332.png,train,False,
data/training_data/training_data/13333.png,train,False,
data/training_data/training_data/13334.png,train,False,
data/training_data/training_data/13335.png,train,False,
data/training_data/training_data/13336.png,train,False,
data/training_data/training_data/13337.png,train,False,
data/training_data/training_data/13338.png,train,False,
data/training_data/training_data/13339.png,train,False,
data/training_data/training_data/1334.png,train,False,
data/training_data/training_data/13340.png,train,False,
data/training_data/training_data/13341.png,train,False,
data/training_data/training_data/13342.png,train,False,
data/training_data/training_data/13343.png,train,False,
data/training_data/training_data/13344.png,train,False,
data/training_data/training_data/13345.png,train,False,
data/training_data/training_data/13346.png,train,False,
data/training_data/training_data/13347.png,train,False,
data/training_data/training_data/13348.png,train,False,
data/training_data/training_data/13349.png,train,False,
data/training_data/training_data/1335.png,train,False,
data/training_data/training_data/13350.png,train,False,
data/training_data/training_data/13351.png,train,False,
data/training_data/training_data/13352.png,train,False,
data/training_data/training_data/13353.png,train,False,
data/training_data/training_data/13354.png,train,False,
data/training_data/training_data/13355.png,train,False,
data/training_data/training_data/13356.png,train,False,
data/training_data/training_data/13357.png,train,False,
data/training_data/training_data/13358.png,train,False,
data/training_data/training_data/13359.png,train,False,
data/training_data/training_data/1336.png,train,False,
data/training_data/training_data/13360.png,train,False,
data/training_data/training_data/13361.png,train,False,
data/training_data/training_data/13362.png,train,False,
data/training_data/training_data/13363.png,train,False,
data/training_data/training_data/13364.png,train,False,
data/training_data/training_data/13365.png,train,False,
data/training_data/training_data/13366.png,train,False,
data/training_data/training_data/13367.png,train,False,
data/training_data/training_data/13368.png,train,False,
data/training_data/training_data/13369.png,train,False,
data/training_data/training_data/1337.png,train,False,
data/training_data/training_data/13370.png,train,False,
data/training_data/training_data/13371.png,train,False,
data/training_data/training_data/13372.png,train,False,
data/training_data/training_data/13373.png,train,False,
data/training_data/training_data/13374.png,train,False,
data/training_data/training_data/13375.png,train,False,
data/training_data/training_data/13376.png,train,False,
data/training_data/training_data/13377.png,train,False,
data/training_data/training_data/13378.png,train,False,
data/training_data/training_data/13379.png,train,False,
data/training_data/training_data/1338.png,train,False,
data/training_data/training_data/13380.png,train,False,
data/training_data/training_data/13381.png,train,False,
data/training_data/training_data/13382.png,train,False,
data/training_data/training_data/13383.png,train,False,
data/training_data/training_data/13384.png,train,False,
data/training_data/training_data/13385.png,train,False,
data/training_data/training_data/13386.png,train,False,
data/training_data/training_data/13387.png,train,False,
data/training_data/training_data/13388.png,train,False,
data/training_data/training_data/13389.png,train,False,
data/training_data/training_data/1339.png,train,False,
data/training_data/training_data/13390.png,train,False,
data/training_data/training_data/13391.png,train,False,
data/training_data/training_data/13392.png,train,False,
data/training_data/training_data/13393.png,train,False,
data/training_data/training_data/13394.png,train,False,
data/training_data/training_data/13395.png,train,False,
data/training_data/training_data/13396.png,train,False,
data/training_data/training_data/13397.png,train,False,
data/training_data/training_data/13398.png,train,False,
data/training_data/training_data/13399.png,train,False,
data/training_data/training_data/134.png,train,False,
data/training_data/training_data/1340.png,train,False,
data/training_data/training_data/13400.png,train,False,
data/training_data/training_data/13401.png,train,False,
data/training_data/training_data/13402.png,train,False,
data/training_data/training_data/13403.png,train,False,
data/training_data/training_data/13404.png,train,False,
data/training_data/training_data/13405.png,train,False,
data/training_data/training_data/13406.png,train,False,
data/training_data/training_data/13407.png,train,False,
data/training_data/training_data/13408.png,train,False,
data/training_data/training_data/13409.png,train,False,
data/training_data/training_data/1341.png,train,False,
data/training_data/training_data/13410.png,train,False,
data/training_data/training_data/13411.png,train,False,
data/training_data/training_data/13412.png,train,False,
data/training_data/training_data/13413.png,train,False,
data/training_data/training_data/13414.png,train,False,
data/training_data/training_data/13415.png,train,False,
data/training_data/training_data/13416.png,train,False,
data/training_data/training_data/13417.png,train,False,
data/training_data/training_data/13418.png,train,False,
data/training_data/training_data/13419.png,train,False,
data/training_data/training_data/1342.png,train,False,
data/training_data/training_data/13420.png,train,False,
data/training_data/training_data/13421.png,train,False,
data/training_data/training_data/13422.png,train,False,
data/training_data/training_data/13423.png,train,False,
data/training_data/training_data/13424.png,train,False,
data/training_data/training_data/13425.png,train,False,
data/training_data/training_data/13426.png,train,False,
data/training_data/training_data/13427.png,train,False,
data/training_data/training_data/13428.png,train,False,
data/training_data/training_data/13429.png,train,False,
data/training_data/training_data/1343.png,train,False,
data/training_data/training_data/13430.png,train,False,
data/training_data/training_data/13431.png,train,False,
data/training_data/training_data/13432.png,train,False,
data/training_data/training_data/13433.png,train,False,
data/training_data/training_data/13434.png,train,False,
data/training_data/training_data/13435.png,train,False,
data/training_data/training_data/13436.png,train,False,
data/training_data/training_data/13437.png,train,False,
data/training_data/training_data/13438.png,train,False,
data/training_data/training_data/13439.png,train,False,
data/training_data/training_data/1344.png,train,False,
data/training_data/training_data/13440.png,train,False,
data/training_data/training_data/13441.png,train,False,
data/training_data/training_data/13442.png,train,False,
data/training_data/training_data/13443.png,train,False,
data/training_data/training_data/13444.png,train,False,
data/training_data/training_data/13445.png,train,False,
data/training_data/training_data/13446.png,train,False,
data/training_data/training_data/13447.png,train,False,
data/training_data/training_data/13448.png,train,False,
data/training_data/training_data/13449.png,train,False,
data/training_data/training_data/1345.png,train,False,
data/training_data/training_data/13450.png,train,False,
data/training_data/training_data/13451.png,train,False,
data/training_data/training_data/13452.png,train,False,
data/training_data/training_data/13453.png,train,False,
data/training_data/training_data/13454.png,train,False,
data/training_data/training_data/13456.png,train,False,
data/training_data/training_data/13457.png,train,False,
data/training_data/training_data/13458.png,train,False,
data/training_data/training_data/13459.png,train,False,
data/training_data/training_data/1346.png,train,False,
data/training_data/training_data/13460.png,train,False,
data/training_data/training_data/13461.png,train,False,
data/training_data/training_data/13462.png,train,False,
data/training_data/training_data/13463.png,train,False,
data/training_data/training_data/13464.png,train,False,
data/training_data/training_data/13465.png,train,False,
data/training_data/training_data/13466.png,train,False,
data/training_data/training_data/13467.png,train,False,
data/training_data/training_data/13468.png,train,False,
data/training_data/training_data/13469.png,train,False,
data/training_data/training_data/1347.png,train,False,
data/training_data/training_data/13470.png,train,False,
data/training_data/training_data/13471.png,train,False,
data/training_data/training_data/13472.png,train,False,
data/training_data/training_data/13473.png,train,False,
data/training_data/training_data/13474.png,train,False,
data/training_data/training_data/13475.png,train,False,
data/training_data/training_data/13476.png,train,False,
data/training_data/training_data/13477.png,train,False,
data/training_data/training_data/13478.png,train,False,
data/training_data/training_data/13479.png,train,False,
data/training_data/training_data/1348.png,train,False,
data/training_data/training_data/13480.png,train,False,
data/training_data/training_data/13481.png,train,False,
data/training_data/training_data/13482.png,train,False,
data/training_data/training_data/13483.png,train,False,
data/training_data/training_data/13484.png,train,False,
data/training_data/training_data/13485.png,train,False,
data/training_data/training_data/13486.png,train,False,
data/training_data/training_data/13487.png,train,False,
data/training_data/training_data/13488.png,train,False,
data/training_data/training_data/13489.png,train,False,
data/training_data/training_data/1349.png,train,False,
data/training_data/training_data/13490.png,train,False,
data/training_data/training_data/13491.png,train,False,
data/training_data/training_data/13492.png,train,False,
data/training_data/training_data/13493.png,train,False,
data/training_data/training_data/13494.png,train,False,
data/training_data/training_data/13495.png,train,False,
data/training_data/training_data/13496.png,train,False,
data/training_data/training_data/13497.png,train,False,
data/training_data/training_data/13498.png,train,False,
data/training_data/training_data/13499.png,train,False,
data/training_data/training_data/1350.png,train,False,
data/training_data/training_data/13500.png,train,False,
data/training_data/training_data/13501.png,train,False,
data/training_data/training_data/13502.png,train,False,
data/training_data/training_data/13503.png,train,False,
data/training_data/training_data/13504.png,train,False,
data/training_data/training_data/13505.png,train,False,
data/training_data/training_data/13506.png,train,False,
data/training_data/training_data/13507.png,train,False,
data/training_data/training_data/13508.png,train,False,
data/training_data/training_data/13509.png,train,False,
data/training_data/training_data/1351.png,train,False,
data/training_data/training_data/13510.png,train,False,
data/training_data/training_data/13511.png,train,False,
data/training_data/training_data/13512.png,train,False,
data/training_data/training_data/13513.png,train,False,
data/training_data/training_data/13514.png,train,False,
data/training_data/training_data/13515.png,train,False,
data/training_data/training_data/13516.png,train,False,
data/training_data/training_data/13517.png,train,False,
data/training_data/training_data/13518.png,train,False,
data/training_data/training_data/13519.png,train,False,
data/training_data/training_data/1352.png,train,False,
data/training_data/training_data/13520.png,train,False,
data/training_data/training_data/13521.png,train,False,
data/training_data/training_data/13522.png,train,False,
data/training_data/training_data/13523.png,train,False,
data/training_data/training_data/13524.png,train,False,
data/training_data/training_data/13525.png,train,False,
data/training_data/training_data/13526.png,train,False,
data/training_data/training_data/13527.png,train,False,
data/training_data/training_data/13528.png,train,False,
data/training_data/training_data/13529.png,train,False,
data/training_data/training_data/1353.png,train,False,
data/training_data/training_data/13530.png,train,False,
data/training_data/training_data/13531.png,train,False,
data/training_data/training_data/13532.png,train,False,
data/training_data/training_data/13533.png,train,False,
data/training_data/training_data/13534.png,train,False,
data/training_data/training_data/13535.png,train,False,
data/training_data/training_data/13536.png,train,False,
data/training_data/training_data/13537.png,train,False,
data/training_data/training_data/13538.png,train,False,
data/training_data/training_data/13539.png,train,False,
data/training_data/training_data/1354.png,train,False,
data/training_data/training_data/13540.png,train,False,
data/training_data/training_data/13541.png,train,False,
data/training_data/training_data/13542.png,train,False,
data/training_data/training_data/13543.png,train,False,
data/training_data/training_data/13544.png,train,False,
data/training_data/training_data/13545.png,train,False,
data/training_data/training_data/13546.png,train,False,
data/training_data/training_data/13547.png,train,False,
data/training_data/training_data/13548.png,train,False,
data/training_data/training_data/13549.png,train,False,
data/training_data/training_data/1355.png,train,False,
data/training_data/training_data/13550.png,train,False,
data/training_data/training_data/13551.png,train,False,
data/training_data/training_data/13552.png,train,False,
data/training_data/training_data/13553.png,train,False,
data/training_data/training_data/13554.png,train,False,
data/training_data/training_data/13555.png,train,False,
data/training_data/training_data/13556.png,train,False,
data/training_data/training_data/13557.png,train,False,
data/training_data/training_data/13558.png,train,False,
data/training_data/training_data/13559.png,train,False,
data/training_data/training_data/1356.png,train,False,
data/training_data/training_data/13560.png,train,False,
data/training_data/training_data/13561.png,train,False,
data/training_data/training_data/13562.png,train,False,
data/training_data/training_data/13563.png,train,False,
data/training_data/training_data/13564.png,train,False,
data/training_data/training_data/13565.png,train,False,
data/training_data/training_data/13566.png,train,False,
data/training_data/training_data/13567.png,train,False,
data/training_data/training_data/13568.png,train,False,
data/training_data/training_data/13569.png,train,False,
data/training_data/training_data/1357.png,train,False,
data/training_data/training_data/13570.png,train,False,
data/training_data/training_data/13571.png,train,False,
data/training_data/training_data/13572.png,train,False,
data/training_data/training_data/13573.png,train,False,
data/training_data/training_data/13574.png,train,False,
data/training_data/training_data/13575.png,train,False,
data/training_data/training_data/13576.png,train,False,
data/training_data/training_data/13577.png,train,False,
data/training_data/training_data/13578.png,train,False,
data/training_data/training_data/13579.png,train,False,
data/training_data/training_data/1358.png,train,False,
data/training_data/training_data/13580.png,train,False,
data/training_data/training_data/13581.png,train,False,
data/training_data/training_data/13582.png,train,False,
data/training_data/training_data/13583.png,train,False,
data/training_data/training_data/13584.png,train,False,
data/training_data/training_data/13585.png,train,False,
data/training_data/training_data/13586.png,train,False,
data/training_data/training_data/13587.png,train,False,
data/training_data/training_data/13588.png,train,False,
data/training_data/training_data/13589.png,train,False,
data/training_data/training_data/1359.png,train,False,
data/training_data/training_data/13590.png,train,False,
data/training_data/training_data/13591.png,train,False,
data/training_data/training_data/13592.png,train,False,
data/training_data/training_data/13593.png,train,False,
data/training_data/training_data/13594.png,train,False,
data/training_data/training_data/13595.png,train,False,
data/training_data/training_data/13596.png,train,False,
data/training_data/training_data/13597.png,train,False,
data/training_data/training_data/13598.png,train,False,
data/training_data/training_data/13599.png,train,False,
data/training_data/training_data/136.png,train,False,
data/training_data/training_data/1360.png,train,False,
data/training_data/training_data/13600.png,train,False,
data/training_data/training_data/13601.png,train,False,
data/training_data/training_data/13602.png,train,False,
data/training_data/training_data/13603.png,train,False,
data/training_data/training_data/13604.png,train,False,
data/training_data/training_data/13605.png,train,False,
data/training_data/training_data/13606.png,train,False,
data/training_data/training_data/13607.png,train,False,
data/training_data/training_data/13608.png,train,False,
data/training_data/training_data/13609.png,train,False,
data/training_data/training_data/1361.png,train,False,
data/training_data/training_data/13610.png,train,False,
data/training_data/training_data/13611.png,train,False,
data/training_data/training_data/13612.png,train,False,
data/training_data/training_data/13613.png,train,False,
data/training_data/training_data/13614.png,train,False,
data/training_data/training_data/13615.png,train,False,
data/training_data/training_data/13616.png,train,False,
data/training_data/training_data/13617.png,train,False,
data/training_data/training_data/13618.png,train,False,
data/training_data/training_data/13619.png,train,False,
data/training_data/training_data/1362.png,train,False,
data/training_data/training_data/13620.png,train,False,
data/training_data/training_data/13621.png,train,False,
data/training_data/training_data/13622.png,train,False,
data/training_data/training_data/13623.png,train,False,
data/training_data/training_data/13624.png,train,False,
data/training_data/training_data/13625.png,train,False,
data/training_data/training_data/13626.png,train,False,
data/training_data/training_data/13627.png,train,False,
data/training_data/training_data/13628.png,train,False,
data/training_data/training_data/13629.png,train,False,
data/training_data/training_data/1363.png,train,False,
data/training_data/training_data/13630.png,train,False,
data/training_data/training_data/13631.png,train,False,
data/training_data/training_data/13632.png,train,False,
data/training_data/training_data/13633.png,train,False,
data/training_data/training_data/13634.png,train,False,
data/training_data/training_data/13635.png,train,False,
data/training_data/training_data/13636.png,train,False,
data/training_data/training_data/13637.png,train,False,
data/training_data/training_data/13638.png,train,False,
data/training_data/training_data/13639.png,train,False,
data/training_data/training_data/1364.png,train,False,
data/training_data/training_data/13640.png,train,False,
data/training_data/training_data/13641.png,train,False,
data/training_data/training_data/13642.png,train,False,
data/training_data/training_data/13643.png,train,False,
data/training_data/training_data/13644.png,train,False,
data/training_data/training_data/13645.png,train,False,
data/training_data/training_data/13646.png,train,False,
data/training_data/training_data/13647.png,train,False,
data/training_data/training_data/13648.png,train,False,
data/training_data/training_data/13649.png,train,False,
data/training_data/training_data/1365.png,train,False,
data/training_data/training_data/13650.png,train,False,
data/training_data/training_data/13651.png,train,False,
data/training_data/training_data/13652.png,train,False,
data/training_data/training_data/13653.png,train,False,
data/training_data/training_data/13654.png,train,False,
data/training_data/training_data/13655.png,train,False,
data/training_data/training_data/13656.png,train,False,
data/training_data/training_data/13657.png,train,False,
data/training_data/training_data/13658.png,train,False,
data/training_data/training_data/13659.png,train,False,
data/training_data/training_data/1366.png,train,False,
data/training_data/training_data/13660.png,train,False,
data/training_data/training_data/13661.png,train,False,
data/training_data/training_data/13662.png,train,False,
data/training_data/training_data/13663.png,train,False,
data/training_data/training_data/13664.png,train,False,
data/training_data/training_data/13665.png,train,False,
data/training_data/training_data/13666.png,train,False,
data/training_data/training_data/13667.png,train,False,
data/training_data/training_data/13668.png,train,False,
data/training_data/training_data/13669.png,train,False,
data/training_data/training_data/1367.png,train,False,
data/training_data/training_data/13670.png,train,False,
data/training_data/training_data/13671.png,train,False,
data/training_data/training_data/13672.png,train,False,
data/training_data/training_data/13673.png,train,False,
data/training_data/training_data/13674.png,train,False,
data/training_data/training_data/13675.png,train,False,
data/training_data/training_data/13676.png,train,False,
data/training_data/training_data/13677.png,train,False,
data/training_data/training_data/13678.png,train,False,
data/training_data/training_data/13679.png,train,False,
data/training_data/training_data/1368.png,train,False,
data/training_data/training_data/13680.png,train,False,
data/training_data/training_data/13681.png,train,False,
data/training_data/training_data/13682.png,train,False,
data/training_data/training_data/13683.png,train,False,
data/training_data/training_data/13684.png,train,False,
data/training_data/training_data/13685.png,train,False,
data/training_data/training_data/13686.png,train,False,
data/training_data/training_data/13687.png,train,False,
data/training_data/training_data/13688.png,train,False,
data/training_data/training_data/13689.png,train,False,
data/training_data/training_data/1369.png,train,False,
data/training_data/training_data/13690.png,train,False,
data/training_data/training_data/13691.png,train,False,
data/training_data/training_data/13692.png,train,False,
data/training_data/training_data/13693.png,train,False,
data/training_data/training_data/13694.png,train,False,
data/training_data/training_data/13695.png,train,False,
data/training_data/training_data/13696.png,train,False,
data/training_data/training_data/13697.png,train,False,
data/training_data/training_data/13698.png,train,False,
data/training_data/training_data/13699.png,train,False,
data/training_data/training_data/137.png,train,False,
data/training_data/training_data/1370.png,train,False,
data/training_data/training_data/13700.png,train,False,
data/training_data/training_data/13701.png,train,False,
data/training_data/training_data/13702.png,train,False,
data/training_data/training_data/13703.png,train,False,
data/training_data/training_data/13704.png,train,False,
data/training_data/training_data/13705.png,train,False,
data/training_data/training_data/13706.png,train,False,
data/training_data/training_data/13707.png,train,False,
data/training_data/training_data/13708.png,train,False,
data/training_data/training_data/13709.png,train,False,
data/training_data/training_data/1371.png,train,False,
data/training_data/training_data/13710.png,train,False,
data/training_data/training_data/13711.png,train,False,
data/training_data/training_data/13712.png,train,False,
data/training_data/training_data/13713.png,train,False,
data/training_data/training_data/13714.png,train,False,
data/training_data/training_data/13715.png,train,False,
data/training_data/training_data/13716.png,train,False,
data/training_data/training_data/13717.png,train,False,
data/training_data/training_data/13718.png,train,False,
data/training_data/training_data/13719.png,train,False,
data/training_data/training_data/1372.png,train,False,
data/training_data/training_data/13720.png,train,False,
data/training_data/training_data/13721.png,train,False,
data/training_data/training_data/13722.png,train,False,
data/training_data/training_data/13723.png,train,False,
data/training_data/training_data/13724.png,train,False,
data/training_data/training_data/13725.png,train,False,
data/training_data/training_data/13726.png,train,False,
data/training_data/training_data/13727.png,train,False,
data/training_data/training_data/13728.png,train,False,
data/training_data/training_data/13729.png,train,False,
data/training_data/training_data/1373.png,train,False,
data/training_data/training_data/13730.png,train,False,
data/training_data/training_data/13731.png,train,False,
data/training_data/training_data/13732.png,train,False,
data/training_data/training_data/13733.png,train,False,
data/training_data/training_data/13734.png,train,False,
data/training_data/training_data/13735.png,train,False,
data/training_data/training_data/13736.png,train,False,
data/training_data/training_data/13737.png,train,False,
data/training_data/training_data/13738.png,train,False,
data/training_data/training_data/13739.png,train,False,
data/training_data/training_data/1374.png,train,False,
data/training_data/training_data/13740.png,train,False,
data/training_data/training_data/13741.png,train,False,
data/training_data/training_data/13742.png,train,False,
data/training_data/training_data/13743.png,train,False,
data/training_data/training_data/13744.png,train,False,
data/training_data/training_data/13745.png,train,False,
data/training_data/training_data/13746.png,train,False,
data/training_data/training_data/13747.png,train,False,
data/training_data/training_data/13748.png,train,False,
data/training_data/training_data/13749.png,train,False,
data/training_data/training_data/1375.png,train,False,
data/training_data/training_data/13750.png,train,False,
data/training_data/training_data/13751.png,train,False,
data/training_data/training_data/13752.png,train,False,
data/training_data/training_data/13753.png,train,False,
data/training_data/training_data/13754.png,train,False,
data/training_data/training_data/13755.png,train,False,
data/training_data/training_data/13756.png,train,False,
data/training_data/training_data/13757.png,train,False,
data/training_data/training_data/13758.png,train,False,
data/training_data/training_data/13759.png,train,False,
data/training_data/training_data/1376.png,train,False,
data/training_data/training_data/13760.png,train,False,
data/training_data/training_data/13761.png,train,False,
data/training_data/training_data/13762.png,train,False,
data/training_data/training_data/13763.png,train,False,
data/training_data/training_data/13764.png,train,False,
data/training_data/training_data/13765.png,train,False,
data/training_data/training_data/13766.png,train,False,
data/training_data/training_data/13767.png,train,False,
data/training_data/training_data/13768.png,train,False,
data/training_data/training_data/13769.png,train,False,
data/training_data/training_data/1377.png,train,False,
data/training_data/training_data/13770.png,train,False,
data/training_data/training_data/13771.png,train,False,
data/training_data/training_data/13772.png,train,False,
data/training_data/training_data/13773.png,train,False,
data/training_data/training_data/13774.png,train,False,
data/training_data/training_data/13775.png,train,False,
data/training_data/training_data/13776.png,train,False,
data/training_data/training_data/13777.png,train,False,
data/training_data/training_data/13778.png,train,False,
data/training_data/training_data/13779.png,train,False,
data/training_data/training_data/1378.png,train,False,
data/training_data/training_data/13780.png,train,False,
data/training_data/training_data/13781.png,train,False,
data/training_data/training_data/13782.png,train,False,
data/training_data/training_data/13783.png,train,False,
data/training_data/training_data/13784.png,train,False,
data/training_data/training_data/13785.png,train,False,
data/training_data/training_data/13786.png,train,False,
data/training_data/training_data/13787.png,train,False,
data/training_data/training_data/13788.png,train,False,
data/training_data/training_data/13789.png,train,False,
data/training_data/training_data/1379.png,train,False,
data/training_data/training_data/13790.png,train,False,
data/training_data/training_data/13791.png,train,False,
data/training_data/training_data/13792.png,train,False,
data/training_data/training_data/13793.png,train,False,
data/training_data/training_data/13794.png,train,False,
data/training_data/training_data/13795.png,train,False,
data/training_data/training_data/13796.png,train,False,
data/training_data/training_data/13797.png,train,False,
data/training_data/training_data/13798.png,train,False,
data/training_data/training_data/13799.png,train,False,
data/training_data/training_data/138.png,train,False,
data/training_data/training_data/1380.png,train,False,
data/training_data/training_data/13800.png,train,False,
data/training_data/training_data/13801.png,train,False,
data/training_data/training_data/13802.png,train,False,
data/training_data/training_data/13803.png,train,False,
data/training_data/training_data/13804.png,train,False,
data/training_data/training_data/13805.png,train,False,
data/training_data/training_data/13806.png,train,False,
data/training_data/training_data/13807.png,train,False,
data/training_data/training_data/13808.png,train,False,
data/training_data/training_data/13809.png,train,False,
data/training_data/training_data/1381.png,train,False,
data/training_data/training_data/13810.png,train,False,
data/training_data/training_data/13811.png,train,False,
data/training_data/training_data/13812.png,train,False,
data/training_data/training_data/13813.png,train,False,
data/training_data/training_data/13814.png,train,False,
data/training_data/training_data/13815.png,train,False,
data/training_data/training_data/13816.png,train,False,
data/training_data/training_data/13817.png,train,False,
data/training_data/training_data/13818.png,train,False,
data/training_data/training_data/13819.png,train,False,
data/training_data/training_data/1382.png,train,False,
data/training_data/training_data/13820.png,train,False,
data/training_data/training_data/13821.png,train,False,
data/training_data/training_data/13822.png,train,False,
data/training_data/training_data/13823.png,train,False,
data/training_data/training_data/13824.png,train,False,
data/training_data/training_data/13825.png,train,False,
data/training_data/training_data/13826.png,train,False,
data/training_data/training_data/13827.png,train,False,
data/training_data/training_data/13828.png,train,False,
data/training_data/training_data/13829.png,train,False,
data/training_data/training_data/1383.png,train,False,
data/training_data/training_data/13830.png,train,False,
data/training_data/training_data/13831.png,train,False,
data/training_data/training_data/13832.png,train,False,
data/training_data/training_data/13833.png,train,False,
data/training_data/training_data/13834.png,train,False,
data/training_data/training_data/13835.png,train,False,
data/training_data/training_data/13836.png,train,False,
data/training_data/training_data/13837.png,train,False,
data/training_data/training_data/13838.png,train,False,
data/training_data/training_data/13839.png,train,False,
data/training_data/training_data/1384.png,train,False,
data/training_data/training_data/13840.png,train,False,
data/training_data/training_data/13841.png,train,False,
data/training_data/training_data/13842.png,train,False,
data/training_data/training_data/13843.png,train,False,
data/training_data/training_data/13844.png,train,False,
data/training_data/training_data/13845.png,train,False,
data/training_data/training_data/13846.png,train,False,
data/training_data/training_data/13847.png,train,False,
data/training_data/training_data/13848.png,train,False,
data/training_data/training_data/13849.png,train,False,
data/training_data/training_data/1385.png,train,False,
data/training_data/training_data/13850.png,train,False,
data/training_data/training_data/13851.png,train,False,
data/training_data/training_data/13852.png,train,False,
data/training_data/training_data/13853.png,train,False,
data/training_data/training_data/13854.png,train,False,
data/training_data/training_data/13855.png,train,False,
data/training_data/training_data/13856.png,train,False,
data/training_data/training_data/13857.png,train,False,
data/training_data/training_data/13858.png,train,False,
data/training_data/training_data/13859.png,train,False,
data/training_data/training_data/1386.png,train,False,
data/training_data/training_data/13860.png,train,False,
data/training_data/training_data/13861.png,train,False,
data/training_data/training_data/13862.png,train,False,
data/training_data/training_data/13863.png,train,False,
data/training_data/training_data/13864.png,train,False,
data/training_data/training_data/13865.png,train,False,
data/training_data/training_data/13866.png,train,False,
data/training_data/training_data/13867.png,train,False,
data/training_data/training_data/13868.png,train,False,
data/training_data/training_data/13869.png,train,False,
data/training_data/training_data/1387.png,train,False,
data/training_data/training_data/13870.png,train,False,
data/training_data/training_data/13871.png,train,False,
data/training_data/training_data/13872.png,train,False,
data/training_data/training_data/13873.png,train,False,
data/training_data/training_data/13874.png,train,False,
data/training_data/training_data/13875.png,train,False,
data/training_data/training_data/13876.png,train,False,
data/training_data/training_data/13877.png,train,False,
data/training_data/training_data/13878.png,train,False,
data/training_data/training_data/13879.png,train,False,
data/training_data/training_data/1388.png,train,False,
data/training_data/training_data/13880.png,train,False,
data/training_data/training_data/13881.png,train,False,
data/training_data/training_data/13882.png,train,False,
data/training_data/training_data/13883.png,train,False,
data/training_data/training_data/13884.png,train,False,
data/training_data/training_data/13885.png,train,False,
data/training_data/training_data/13886.png,train,False,
data/training_data/training_data/13887.png,train,False,
data/training_data/training_data/13888.png,train,False,
data/training_data/training_data/13889.png,train,False,
data/training_data/training_data/1389.png,train,False,
data/training_data/training_data/13890.png,train,False,
data/training_data/training_data/13891.png,train,False,
data/training_data/training_data/13892.png,train,False,
data/training_data/training_data/13893.png,train,False,
data/training_data/training_data/13894.png,train,False,
data/training_data/training_data/13895.png,train,False,
data/training_data/training_data/13896.png,train,False,
data/training_data/training_data/13897.png,train,False,
data/training_data/training_data/13898.png,train,False,
data/training_data/training_data/13899.png,train,False,
data/training_data/training_data/139.png,train,False,
data/training_data/training_data/1390.png,train,False,
data/training_data/training_data/13900.png,train,False,
data/training_data/training_data/13901.png,train,False,
data/training_data/training_data/13902.png,train,False,
data/training_data/training_data/13903.png,train,False,
data/training_data/training_data/13904.png,train,False,
data/training_data/training_data/13905.png,train,False,
data/training_data/training_data/13906.png,train,False,
data/training_data/training_data/13907.png,train,False,
data/training_data/training_data/13908.png,train,False,
data/training_data/training_data/13909.png,train,False,
data/training_data/training_data/1391.png,train,False,
data/training_data/training_data/13910.png,train,False,
data/training_data/training_data/13911.png,train,False,
data/training_data/training_data/13912.png,train,False,
data/training_data/training_data/13913.png,train,False,
data/training_data/training_data/13914.png,train,False,
data/training_data/training_data/13915.png,train,False,
data/training_data/training_data/13916.png,train,False,
data/training_data/training_data/13917.png,train,False,
data/training_data/training_data/13918.png,train,False,
data/training_data/training_data/13919.png,train,False,
data/training_data/training_data/1392.png,train,False,
data/training_data/training_data/13920.png,train,False,
data/training_data/training_data/13921.png,train,False,
data/training_data/training_data/13922.png,train,False,
data/training_data/training_data/13923.png,train,False,
data/training_data/training_data/13924.png,train,False,
data/training_data/training_data/13925.png,train,False,
data/training_data/training_data/13926.png,train,False,
data/training_data/training_data/13927.png,train,False,
data/training_data/training_data/13928.png,train,False,
data/training_data/training_data/13929.png,train,False,
data/training_data/training_data/1393.png,train,False,
data/training_data/training_data/13930.png,train,False,
data/training_data/training_data/13931.png,train,False,
data/training_data/training_data/13932.png,train,False,
data/training_data/training_data/13933.png,train,False,
data/training_data/training_data/13934.png,train,False,
data/training_data/training_data/13935.png,train,False,
data/training_data/training_data/13936.png,train,False,
data/training_data/training_data/13937.png,train,False,
data/training_data/training_data/13938.png,train,False,
data/training_data/training_data/13939.png,train,False,
data/training_data/training_data/1394.png,train,False,
data/training_data/training_data/13940.png,train,False,
data/training_data/training_data/13941.png,train,False,
data/training_data/training_data/13942.png,train,False,
data/training_data/training_data/13943.png,train,False,
data/training_data/training_data/13944.png,train,False,
data/training_data/training_data/13945.png,train,False,
data/training_data/training_data/13946.png,train,False,
data/training_data/training_data/13947.png,train,False,
data/training_data/training_data/13948.png,train,False,
data/training_data/training_data/13949.png,train,False,
data/training_data/training_data/1395.png,train,False,
data/training_data/training_data/13950.png,train,False,
data/training_data/training_data/13951.png,train,False,
data/training_data/training_data/13952.png,train,False,
data/training_data/training_data/13953.png,train,False,
data/training_data/training_data/13954.png,train,False,
data/training_data/training_data/13955.png,train,False,
data/training_data/training_data/13956.png,train,False,
data/training_data/training_data/13957.png,train,False,
data/training_data/training_data/13958.png,train,False,
data/training_data/training_data/13959.png,train,False,
data/training_data/training_data/1396.png,train,False,
data/training_data/training_data/13960.png,train,False,
data/training_data/training_data/13961.png,train,False,
data/training_data/training_data/13962.png,train,False,
data/training_data/training_data/13963.png,train,False,
data/training_data/training_data/13964.png,train,False,
data/training_data/training_data/13965.png,train,False,
data/training_data/training_data/13966.png,train,False,
data/training_data/training_data/13967.png,train,False,
data/training_data/training_data/13968.png,train,False,
data/training_data/training_data/13969.png,train,False,
data/training_data/training_data/1397.png,train,False,
data/training_data/training_data/13970.png,train,False,
data/training_data/training_data/13971.png,train,False,
data/training_data/training_data/13972.png,train,False,
data/training_data/training_data/13973.png,train,False,
data/training_data/training_data/13974.png,train,False,
data/training_data/training_data/13975.png,train,False,
data/training_data/training_data/13976.png,train,False,
data/training_data/training_data/13977.png,train,False,
data/training_data/training_data/13978.png,train,False,
data/training_data/training_data/13979.png,train,False,
data/training_data/training_data/1398.png,train,False,
data/training_data/training_data/13980.png,train,False,
data/training_data/training_data/13981.png,train,False,
data/training_data/training_data/13982.png,train,False,
data/training_data/training_data/13983.png,train,False,
data/training_data/training_data/13984.png,train,False,
data/training_data/training_data/13985.png,train,False,
data/training_data/training_data/13986.png,train,False,
data/training_data/training_data/13987.png,train,False,
data/training_data/training_data/13988.png,train,False,
data/training_data/training_data/13989.png,train,False,
data/training_data/training_data/1399.png,train,False,
data/training_data/training_data/13990.png,train,False,
data/training_data/training_data/13991.png,train,False,
data/training_data/training_data/13992.png,train,False,
data/training_data/training_data/13993.png,train,False,
data/training_data/training_data/13994.png,train,False,
data/training_data/training_data/13995.png,train,False,
data/training_data/training_data/13996.png,train,False,
data/training_data/training_data/13997.png,train,False,
data/training_data/training_data/13998.png,train,False,
data/training_data/training_data/13999.png,train,False,
data/training_data/training_data/14.png,train,False,
data/training_data/training_data/140.png,train,False,
data/training_data/training_data/1400.png,train,False,
data/training_data/training_data/14000.png,train,False,
data/training_data/training_data/14001.png,train,False,
data/training_data/training_data/14002.png,train,False,
data/training_data/training_data/14003.png,train,False,
data/training_data/training_data/14004.png,train,False,
data/training_data/training_data/14005.png,train,False,
data/training_data/training_data/14006.png,train,False,
data/training_data/training_data/14007.png,train,False,
data/training_data/training_data/14008.png,train,False,
data/training_data/training_data/14009.png,train,False,
data/training_data/training_data/1401.png,train,False,
data/training_data/training_data/14010.png,train,False,
data/training_data/training_data/14011.png,train,False,
data/training_data/training_data/14012.png,train,False,
data/training_data/training_data/14013.png,train,False,
data/training_data/training_data/14014.png,train,False,
data/training_data/training_data/14015.png,train,False,
data/training_data/training_data/14016.png,train,False,
data/training_data/training_data/14017.png,train,False,
data/training_data/training_data/14018.png,train,False,
data/training_data/training_data/14019.png,train,False,
data/training_data/training_data/1402.png,train,False,
data/training_data/training_data/14020.png,train,False,
data/training_data/training_data/14021.png,train,False,
data/training_data/training_data/14022.png,train,False,
data/training_data/training_data/14023.png,train,False,
data/training_data/training_data/14024.png,train,False,
data/training_data/training_data/14025.png,train,False,
data/training_data/training_data/14026.png,train,False,
data/training_data/training_data/14027.png,train,False,
data/training_data/training_data/14028.png,train,False,
data/training_data/training_data/14029.png,train,False,
data/training_data/training_data/1403.png,train,False,
data/training_data/training_data/14030.png,train,False,
data/training_data/training_data/14031.png,train,False,
data/training_data/training_data/14032.png,train,False,
data/training_data/training_data/14033.png,train,False,
data/training_data/training_data/14034.png,train,False,
data/training_data/training_data/14035.png,train,False,
data/training_data/training_data/14036.png,train,False,
data/training_data/training_data/14037.png,train,False,
data/training_data/training_data/14038.png,train,False,
data/training_data/training_data/14039.png,train,False,
data/training_data/training_data/1404.png,train,False,
data/training_data/training_data/14040.png,train,False,
data/training_data/training_data/14041.png,train,False,
data/training_data/training_data/14042.png,train,False,
data/training_data/training_data/14043.png,train,False,
data/training_data/training_data/14044.png,train,False,
data/training_data/training_data/14045.png,train,False,
data/training_data/training_data/14046.png,train,False,
data/training_data/training_data/14047.png,train,False,
data/training_data/training_data/14048.png,train,False,
data/training_data/training_data/14049.png,train,False,
data/training_data/training_data/1405.png,train,False,
data/training_data/training_data/14050.png,train,False,
data/training_data/training_data/14051.png,train,False,
data/training_data/training_data/14052.png,train,False,
data/training_data/training_data/14053.png,train,False,
data/training_data/training_data/14054.png,train,False,
data/training_data/training_data/14055.png,train,False,
data/training_data/training_data/14056.png,train,False,
data/training_data/training_data/14057.png,train,False,
data/training_data/training_data/14058.png,train,False,
data/training_data/training_data/14059.png,train,False,
data/training_data/training_data/1406.png,train,False,
data/training_data/training_data/14060.png,train,False,
data/training_data/training_data/14061.png,train,False,
data/training_data/training_data/14062.png,train,False,
data/training_data/training_data/14063.png,train,False,
data/training_data/training_data/14064.png,train,False,
data/training_data/training_data/14065.png,train,False,
data/training_data/training_data/14066.png,train,False,
data/training_data/training_data/14067.png,train,False,
data/training_data/training_data/14068.png,train,False,
data/training_data/training_data/14069.png,train,False,
data/training_data/training_data/1407.png,train,False,
data/training_data/training_data/14070.png,train,False,
data/training_data/training_data/14071.png,train,False,
data/training_data/training_data/14072.png,train,False,
data/training_data/training_data/14073.png,train,False,
data/training_data/training_data/14074.png,train,False,
data/training_data/training_data/14075.png,train,False,
data/training_data/training_data/14076.png,train,False,
data/training_data/training_data/14077.png,train,False,
data/training_data/training_data/14078.png,train,False,
data/training_data/training_data/14079.png,train,False,
data/training_data/training_data/1408.png,train,False,
data/training_data/training_data/14080.png,train,False,
data/training_data/training_data/14081.png,train,False,
data/training_data/training_data/14082.png,train,False,
data/training_data/training_data/14083.png,train,False,
data/training_data/training_data/14084.png,train,False,
data/training_data/training_data/14085.png,train,False,
data/training_data/training_data/14086.png,train,False,
data/training_data/training_data/14087.png,train,False,
data/training_data/training_data/14088.png,train,False,
data/training_data/training_data/14089.png,train,False,
data/training_data/training_data/1409.png,train,False,
data/training_data/training_data/14090.png,train,False,
data/training_data/training_data/14091.png,train,False,
data/training_data/training_data/14092.png,train,False,
data/training_data/training_data/14093.png,train,False,
data/training_data/training_data/14094.png,train,False,
data/training_data/training_data/14095.png,train,False,
data/training_data/training_data/14096.png,train,False,
data/training_data/training_data/14097.png,train,False,
data/training_data/training_data/14098.png,train,False,
data/training_data/training_data/14099.png,train,False,
data/training_data/training_data/141.png,train,False,
data/training_data/training_data/1410.png,train,False,
data/training_data/training_data/14100.png,train,False,
data/training_data/training_data/14101.png,train,False,
data/training_data/training_data/14102.png,train,False,
data/training_data/training_data/14103.png,train,False,
data/training_data/training_data/14104.png,train,False,
data/training_data/training_data/14105.png,train,False,
data/training_data/training_data/14106.png,train,False,
data/training_data/training_data/14107.png,train,False,
data/training_data/training_data/14108.png,train,False,
data/training_data/training_data/14109.png,train,False,
data/training_data/training_data/1411.png,train,False,
data/training_data/training_data/14110.png,train,False,
data/training_data/training_data/14111.png,train,False,
data/training_data/training_data/14112.png,train,False,
data/training_data/training_data/14113.png,train,False,
data/training_data/training_data/14114.png,train,False,
data/training_data/training_data/14115.png,train,False,
data/training_data/training_data/14116.png,train,False,
data/training_data/training_data/14117.png,train,False,
data/training_data/training_data/14118.png,train,False,
data/training_data/training_data/14119.png,train,False,
data/training_data/training_data/1412.png,train,False,
data/training_data/training_data/14120.png,train,False,
data/training_data/training_data/14121.png,train,False,
data/training_data/training_data/14122.png,train,False,
data/training_data/training_data/14123.png,train,False,
data/training_data/training_data/14124.png,train,False,
data/training_data/training_data/14125.png,train,False,
data/training_data/training_data/14126.png,train,False,
data/training_data/training_data/14127.png,train,False,
data/training_data/training_data/14128.png,train,False,
data/training_data/training_data/14129.png,train,False,
data/training_data/training_data/1413.png,train,False,
data/training_data/training_data/14130.png,train,False,
data/training_data/training_data/14131.png,train,False,
data/training_data/training_data/14132.png,train,False,
data/training_data/training_data/14133.png,train,False,
data/training_data/training_data/14134.png,train,False,
data/training_data/training_data/14135.png,train,False,
data/training_data/training_data/14136.png,train,False,
data/training_data/training_data/14137.png,train,False,
data/training_data/training_data/14138.png,train,False,
data/training_data/training_data/14139.png,train,False,
data/training_data/training_data/1414.png,train,False,
data/training_data/training_data/14140.png,train,False,
data/training_data/training_data/14141.png,train,False,
data/training_data/training_data/14142.png,train,False,
data/training_data/training_data/14143.png,train,False,
data/training_data/training_data/14144.png,train,False,
data/training_data/training_data/14145.png,train,False,
data/training_data/training_data/14146.png,train,False,
data/training_data/training_data/14147.png,train,False,
data/training_data/training_data/14148.png,train,False,
data/training_data/training_data/14149.png,train,False,
data/training_data/training_data/1415.png,train,False,
data/training_data/training_data/14150.png,train,False,
data/training_data/training_data/14151.png,train,False,
data/training_data/training_data/14152.png,train,False,
data/training_data/training_data/14153.png,train,False,
data/training_data/training_data/14154.png,train,False,
data/training_data/training_data/14155.png,train,False,
data/training_data/training_data/14156.png,train,False,
data/training_data/training_data/14157.png,train,False,
data/training_data/training_data/14158.png,train,False,
data/training_data/training_data/14159.png,train,False,
data/training_data/training_data/1416.png,train,False,
data/training_data/training_data/14160.png,train,False,
data/training_data/training_data/14161.png,train,False,
data/training_data/training_data/14162.png,train,False,
data/training_data/training_data/14163.png,train,False,
data/training_data/training_data/14164.png,train,False,
data/training_data/training_data/14165.png,train,False,
data/training_data/training_data/14166.png,train,False,
data/training_data/training_data/14167.png,train,False,
data/training_data/training_data/14168.png,train,False,
data/training_data/training_data/14169.png,train,False,
data/training_data/training_data/1417.png,train,False,
data/training_data/training_data/14170.png,train,False,
data/training_data/training_data/14171.png,train,False,
data/training_data/training_data/14172.png,train,False,
data/training_data/training_data/14173.png,train,False,
data/training_data/training_data/14174.png,train,False,
data/training_data/training_data/14175.png,train,False,
data/training_data/training_data/14176.png,train,False,
data/training_data/training_data/14177.png,train,False,
data/training_data/training_data/14178.png,train,False,
data/training_data/training_data/14179.png,train,False,
data/training_data/training_data/1418.png,train,False,
data/training_data/training_data/14180.png,train,False,
data/training_data/training_data/14181.png,train,False,
data/training_data/training_data/14182.png,train,False,
data/training_data/training_data/14183.png,train,False,
data/training_data/training_data/14184.png,train,False,
data/training_data/training_data/14185.png,train,False,
data/training_data/training_data/14186.png,train,False,
data/training_data/training_data/14187.png,train,False,
data/training_data/training_data/14188.png,train,False,
data/training_data/training_data/14189.png,train,False,
data/training_data/training_data/1419.png,train,False,
data/training_data/training_data/14190.png,train,False,
data/training_data/training_data/14191.png,train,False,
data/training_data/training_data/14192.png,train,False,
data/training_data/training_data/14193.png,train,False,
data/training_data/training_data/14194.png,train,False,
data/training_data/training_data/14195.png,train,False,
data/training_data/training_data/14196.png,train,False,
data/training_data/training_data/14197.png,train,False,
data/training_data/training_data/14198.png,train,False,
data/training_data/training_data/14199.png,train,False,
data/training_data/training_data/142.png,train,False,
data/training_data/training_data/1420.png,train,False,
data/training_data/training_data/14200.png,train,False,
data/training_data/training_data/14201.png,train,False,
data/training_data/training_data/14202.png,train,False,
data/training_data/training_data/14203.png,train,False,
data/training_data/training_data/14204.png,train,False,
data/training_data/training_data/14205.png,train,False,
data/training_data/training_data/14206.png,train,False,
data/training_data/training_data/14207.png,train,False,
data/training_data/training_data/14208.png,train,False,
data/training_data/training_data/14209.png,train,False,
data/training_data/training_data/1421.png,train,False,
data/training_data/training_data/14210.png,train,False,
data/training_data/training_data/14211.png,train,False,
data/training_data/training_data/14212.png,train,False,
data/training_data/training_data/14213.png,train,False,
data/training_data/training_data/14214.png,train,False,
data/training_data/training_data/14215.png,train,False,
data/training_data/training_data/14216.png,train,False,
data/training_data/training_data/14217.png,train,False,
data/training_data/training_data/14218.png,train,False,
data/training_data/training_data/14219.png,train,False,
data/training_data/training_data/1422.png,train,False,
data/training_data/training_data/14220.png,train,False,
data/training_data/training_data/14221.png,train,False,
data/training_data/training_data/14222.png,train,False,
data/training_data/training_data/14223.png,train,False,
data/training_data/training_data/14224.png,train,False,
data/training_data/training_data/14225.png,train,False,
data/training_data/training_data/14226.png,train,False,
data/training_data/training_data/14227.png,train,False,
data/training_data/training_data/14228.png,train,False,
data/training_data/training_data/14229.png,train,False,
data/training_data/training_data/1423.png,train,False,
data/training_data/training_data/14230.png,train,False,
data/training_data/training_data/14231.png,train,False,
data/training_data/training_data/14232.png,train,False,
data/training_data/training_data/14233.png,train,False,
data/training_data/training_data/14234.png,train,False,
data/training_data/training_data/14235.png,train,False,
data/training_data/training_data/14236.png,train,False,
data/training_data/training_data/14237.png,train,False,
data/training_data/training_data/14238.png,train,False,
data/training_data/training_data/14239.png,train,False,
data/training_data/training_data/1424.png,train,False,
data/training_data/training_data/14240.png,train,False,
data/training_data/training_data/14241.png,train,False,
data/training_data/training_data/14242.png,train,False,
data/training_data/training_data/14243.png,train,False,
data/training_data/training_data/14244.png,train,False,
data/training_data/training_data/14245.png,train,False,
data/training_data/training_data/14246.png,train,False,
data/training_data/training_data/14247.png,train,False,
data/training_data/training_data/14248.png,train,False,
data/training_data/training_data/14249.png,train,False,
data/training_data/training_data/1425.png,train,False,
data/training_data/training_data/14250.png,train,False,
data/training_data/training_data/14251.png,train,False,
data/training_data/training_data/14252.png,train,False,
data/training_data/training_data/14253.png,train,False,
data/training_data/training_data/14254.png,train,False,
data/training_data/training_data/14255.png,train,False,
data/training_data/training_data/14256.png,train,False,
data/training_data/training_data/14257.png,train,False,
data/training_data/training_data/14258.png,train,False,
data/training_data/training_data/14259.png,train,False,
data/training_data/training_data/1426.png,train,False,
data/training_data/training_data/14260.png,train,False,
data/training_data/training_data/14261.png,train,False,
data/training_data/training_data/14262.png,train,False,
data/training_data/training_data/14263.png,train,False,
data/training_data/training_data/14264.png,train,False,
data/training_data/training_data/14265.png,train,False,
data/training_data/training_data/14266.png,train,False,
data/training_data/training_data/14267.png,train,False,
data/training_data/training_data/14268.png,train,False,
data/training_data/training_data/14269.png,train,False,
data/training_data/training_data/1427.png,train,False,
data/training_data/training_data/14270.png,train,False,
data/training_data/training_data/14271.png,train,False,
data/training_data/training_data/14272.png,train,False,
data/training_data/training_data/14273.png,train,False,
data/training_data/training_data/14274.png,train,False,
data/training_data/training_data/14275.png,train,False,
data/training_data/training_data/14276.png,train,False,
data/training_data/training_data/14277.png,train,False,
data/training_data/training_data/14278.png,train,False,
data/training_data/training_data/14279.png,train,False,
data/training_data/training_data/1428.png,train,False,
data/training_data/training_data/14280.png,train,False,
data/training_data/training_data/14281.png,train,False,
data/training_data/training_data/14282.png,train,False,
data/training_data/training_data/14283.png,train,False,
data/training_data/training_data/14284.png,train,False,
data/training_data/training_data/14285.png,train,False,
data/training_data/training_data/14286.png,train,False,
data/training_data/training_data/14287.png,train,False,
data/training_data/training_data/14288.png,train,False,
data/training_data/training_data/14289.png,train,False,
data/training_data/training_data/1429.png,train,False,
data/training_data/training_data/14290.png,train,False,
data/training_data/training_data/14291.png,train,False,
data/training_data/training_data/14292.png,train,False,
data/training_data/training_data/14293.png,train,False,
data/training_data/training_data/14294.png,train,False,
data/training_data/training_data/14295.png,train,False,
data/training_data/training_data/14296.png,train,False,
data/training_data/training_data/14297.png,train,False,
data/training_data/training_data/14298.png,train,False,
data/training_data/training_data/14299.png,train,False,
data/training_data/training_data/143.png,train,False,
data/training_data/training_data/1430.png,train,False,
data/training_data/training_data/14300.png,train,False,
data/training_data/training_data/14301.png,train,False,
data/training_data/training_data/14302.png,train,False,
data/training_data/training_data/14303.png,train,False,
data/training_data/training_data/14304.png,train,False,
data/training_data/training_data/14305.png,train,False,
data/training_data/training_data/14306.png,train,False,
data/training_data/training_data/14307.png,train,False,
data/training_data/training_data/14308.png,train,False,
data/training_data/training_data/14309.png,train,False,
data/training_data/training_data/1431.png,train,False,
data/training_data/training_data/14310.png,train,False,
data/training_data/training_data/14311.png,train,False,
data/training_data/training_data/14312.png,train,False,
data/training_data/training_data/14313.png,train,False,
data/training_data/training_data/14314.png,train,False,
data/training_data/training_data/14315.png,train,False,
data/training_data/training_data/14316.png,train,False,
data/training_data/training_data/14317.png,train,False,
data/training_data/training_data/14318.png,train,False,
data/training_data/training_data/14319.png,train,False,
data/training_data/training_data/1432.png,train,False,
data/training_data/training_data/14320.png,train,False,
data/training_data/training_data/14321.png,train,False,
data/training_data/training_data/14322.png,train,False,
data/training_data/training_data/14323.png,train,False,
data/training_data/training_data/14324.png,train,False,
data/training_data/training_data/14325.png,train,False,
data/training_data/training_data/14326.png,train,False,
data/training_data/training_data/14327.png,train,False,
data/training_data/training_data/14328.png,train,False,
data/training_data/training_data/14329.png,train,False,
data/training_data/training_data/1433.png,train,False,
data/training_data/training_data/14330.png,train,False,
data/training_data/training_data/14331.png,train,False,
data/training_data/training_data/14332.png,train,False,
data/training_data/training_data/14333.png,train,False,
data/training_data/training_data/14334.png,train,False,
data/training_data/training_data/14335.png,train,False,
data/training_data/training_data/14336.png,train,False,
data/training_data/training_data/14337.png,train,False,
data/training_data/training_data/14338.png,train,False,
data/training_data/training_data/14339.png,train,False,
data/training_data/training_data/1434.png,train,False,
data/training_data/training_data/14340.png,train,False,
data/training_data/training_data/14341.png,train,False,
data/training_data/training_data/14342.png,train,False,
data/training_data/training_data/14343.png,train,False,
data/training_data/training_data/14344.png,train,False,
data/training_data/training_data/14345.png,train,False,
data/training_data/training_data/14346.png,train,False,
data/training_data/training_data/14347.png,train,False,
data/training_data/training_data/14348.png,train,False,
data/training_data/training_data/14349.png,train,False,
data/training_data/training_data/1435.png,train,False,
data/training_data/training_data/14350.png,train,False,
data/training_data/training_data/14351.png,train,False,
data/training_data/training_data/14352.png,train,False,
data/training_data/training_data/14353.png,train,False,
data/training_data/training_data/14354.png,train,False,
data/training_data/training_data/14355.png,train,False,
data/training_data/training_data/14356.png,train,False,
data/training_data/training_data/14357.png,train,False,
data/training_data/training_data/14358.png,train,False,
data/training_data/training_data/14359.png,train,False,
data/training_data/training_data/1436.png,train,False,
data/training_data/training_data/14360.png,train,False,
data/training_data/training_data/14361.png,train,False,
data/training_data/training_data/14362.png,train,False,
data/training_data/training_data/14363.png,train,False,
data/training_data/training_data/14364.png,train,False,
data/training_data/training_data/14365.png,train,False,
data/training_data/training_data/14366.png,train,False,
data/training_data/training_data/14367.png,train,False,
data/training_data/training_data/14368.png,train,False,
data/training_data/training_data/14369.png,train,False,
data/training_data/training_data/1437.png,train,False,
data/training_data/training_data/14370.png,train,False,
data/training_data/training_data/14371.png,train,False,
data/training_data/training_data/14372.png,train,False,
data/training_data/training_data/14373.png,train,False,
data/training_data/training_data/14374.png,train,False,
data/training_data/training_data/14375.png,train,False,
data/training_data/training_data/14376.png,train,False,
data/training_data/training_data/14377.png,train,False,
data/training_data/training_data/14378.png,train,False,
data/training_data/training_data/14379.png,train,False,
data/training_data/training_data/1438.png,train,False,
data/training_data/training_data/14380.png,train,False,
data/training_data/training_data/14381.png,train,False,
data/training_data/training_data/14382.png,train,False,
data/training_data/training_data/14383.png,train,False,
data/training_data/training_data/14384.png,train,False,
data/training_data/training_data/14385.png,train,False,
data/training_data/training_data/14386.png,train,False,
data/training_data/training_data/14387.png,train,False,
data/training_data/training_data/14388.png,train,False,
data/training_data/training_data/14389.png,train,False,
data/training_data/training_data/1439.png,train,False,
data/training_data/training_data/14390.png,train,False,
data/training_data/training_data/14391.png,train,False,
data/training_data/training_data/14392.png,train,False,
data/training_data/training_data/14393.png,train,False,
data/training_data/training_data/14394.png,train,False,
data/training_data/training_data/14395.png,train,False,
data/training_data/training_data/14396.png,train,False,
data/training_data/training_data/14397.png,train,False,
data/training_data/training_data/14398.png,train,False,
data/training_data/training_data/14399.png,train,False,
data/training_data/training_data/144.png,train,False,
data/training_data/training_data/1440.png,train,False,
data/training_data/training_data/14400.png,train,False,
data/training_data/training_data/14401.png,train,False,
data/training_data/training_data/14402.png,train,False,
data/training_data/training_data/14403.png,train,False,
data/training_data/training_data/14404.png,train,False,
data/training_data/training_data/14405.png,train,False,
data/training_data/training_data/14406.png,train,False,
data/training_data/training_data/14407.png,train,False,
data/training_data/training_data/14408.png,train,False,
data/training_data/training_data/14409.png,train,False,
data/training_data/training_data/1441.png,train,False,
data/training_data/training_data/14410.png,train,False,
data/training_data/training_data/14411.png,train,False,
data/training_data/training_data/14412.png,train,False,
data/training_data/training_data/14413.png,train,False,
data/training_data/training_data/14414.png,train,False,
data/training_data/training_data/14415.png,train,False,
data/training_data/training_data/14416.png,train,False,
data/training_data/training_data/14417.png,train,False,
data/training_data/training_data/14418.png,train,False,
data/training_data/training_data/1442.png,train,False,
data/training_data/training_data/1443.png,train,False,
data/training_data/training_data/1444.png,train,False,
data/training_data/training_data/1445.png,train,False,
data/training_data/training_data/1446.png,train,False,
data/training_data/training_data/1447.png,train,False,
data/training_data/training_data/1448.png,train,False,
data/training_data/training_data/1449.png,train,False,
data/training_data/training_data/145.png,train,False,
data/training_data/training_data/1450.png,train,False,
data/training_data/training_data/1451.png,train,False,
data/training_data/training_data/1452.png,train,False,
data/training_data/training_data/1453.png,train,False,
data/training_data/training_data/1454.png,train,False,
data/training_data/training_data/1455.png,train,False,
data/training_data/training_data/1456.png,train,False,
data/training_data/training_data/1457.png,train,False,
data/training_data/training_data/1458.png,train,False,
data/training_data/training_data/1459.png,train,False,
data/training_data/training_data/146.png,train,False,
data/training_data/training_data/1460.png,train,False,
data/training_data/training_data/1461.png,train,False,
data/training_data/training_data/1462.png,train,False,
data/training_data/training_data/1463.png,train,False,
data/training_data/training_data/1464.png,train,False,
data/training_data/training_data/1465.png,train,False,
data/training_data/training_data/1466.png,train,False,
data/training_data/training_data/1467.png,train,False,
data/training_data/training_data/1468.png,train,False,
data/training_data/training_data/1469.png,train,False,
data/training_data/training_data/147.png,train,False,
data/training_data/training_data/1470.png,train,False,
data/training_data/training_data/1471.png,train,False,
data/training_data/training_data/1472.png,train,False,
data/training_data/training_data/1473.png,train,False,
data/training_data/training_data/1474.png,train,False,
data/training_data/training_data/1475.png,train,False,
data/training_data/training_data/1476.png,train,False,
data/training_data/training_data/1477.png,train,False,
data/training_data/training_data/1478.png,train,False,
data/training_data/training_data/1479.png,train,False,
data/training_data/training_data/148.png,train,False,
data/training_data/training_data/1480.png,train,False,
data/training_data/training_data/1481.png,train,False,
data/training_data/training_data/1482.png,train,False,
data/training_data/training_data/1483.png,train,False,
data/training_data/training_data/1484.png,train,False,
data/training_data/training_data/1485.png,train,False,
data/training_data/training_data/1486.png,train,False,
data/training_data/training_data/1487.png,train,False,
data/training_data/training_data/1488.png,train,False,
data/training_data/training_data/1489.png,train,False,
data/training_data/training_data/149.png,train,False,
data/training_data/training_data/1490.png,train,False,
data/training_data/training_data/1491.png,train,False,
data/training_data/training_data/1492.png,train,False,
data/training_data/training_data/1493.png,train,False,
data/training_data/training_data/1494.png,train,False,
data/training_data/training_data/1495.png,train,False,
data/training_data/training_data/1496.png,train,False,
data/training_data/training_data/1497.png,train,False,
data/training_data/training_data/1498.png,train,False,
data/training_data/training_data/1499.png,train,False,
data/training_data/training_data/15.png,train,False,
data/training_data/training_data/150.png,train,False,
data/training_data/training_data/1500.png,train,False,
data/training_data/training_data/1501.png,train,False,
data/training_data/training_data/1502.png,train,False,
data/training_data/training_data/1503.png,train,False,
data/training_data/training_data/1504.png,train,False,
data/training_data/training_data/1505.png,train,False,
data/training_data/training_data/1506.png,train,False,
data/training_data/training_data/1507.png,train,False,
data/training_data/training_data/1508.png,train,False,
data/training_data/training_data/1509.png,train,False,
data/training_data/training_data/151.png,train,False,
data/training_data/training_data/1510.png,train,False,
data/training_data/training_data/1511.png,train,False,
data/training_data/training_data/1512.png,train,False,
data/training_data/training_data/1513.png,train,False,
data/training_data/training_data/1514.png,train,False,
data/training_data/training_data/1515.png,train,False,
data/training_data/training_data/1516.png,train,False,
data/training_data/training_data/1517.png,train,False,
data/training_data/training_data/1518.png,train,False,
data/training_data/training_data/1519.png,train,False,
data/training_data/training_data/152.png,train,False,
data/training_data/training_data/1520.png,train,False,
data/training_data/training_data/1521.png,train,False,
data/training_data/training_data/1522.png,train,False,
data/training_data/training_data/1523.png,train,False,
data/training_data/training_data/1524.png,train,False,
data/training_data/training_data/1525.png,train,False,
data/training_data/training_data/1526.png,train,False,
data/training_data/training_data/1527.png,train,False,
data/training_data/training_data/1528.png,train,False,
data/training_data/training_data/1529.png,train,False,
data/training_data/training_data/153.png,train,False,
data/training_data/training_data/1530.png,train,False,
data/training_data/training_data/1531.png,train,False,
data/training_data/training_data/1532.png,train,False,
data/training_data/training_data/1533.png,train,False,
data/training_data/training_data/1534.png,train,False,
data/training_data/training_data/1535.png,train,False,
data/training_data/training_data/1536.png,train,False,
data/training_data/training_data/1537.png,train,False,
data/training_data/training_data/1538.png,train,False,
data/training_data/training_data/1539.png,train,False,
data/training_data/training_data/154.png,train,False,
data/training_data/training_data/1540.png,train,False,
data/training_data/training_data/1541.png,train,False,
data/training_data/training_data/1542.png,train,False,
data/training_data/training_data/1543.png,train,False,
data/training_data/training_data/1544.png,train,False,
data/training_data/training_data/1545.png,train,False,
data/training_data/training_data/1546.png,train,False,
data/training_data/training_data/1547.png,train,False,
data/training_data/training_data/1548.png,train,False,
data/training_data/training_data/1549.png,train,False,
data/training_data/training_data/155.png,train,False,
data/training_data/training_data/1550.png,train,False,
data/training_data/training_data/1551.png,train,False,
data/training_data/training_data/1552.png,train,False,
data/training_data/training_data/1553.png,train,False,
data/training_data/training_data/1554.png,train,False,
data/training_data/training_data/1555.png,train,False,
data/training_data/training_data/1556.png,train,False,
data/training_data/training_data/1557.png,train,False,
data/training_data/training_data/1558.png,train,False,
data/training_data/training_data/1559.png,train,False,
data/training_data/training_data/156.png,train,False,
data/training_data/training_data/1560.png,train,False,
data/training_data/training_data/1561.png,train,False,
data/training_data/training_data/1562.png,train,False,
data/training_data/training_data/1563.png,train,False,
data/training_data/training_data/1564.png,train,False,
data/training_data/training_data/1565.png,train,False,
data/training_data/training_data/1566.png,train,False,
data/training_data/training_data/1567.png,train,False,
data/training_data/training_data/1568.png,train,False,
data/training_data/training_data/1569.png,train,False,
data/training_data/training_data/157.png,train,False,
data/training_data/training_data/1570.png,train,False,
data/training_data/training_data/1571.png,train,False,
data/training_data/training_data/1572.png,train,False,
data/training_data/training_data/1573.png,train,False,
data/training_data/training_data/1574.png,train,False,
data/training_data/training_data/1575.png,train,False,
data/training_data/training_data/1576.png,train,False,
data/training_data/training_data/1577.png,train,False,
data/training_data/training_data/1578.png,train,False,
data/training_data/training_data/1579.png,train,False,
data/training_data/training_data/158.png,train,False,
data/training_data/training_data/1580.png,train,False,
data/training_data/training_data/1581.png,train,False,
data/training_data/training_data/1582.png,train,False,
data/training_data/training_data/1583.png,train,False,
data/training_data/training_data/1584.png,train,False,
data/training_data/training_data/1585.png,train,False,
data/training_data/training_data/1586.png,train,False,
data/training_data/training_data/1587.png,train,False,
data/training_data/training_data/1588.png,train,False,
data/training_data/training_data/1589.png,train,False,
data/training_data/training_data/159.png,train,False,
data/training_data/training_data/1590.png,train,False,
data/training_data/training_data/1591.png,train,False,
data/training_data/training_data/1592.png,train,False,
data/training_data/training_data/1593.png,train,False,
data/training_data/training_data/1594.png,train,False,
data/training_data/training_data/1595.png,train,False,
data/training_data/training_data/1596.png,train,False,
data/training_data/training_data/1597.png,train,False,
data/training_data/training_data/1598.png,train,False,
data/training_data/training_data/1599.png,train,False,
data/training_data/training_data/16.png,train,False,
data/training_data/training_data/160.png,train,False,
data/training_data/training_data/1600.png,train,False,
data/training_data/training_data/1601.png,train,False,
data/training_data/training_data/1602.png,train,False,
data/training_data/training_data/1603.png,train,False,
data/training_data/training_data/1604.png,train,False,
data/training_data/training_data/1605.png,train,False,
data/training_data/training_data/1606.png,train,False,
data/training_data/training_data/1607.png,train,False,
data/training_data/training_data/1608.png,train,False,
data/training_data/training_data/1609.png,train,False,
data/training_data/training_data/161.png,train,False,
data/training_data/training_data/1610.png,train,False,
data/training_data/training_data/1611.png,train,False,
data/training_data/training_data/1613.png,train,False,
data/training_data/training_data/1614.png,train,False,
data/training_data/training_data/1615.png,train,False,
data/training_data/training_data/1616.png,train,False,
data/training_data/training_data/1617.png,train,False,
data/training_data/training_data/1618.png,train,False,
data/training_data/training_data/1619.png,train,False,
data/training_data/training_data/162.png,train,False,
data/training_data/training_data/1620.png,train,False,
data/training_data/training_data/1621.png,train,False,
data/training_data/training_data/1622.png,train,False,
data/training_data/training_data/1623.png,train,False,
data/training_data/training_data/1624.png,train,False,
data/training_data/training_data/1625.png,train,False,
data/training_data/training_data/1626.png,train,False,
data/training_data/training_data/1627.png,train,False,
data/training_data/training_data/1628.png,train,False,
data/training_data/training_data/1629.png,train,False,
data/training_data/training_data/1630.png,train,False,
data/training_data/training_data/1631.png,train,False,
data/training_data/training_data/1632.png,train,False,
data/training_data/training_data/1633.png,train,False,
data/training_data/training_data/1634.png,train,False,
data/training_data/training_data/1635.png,train,False,
data/training_data/training_data/1636.png,train,False,
data/training_data/training_data/1637.png,train,False,
data/training_data/training_data/1638.png,train,False,
data/training_data/training_data/1639.png,train,False,
data/training_data/training_data/164.png,train,False,
data/training_data/training_data/1640.png,train,False,
data/training_data/training_data/1641.png,train,False,
data/training_data/training_data/1642.png,train,False,
data/training_data/training_data/1643.png,train,False,
data/training_data/training_data/1644.png,train,False,
data/training_data/training_data/1645.png,train,False,
data/training_data/training_data/1646.png,train,False,
data/training_data/training_data/1647.png,train,False,
data/training_data/training_data/1648.png,train,False,
data/training_data/training_data/1649.png,train,False,
data/training_data/training_data/165.png,train,False,
data/training_data/training_data/1650.png,train,False,
data/training_data/training_data/1651.png,train,False,
data/training_data/training_data/1652.png,train,False,
data/training_data/training_data/1653.png,train,False,
data/training_data/training_data/1654.png,train,False,
data/training_data/training_data/1655.png,train,False,
data/training_data/training_data/1656.png,train,False,
data/training_data/training_data/1657.png,train,False,
data/training_data/training_data/1658.png,train,False,
data/training_data/training_data/1659.png,train,False,
data/training_data/training_data/166.png,train,False,
data/training_data/training_data/1660.png,train,False,
data/training_data/training_data/1661.png,train,False,
data/training_data/training_data/1662.png,train,False,
data/training_data/training_data/1663.png,train,False,
data/training_data/training_data/1664.png,train,False,
data/training_data/training_data/1665.png,train,False,
data/training_data/training_data/1666.png,train,False,
data/training_data/training_data/1667.png,train,False,
data/training_data/training_data/1668.png,train,False,
data/training_data/training_data/1669.png,train,False,
data/training_data/training_data/167.png,train,False,
data/training_data/training_data/1670.png,train,False,
data/training_data/training_data/1671.png,train,False,
data/training_data/training_data/1672.png,train,False,
data/training_data/training_data/1673.png,train,False,
data/training_data/training_data/1674.png,train,False,
data/training_data/training_data/1675.png,train,False,
data/training_data/training_data/1676.png,train,False,
data/training_data/training_data/1677.png,train,False,
data/training_data/training_data/1678.png,train,False,
data/training_data/training_data/1679.png,train,False,
data/training_data/training_data/168.png,train,False,
data/training_data/training_data/1680.png,train,False,
data/training_data/training_data/1681.png,train,False,
data/training_data/training_data/1682.png,train,False,
data/training_data/training_data/1683.png,train,False,
data/training_data/training_data/1684.png,train,False,
data/training_data/training_data/1685.png,train,False,
data/training_data/training_data/1686.png,train,False,
data/training_data/training_data/1687.png,train,False,
data/training_data/training_data/1688.png,train,False,
data/training_data/training_data/1689.png,train,False,
data/training_data/training_data/169.png,train,False,
data/training_data/training_data/1690.png,train,False,
data/training_data/training_data/1691.png,train,False,
data/training_data/training_data/1692.png,train,False,
data/training_data/training_data/1693.png,train,False,
data/training_data/training_data/1694.png,train,False,
data/training_data/training_data/1695.png,train,False,
data/training_data/training_data/1696.png,train,False,
data/training_data/training_data/1697.png,train,False,
data/training_data/training_data/1698.png,train,False,
data/training_data/training_data/1699.png,train,False,
data/training_data/training_data/17.png,train,False,
data/training_data/training_data/170.png,train,False,
data/training_data/training_data/1700.png,train,False,
data/training_data/training_data/1701.png,train,False,
data/training_data/training_data/1702.png,train,False,
data/training_data/training_data/1703.png,train,False,
data/training_data/training_data/1704.png,train,False,
data/training_data/training_data/1705.png,train,False,
data/training_data/training_data/1706.png,train,False,
data/training_data/training_data/1707.png,train,False,
data/training_data/training_data/1708.png,train,False,
data/training_data/training_data/1709.png,train,False,
data/training_data/training_data/171.png,train,False,
data/training_data/training_data/1710.png,train,False,
data/training_data/training_data/1711.png,train,False,
data/training_data/training_data/1712.png,train,False,
data/training_data/training_data/1713.png,train,False,
data/training_data/training_data/1714.png,train,False,
data/training_data/training_data/1715.png,train,False,
data/training_data/training_data/1716.png,train,False,
data/training_data/training_data/1717.png,train,False,
data/training_data/training_data/1718.png,train,False,
data/training_data/training_data/1719.png,train,False,
data/training_data/training_data/172.png,train,False,
data/training_data/training_data/1720.png,train,False,
data/training_data/training_data/1721.png,train,False,
data/training_data/training_data/1722.png,train,False,
data/training_data/training_data/1723.png,train,False,
data/training_data/training_data/1724.png,train,False,
data/training_data/training_data/1725.png,train,False,
data/training_data/training_data/1726.png,train,False,
data/training_data/training_data/1727.png,train,False,
data/training_data/training_data/1728.png,train,False,
data/training_data/training_data/1729.png,train,False,
data/training_data/training_data/173.png,train,False,
data/training_data/training_data/1730.png,train,False,
data/training_data/training_data/1731.png,train,False,
data/training_data/training_data/1732.png,train,False,
data/training_data/training_data/1733.png,train,False,
data/training_data/training_data/1734.png,train,False,
data/training_data/training_data/1735.png,train,False,
data/training_data/training_data/1736.png,train,False,
data/training_data/training_data/1737.png,train,False,
data/training_data/training_data/1738.png,train,False,
data/training_data/training_data/1739.png,train,False,
data/training_data/training_data/174.png,train,False,
data/training_data/training_data/1740.png,train,False,
data/training_data/training_data/1741.png,train,False,
data/training_data/training_data/1742.png,train,False,
data/training_data/training_data/1743.png,train,False,
data/training_data/training_data/1744.png,train,False,
data/training_data/training_data/1745.png,train,False,
data/training_data/training_data/1746.png,train,False,
data/training_data/training_data/1747.png,train,False,
data/training_data/training_data/1748.png,train,False,
data/training_data/training_data/1749.png,train,False,
data/training_data/training_data/175.png,train,False,
data/training_data/training_data/1750.png,train,False,
data/training_data/training_data/1751.png,train,False,
data/training_data/training_data/1752.png,train,False,
data/training_data/training_data/1753.png,train,False,
data/training_data/training_data/1754.png,train,False,
data/training_data/training_data/1755.png,train,False,
data/training_data/training_data/1756.png,train,False,
data/training_data/training_data/1757.png,train,False,
data/training_data/training_data/1758.png,train,False,
data/training_data/training_data/1759.png,train,False,
data/training_data/training_data/176.png,train,False,
data/training_data/training_data/1760.png,train,False,
data/training_data/training_data/1761.png,train,False,
data/training_data/training_data/1762.png,train,False,
data/training_data/training_data/1763.png,train,False,
data/training_data/training_data/1764.png,train,False,
data/training_data/training_data/1765.png,train,False,
data/training_data/training_data/1766.png,train,False,
data/training_data/training_data/1767.png,train,False,
data/training_data/training_data/1768.png,train,False,
data/training_data/training_data/1769.png,train,False,
data/training_data/training_data/177.png,train,False,
data/training_data/training_data/1770.png,train,False,
data/training_data/training_data/1771.png,train,False,
data/training_data/training_data/1772.png,train,False,
data/training_data/training_data/1773.png,train,False,
data/training_data/training_data/1774.png,train,False,
data/training_data/training_data/1775.png,train,False,
data/training_data/training_data/1776.png,train,False,
data/training_data/training_data/1777.png,train,False,
data/training_data/training_data/1778.png,train,False,
data/training_data/training_data/1779.png,train,False,
data/training_data/training_data/178.png,train,False,
data/training_data/training_data/1780.png,train,False,
data/training_data/training_data/1781.png,train,False,
data/training_data/training_data/1782.png,train,False,
data/training_data/training_data/1783.png,train,False,
data/training_data/training_data/1784.png,train,False,
data/training_data/training_data/1785.png,train,False,
data/training_data/training_data/1786.png,train,False,
data/training_data/training_data/1787.png,train,False,
data/training_data/training_data/1788.png,train,False,
data/training_data/training_data/1789.png,train,False,
data/training_data/training_data/179.png,train,False,
data/training_data/training_data/1790.png,train,False,
data/training_data/training_data/1791.png,train,False,
data/training_data/training_data/1792.png,train,False,
data/training_data/training_data/1793.png,train,False,
data/training_data/training_data/1794.png,train,False,
data/training_data/training_data/1795.png,train,False,
data/training_data/training_data/1796.png,train,False,
data/training_data/training_data/1797.png,train,False,
data/training_data/training_data/1798.png,train,False,
data/training_data/training_data/1799.png,train,False,
data/training_data/training_data/18.png,train,False,
data/training_data/training_data/180.png,train,False,
data/training_data/training_data/1800.png,train,False,
data/training_data/training_data/1801.png,train,False,
data/training_data/training_data/1802.png,train,False,
data/training_data/training_data/1803.png,train,False,
data/training_data/training_data/1804.png,train,False,
data/training_data/training_data/1805.png,train,False,
data/training_data/training_data/1806.png,train,False,
data/training_data/training_data/1807.png,train,False,
data/training_data/training_data/1808.png,train,False,
data/training_data/training_data/1809.png,train,False,
data/training_data/training_data/181.png,train,False,
data/training_data/training_data/1810.png,train,False,
data/training_data/training_data/1811.png,train,False,
data/training_data/training_data/1812.png,train,False,
data/training_data/training_data/1813.png,train,False,
data/training_data/training_data/1814.png,train,False,
data/training_data/training_data/1815.png,train,False,
data/training_data/training_data/1816.png,train,False,
data/training_data/training_data/1817.png,train,False,
data/training_data/training_data/1818.png,train,False,
data/training_data/training_data/1819.png,train,False,
data/training_data/training_data/182.png,train,False,
data/training_data/training_data/1820.png,train,False,
data/training_data/training_data/1821.png,train,False,
data/training_data/training_data/1822.png,train,False,
data/training_data/training_data/1823.png,train,False,
data/training_data/training_data/1824.png,train,False,
data/training_data/training_data/1825.png,train,False,
data/training_data/training_data/1826.png,train,False,
data/training_data/training_data/1827.png,train,False,
data/training_data/training_data/1828.png,train,False,
data/training_data/training_data/1829.png,train,False,
data/training_data/training_data/183.png,train,False,
data/training_data/training_data/1830.png,train,False,
data/training_data/training_data/1831.png,train,False,
data/training_data/training_data/1832.png,train,False,
data/training_data/training_data/1833.png,train,False,
data/training_data/training_data/1834.png,train,False,
data/training_data/training_data/1835.png,train,False,
data/training_data/training_data/1836.png,train,False,
data/training_data/training_data/1837.png,train,False,
data/training_data/training_data/1838.png,train,False,
data/training_data/training_data/1839.png,train,False,
data/training_data/training_data/184.png,train,False,
data/training_data/training_data/1840.png,train,False,
data/training_data/training_data/1841.png,train,False,
data/training_data/training_data/1842.png,train,False,
data/training_data/training_data/1843.png,train,False,
data/training_data/training_data/1844.png,train,False,
data/training_data/training_data/1845.png,train,False,
data/training_data/training_data/1846.png,train,False,
data/training_data/training_data/1847.png,train,False,
data/training_data/training_data/1848.png,train,False,
data/training_data/training_data/1849.png,train,False,
data/training_data/training_data/185.png,train,False,
data/training_data/training_data/1850.png,train,False,
data/training_data/training_data/1851.png,train,False,
data/training_data/training_data/1852.png,train,False,
data/training_data/training_data/1853.png,train,False,
data/training_data/training_data/1854.png,train,False,
data/training_data/training_data/1855.png,train,False,
data/training_data/training_data/1856.png,train,False,
data/training_data/training_data/1857.png,train,False,
data/training_data/training_data/1858.png,train,False,
data/training_data/training_data/1859.png,train,False,
data/training_data/training_data/186.png,train,False,
data/training_data/training_data/1860.png,train,False,
data/training_data/training_data/1861.png,train,False,
data/training_data/training_data/1862.png,train,False,
data/training_data/training_data/1863.png,train,False,
data/training_data/training_data/1864.png,train,False,
data/training_data/training_data/1865.png,train,False,
data/training_data/training_data/1866.png,train,False,
data/training_data/training_data/1867.png,train,False,
data/training_data/training_data/1868.png,train,False,
data/training_data/training_data/1869.png,train,False,
data/training_data/training_data/187.png,train,False,
data/training_data/training_data/1870.png,train,False,
data/training_data/training_data/1871.png,train,False,
data/training_data/training_data/1872.png,train,False,
data/training_data/training_data/1873.png,train,False,
data/training_data/training_data/1874.png,train,False,
data/training_data/training_data/1875.png,train,False,
data/training_data/training_data/1876.png,train,False,
data/training_data/training_data/1877.png,train,False,
data/training_data/training_data/1878.png,train,False,
data/training_data/training_data/1879.png,train,False,
data/training_data/training_data/188.png,train,False,
data/training_data/training_data/1880.png,train,False,
data/training_data/training_data/1881.png,train,False,
data/training_data/training_data/1882.png,train,False,
data/training_data/training_data/1883.png,train,False,
data/training_data/training_data/1884.png,train,False,
data/training_data/training_data/1885.png,train,False,
data/training_data/training_data/1886.png,train,False,
data/training_data/training_data/1887.png,train,False,
data/training_data/training_data/1888.png,train,False,
data/training_data/training_data/1889.png,train,False,
data/training_data/training_data/189.png,train,False,
data/training_data/training_data/1890.png,train,False,
data/training_data/training_data/1891.png,train,False,
data/training_data/training_data/1892.png,train,False,
data/training_data/training_data/1893.png,train,False,
data/training_data/training_data/1894.png,train,False,
data/training_data/training_data/1895.png,train,False,
data/training_data/training_data/1896.png,train,False,
data/training_data/training_data/1897.png,train,False,
data/training_data/training_data/1898.png,train,False,
data/training_data/training_data/1899.png,train,False,
data/training_data/training_data/19.png,train,False,
data/training_data/training_data/190.png,train,False,
data/training_data/training_data/1900.png,train,False,
data/training_data/training_data/1901.png,train,False,
data/training_data/training_data/1902.png,train,False,
data/training_data/training_data/1903.png,train,False,
data/training_data/training_data/1904.png,train,False,
data/training_data/training_data/1905.png,train,False,
data/training_data/training_data/1906.png,train,False,
data/training_data/training_data/1907.png,train,False,
data/training_data/training_data/1908.png,train,False,
data/training_data/training_data/1909.png,train,False,
data/training_data/training_data/191.png,train,False,
data/training_data/training_data/1910.png,train,False,
data/training_data/training_data/1911.png,train,False,
data/training_data/training_data/1912.png,train,False,
data/training_data/training_data/1913.png,train,False,
data/training_data/training_data/1914.png,train,False,
data/training_data/training_data/1915.png,train,False,
data/training_data/training_data/1916.png,train,False,
data/training_data/training_data/1917.png,train,False,
data/training_data/training_data/1918.png,train,False,
data/training_data/training_data/1919.png,train,False,
data/training_data/training_data/192.png,train,False,
data/training_data/training_data/1920.png,train,False,
data/training_data/training_data/1921.png,train,False,
data/training_data/training_data/1922.png,train,False,
data/training_data/training_data/1923.png,train,False,
data/training_data/training_data/1924.png,train,False,
data/training_data/training_data/1925.png,train,False,
data/training_data/training_data/1926.png,train,False,
data/training_data/training_data/1927.png,train,False,
data/training_data/training_data/1928.png,train,False,
data/training_data/training_data/1929.png,train,False,
data/training_data/training_data/193.png,train,False,
data/training_data/training_data/1930.png,train,False,
data/training_data/training_data/1931.png,train,False,
data/training_data/training_data/1932.png,train,False,
data/training_data/training_data/1933.png,train,False,
data/training_data/training_data/1934.png,train,False,
data/training_data/training_data/1935.png,train,False,
data/training_data/training_data/1936.png,train,False,
data/training_data/training_data/1937.png,train,False,
data/training_data/training_data/1938.png,train,False,
data/training_data/training_data/1939.png,train,False,
data/training_data/training_data/194.png,train,False,
data/training_data/training_data/1940.png,train,False,
data/training_data/training_data/1941.png,train,False,
data/training_data/training_data/1942.png,train,False,
data/training_data/training_data/1943.png,train,False,
data/training_data/training_data/1944.png,train,False,
data/training_data/training_data/1945.png,train,False,
data/training_data/training_data/1946.png,train,False,
data/training_data/training_data/1947.png,train,False,
data/training_data/training_data/1948.png,train,False,
data/training_data/training_data/1949.png,train,False,
data/training_data/training_data/195.png,train,False,
data/training_data/training_data/1950.png,train,False,
data/training_data/training_data/1951.png,train,False,
data/training_data/training_data/1952.png,train,False,
data/training_data/training_data/1953.png,train,False,
data/training_data/training_data/1954.png,train,False,
data/training_data/training_data/1955.png,train,False,
data/training_data/training_data/1956.png,train,False,
data/training_data/training_data/1957.png,train,False,
data/training_data/training_data/1958.png,train,False,
data/training_data/training_data/1959.png,train,False,
data/training_data/training_data/196.png,train,False,
data/training_data/training_data/1960.png,train,False,
data/training_data/training_data/1961.png,train,False,
data/training_data/training_data/1962.png,train,False,
data/training_data/training_data/1963.png,train,False,
data/training_data/training_data/1964.png,train,False,
data/training_data/training_data/1965.png,train,False,
data/training_data/training_data/1966.png,train,False,
data/training_data/training_data/1967.png,train,False,
data/training_data/training_data/1968.png,train,False,
data/training_data/training_data/1969.png,train,False,
data/training_data/training_data/197.png,train,False,
data/training_data/training_data/1970.png,train,False,
data/training_data/training_data/1971.png,train,False,
data/training_data/training_data/1972.png,train,False,
data/training_data/training_data/1973.png,train,False,
data/training_data/training_data/1974.png,train,False,
data/training_data/training_data/1975.png,train,False,
data/training_data/training_data/1976.png,train,False,
data/training_data/training_data/1977.png,train,False,
data/training_data/training_data/1978.png,train,False,
data/training_data/training_data/1979.png,train,False,
data/training_data/training_data/198.png,train,False,
data/training_data/training_data/1980.png,train,False,
data/training_data/training_data/1981.png,train,False,
data/training_data/training_data/1982.png,train,False,
data/training_data/training_data/1983.png,train,False,
data/training_data/training_data/1984.png,train,False,
data/training_data/training_data/1985.png,train,False,
data/training_data/training_data/1986.png,train,False,
data/training_data/training_data/1987.png,train,False,
data/training_data/training_data/1988.png,train,False,
data/training_data/training_data/1989.png,train,False,
data/training_data/training_data/199.png,train,False,
data/training_data/training_data/1990.png,train,False,
data/training_data/training_data/1991.png,train,False,
data/training_data/training_data/1992.png,train,False,
data/training_data/training_data/1993.png,train,False,
data/training_data/training_data/1994.png,train,False,
data/training_data/training_data/1995.png,train,False,
data/training_data/training_data/1996.png,train,False,
data/training_data/training_data/1997.png,train,False,
data/training_data/training_data/1998.png,train,False,
data/training_data/training_data/1999.png,train,False,
data/training_data/training_data/20.png,train,False,
data/training_data/training_data/200.png,train,False,
data/training_data/training_data/2000.png,train,False,
data/training_data/training_data/2001.png,train,False,
data/training_data/training_data/2002.png,train,False,
data/training_data/training_data/2003.png,train,False,
data/training_data/training_data/2004.png,train,False,
data/training_data/training_data/2005.png,train,False,
data/training_data/training_data/2006.png,train,False,
data/training_data/training_data/2007.png,train,False,
data/training_data/training_data/2008.png,train,False,
data/training_data/training_data/2009.png,train,False,
data/training_data/training_data/201.png,train,False,
data/training_data/training_data/2010.png,train,False,
data/training_data/training_data/2011.png,train,False,
data/training_data/training_data/2012.png,train,False,
data/training_data/training_data/2013.png,train,False,
data/training_data/training_data/2014.png,train,False,
data/training_data/training_data/2015.png,train,False,
data/training_data/training_data/2016.png,train,False,
data/training_data/training_data/2017.png,train,False,
data/training_data/training_data/2018.png,train,False,
data/training_data/training_data/2019.png,train,False,
data/training_data/training_data/202.png,train,False,
data/training_data/training_data/2020.png,train,False,
data/training_data/training_data/2021.png,train,False,
data/training_data/training_data/2022.png,train,False,
data/training_data/training_data/2023.png,train,False,
data/training_data/training_data/2024.png,train,False,
data/training_data/training_data/2025.png,train,False,
data/training_data/training_data/2026.png,train,False,
data/training_data/training_data/2027.png,train,False,
data/training_data/training_data/2028.png,train,False,
data/training_data/training_data/2029.png,train,False,
data/training_data/training_data/203.png,train,False,
data/training_data/training_data/2030.png,train,False,
data/training_data/training_data/2031.png,train,False,
data/training_data/training_data/2033.png,train,False,
data/training_data/training_data/2034.png,train,False,
data/training_data/training_data/2035.png,train,False,
data/training_data/training_data/2036.png,train,False,
data/training_data/training_data/2037.png,train,False,
data/training_data/training_data/2038.png,train,False,
data/training_data/training_data/2039.png,train,False,
data/training_data/training_data/204.png,train,False,
data/training_data/training_data/2040.png,train,False,
data/training_data/training_data/2041.png,train,False,
data/training_data/training_data/2042.png,train,False,
data/training_data/training_data/2043.png,train,False,
data/training_data/training_data/2044.png,train,False,
data/training_data/training_data/2045.png,train,False,
data/training_data/training_data/2046.png,train,False,
data/training_data/training_data/2047.png,train,False,
data/training_data/training_data/2048.png,train,False,
data/training_data/training_data/2049.png,train,False,
data/training_data/training_data/205.png,train,False,
data/training_data/training_data/2050.png,train,False,
data/training_data/training_data/2051.png,train,False,
data/training_data/training_data/2052.png,train,False,
data/training_data/training_data/2053.png,train,False,
data/training_data/training_data/2054.png,train,False,
data/training_data/training_data/2055.png,train,False,
data/training_data/training_data/2056.png,train,False,
data/training_data/training_data/2057.png,train,False,
data/training_data/training_data/2058.png,train,False,
data/training_data/training_data/2059.png,train,False,
data/training_data/training_data/206.png,train,False,
data/training_data/training_data/2060.png,train,False,
data/training_data/training_data/2061.png,train,False,
data/training_data/training_data/2062.png,train,False,
data/training_data/training_data/2063.png,train,False,
data/training_data/training_data/2064.png,train,False,
data/training_data/training_data/2065.png,train,False,
data/training_data/training_data/2066.png,train,False,
data/training_data/training_data/2067.png,train,False,
data/training_data/training_data/2068.png,train,False,
data/training_data/training_data/2069.png,train,False,
data/training_data/training_data/207.png,train,False,
data/training_data/training_data/2070.png,train,False,
data/training_data/training_data/2071.png,train,False,
data/training_data/training_data/2072.png,train,False,
data/training_data/training_data/2073.png,train,False,
data/training_data/training_data/2074.png,train,False,
data/training_data/training_data/2075.png,train,False,
data/training_data/training_data/2076.png,train,False,
data/training_data/training_data/2077.png,train,False,
data/training_data/training_data/2078.png,train,False,
data/training_data/training_data/2079.png,train,False,
data/training_data/training_data/208.png,train,False,
data/training_data/training_data/2080.png,train,False,
data/training_data/training_data/2081.png,train,False,
data/training_data/training_data/2082.png,train,False,
data/training_data/training_data/2083.png,train,False,
data/training_data/training_data/2084.png,train,False,
data/training_data/training_data/2085.png,train,False,
data/training_data/training_data/2086.png,train,False,
data/training_data/training_data/2087.png,train,False,
data/training_data/training_data/2088.png,train,False,
data/training_data/training_data/2089.png,train,False,
data/training_data/training_data/209.png,train,False,
data/training_data/training_data/2090.png,train,False,
data/training_data/training_data/2091.png,train,False,
data/training_data/training_data/2092.png,train,False,
data/training_data/training_data/2093.png,train,False,
data/training_data/training_data/2094.png,train,False,
data/training_data/training_data/2095.png,train,False,
data/training_data/training_data/2096.png,train,False,
data/training_data/training_data/2097.png,train,False,
data/training_data/training_data/2098.png,train,False,
data/training_data/training_data/2099.png,train,False,
data/training_data/training_data/21.png,train,False,
data/training_data/training_data/210.png,train,False,
data/training_data/training_data/2100.png,train,False,
data/training_data/training_data/2101.png,train,False,
data/training_data/training_data/2102.png,train,False,
data/training_data/training_data/2103.png,train,False,
data/training_data/training_data/2104.png,train,False,
data/training_data/training_data/2105.png,train,False,
data/training_data/training_data/2106.png,train,False,
data/training_data/training_data/2107.png,train,False,
data/training_data/training_data/2108.png,train,False,
data/training_data/training_data/2109.png,train,False,
data/training_data/training_data/211.png,train,False,
data/training_data/training_data/2110.png,train,False,
data/training_data/training_data/2111.png,train,False,
data/training_data/training_data/2112.png,train,False,
data/training_data/training_data/2113.png,train,False,
data/training_data/training_data/2114.png,train,False,
data/training_data/training_data/2115.png,train,False,
data/training_data/training_data/2116.png,train,False,
data/training_data/training_data/2117.png,train,False,
data/training_data/training_data/2118.png,train,False,
data/training_data/training_data/2119.png,train,False,
data/training_data/training_data/212.png,train,False,
data/training_data/training_data/2120.png,train,False,
data/training_data/training_data/2121.png,train,False,
data/training_data/training_data/2122.png,train,False,
data/training_data/training_data/2123.png,train,False,
data/training_data/training_data/2124.png,train,False,
data/training_data/training_data/2125.png,train,False,
data/training_data/training_data/2126.png,train,False,
data/training_data/training_data/2127.png,train,False,
data/training_data/training_data/2128.png,train,False,
data/training_data/training_data/2129.png,train,False,
data/training_data/training_data/213.png,train,False,
data/training_data/training_data/2130.png,train,False,
data/training_data/training_data/2131.png,train,False,
data/training_data/training_data/2132.png,train,False,
data/training_data/training_data/2133.png,train,False,
data/training_data/training_data/2134.png,train,False,
data/training_data/training_data/2135.png,train,False,
data/training_data/training_data/2136.png,train,False,
data/training_data/training_data/2137.png,train,False,
data/training_data/training_data/2138.png,train,False,
data/training_data/training_data/2139.png,train,False,
data/training_data/training_data/214.png,train,False,
data/training_data/training_data/2140.png,train,False,
data/training_data/training_data/2141.png,train,False,
data/training_data/training_data/2142.png,train,False,
data/training_data/training_data/2143.png,train,False,
data/training_data/training_data/2144.png,train,False,
data/training_data/training_data/2145.png,train,False,
data/training_data/training_data/2146.png,train,False,
data/training_data/training_data/2147.png,train,False,
data/training_data/training_data/2148.png,train,False,
data/training_data/training_data/2149.png,train,False,
data/training_data/training_data/215.png,train,False,
data/training_data/training_data/2150.png,train,False,
data/training_data/training_data/2151.png,train,False,
data/training_data/training_data/2152.png,train,False,
data/training_data/training_data/2153.png,train,False,
data/training_data/training_data/2154.png,train,False,
data/training_data/training_data/2155.png,train,False,
data/training_data/training_data/2156.png,train,False,
data/training_data/training_data/2157.png,train,False,
data/training_data/training_data/2158.png,train,False,
data/training_data/training_data/2159.png,train,False,
data/training_data/training_data/216.png,train,False,
data/training_data/training_data/2160.png,train,False,
data/training_data/training_data/2161.png,train,False,
data/training_data/training_data/2162.png,train,False,
data/training_data/training_data/2163.png,train,False,
data/training_data/training_data/2164.png,train,False,
data/training_data/training_data/2165.png,train,False,
data/training_data/training_data/2166.png,train,False,
data/training_data/training_data/2167.png,train,False,
data/training_data/training_data/2168.png,train,False,
data/training_data/training_data/2169.png,train,False,
data/training_data/training_data/217.png,train,False,
data/training_data/training_data/2170.png,train,False,
data/training_data/training_data/2171.png,train,False,
data/training_data/training_data/2172.png,train,False,
data/training_data/training_data/2173.png,train,False,
data/training_data/training_data/2175.png,train,False,
data/training_data/training_data/2176.png,train,False,
data/training_data/training_data/2177.png,train,False,
data/training_data/training_data/2178.png,train,False,
data/training_data/training_data/2179.png,train,False,
data/training_data/training_data/218.png,train,False,
data/training_data/training_data/2180.png,train,False,
data/training_data/training_data/2181.png,train,False,
data/training_data/training_data/2182.png,train,False,
data/training_data/training_data/2183.png,train,False,
data/training_data/training_data/2184.png,train,False,
data/training_data/training_data/2185.png,train,False,
data/training_data/training_data/2186.png,train,False,
data/training_data/training_data/2187.png,train,False,
data/training_data/training_data/2188.png,train,False,
data/training_data/training_data/2189.png,train,False,
data/training_data/training_data/219.png,train,False,
data/training_data/training_data/2190.png,train,False,
data/training_data/training_data/2191.png,train,False,
data/training_data/training_data/2192.png,train,False,
data/training_data/training_data/2193.png,train,False,
data/training_data/training_data/2194.png,train,False,
data/training_data/training_data/2195.png,train,False,
data/training_data/training_data/2196.png,train,False,
data/training_data/training_data/2197.png,train,False,
data/training_data/training_data/2198.png,train,False,
data/training_data/training_data/2199.png,train,False,
data/training_data/training_data/22.png,train,False,
data/training_data/training_data/220.png,train,False,
data/training_data/training_data/2200.png,train,False,
data/training_data/training_data/2201.png,train,False,
data/training_data/training_data/2202.png,train,False,
data/training_data/training_data/2203.png,train,False,
data/training_data/training_data/2204.png,train,False,
data/training_data/training_data/2205.png,train,False,
data/training_data/training_data/2206.png,train,False,
data/training_data/training_data/2207.png,train,False,
data/training_data/training_data/2208.png,train,False,
data/training_data/training_data/2209.png,train,False,
data/training_data/training_data/221.png,train,False,
data/training_data/training_data/2210.png,train,False,
data/training_data/training_data/2211.png,train,False,
data/training_data/training_data/2212.png,train,False,
data/training_data/training_data/2213.png,train,False,
data/training_data/training_data/2214.png,train,False,
data/training_data/training_data/2215.png,train,False,
data/training_data/training_data/2216.png,train,False,
data/training_data/training_data/2217.png,train,False,
data/training_data/training_data/2218.png,train,False,
data/training_data/training_data/2219.png,train,False,
data/training_data/training_data/222.png,train,False,
data/training_data/training_data/2220.png,train,False,
data/training_data/training_data/2221.png,train,False,
data/training_data/training_data/2222.png,train,False,
data/training_data/training_data/2223.png,train,False,
data/training_data/training_data/2224.png,train,False,
data/training_data/training_data/2225.png,train,False,
data/training_data/training_data/2226.png,train,False,
data/training_data/training_data/2227.png,train,False,
data/training_data/training_data/2228.png,train,False,
data/training_data/training_data/2229.png,train,False,
data/training_data/training_data/223.png,train,False,
data/training_data/training_data/2230.png,train,False,
data/training_data/training_data/2231.png,train,False,
data/training_data/training_data/2232.png,train,False,
data/training_data/training_data/2233.png,train,False,
data/training_data/training_data/2234.png,train,False,
data/training_data/training_data/2235.png,train,False,
data/training_data/training_data/2236.png,train,False,
data/training_data/training_data/2237.png,train,False,
data/training_data/training_data/2238.png,train,False,
data/training_data/training_data/2239.png,train,False,
data/training_data/training_data/224.png,train,False,
data/training_data/training_data/2240.png,train,False,
data/training_data/training_data/2241.png,train,False,
data/training_data/training_data/2242.png,train,False,
data/training_data/training_data/2243.png,train,False,
data/training_data/training_data/2244.png,train,False,
data/training_data/training_data/2245.png,train,False,
data/training_data/training_data/2246.png,train,False,
data/training_data/training_data/2247.png,train,False,
data/training_data/training_data/2248.png,train,False,
data/training_data/training_data/2249.png,train,False,
data/training_data/training_data/225.png,train,False,
data/training_data/training_data/2250.png,train,False,
data/training_data/training_data/2251.png,train,False,
data/training_data/training_data/2252.png,train,False,
data/training_data/training_data/2253.png,train,False,
data/training_data/training_data/2254.png,train,False,
data/training_data/training_data/2255.png,train,False,
data/training_data/training_data/2256.png,train,False,
data/training_data/training_data/2257.png,train,False,
data/training_data/training_data/2258.png,train,False,
data/training_data/training_data/2259.png,train,False,
data/training_data/training_data/226.png,train,False,
data/training_data/training_data/2260.png,train,False,
data/training_data/training_data/2261.png,train,False,
data/training_data/training_data/2262.png,train,False,
data/training_data/training_data/2263.png,train,False,
data/training_data/training_data/2264.png,train,False,
data/training_data/training_data/2265.png,train,False,
data/training_data/training_data/2266.png,train,False,
data/training_data/training_data/2267.png,train,False,
data/training_data/training_data/2268.png,train,False,
data/training_data/training_data/2269.png,train,False,
data/training_data/training_data/227.png,train,False,
data/training_data/training_data/2270.png,train,False,
data/training_data/training_data/2271.png,train,False,
data/training_data/training_data/2272.png,train,False,
data/training_data/training_data/2273.png,train,False,
data/training_data/training_data/2274.png,train,False,
data/training_data/training_data/2275.png,train,False,
data/training_data/training_data/2276.png,train,False,
data/training_data/training_data/2277.png,train,False,
data/training_data/training_data/2278.png,train,False,
data/training_data/training_data/2279.png,train,False,
data/training_data/training_data/228.png,train,False,
data/training_data/training_data/2280.png,train,False,
data/training_data/training_data/2281.png,train,False,
data/training_data/training_data/2282.png,train,False,
data/training_data/training_data/2283.png,train,False,
data/training_data/training_data/2284.png,train,False,
data/training_data/training_data/2285.png,train,False,
data/training_data/training_data/2286.png,train,False,
data/training_data/training_data/2287.png,train,False,
data/training_data/training_data/2288.png,train,False,
data/training_data/training_data/2289.png,train,False,
data/training_data/training_data/229.png,train,False,
data/training_data/training_data/2290.png,train,False,
data/training_data/training_data/2291.png,train,False,
data/training_data/training_data/2292.png,train,False,
data/training_data/training_data/2293.png,train,False,
data/training_data/training_data/2294.png,train,False,
data/training_data/training_data/2295.png,train,False,
data/training_data/training_data/2296.png,train,False,
data/training_data/training_data/2297.png,train,False,
data/training_data/training_data/2298.png,train,False,
data/training_data/training_data/2299.png,train,False,
data/training_data/training_data/23.png,train,False,
data/training_data/training_data/230.png,train,False,
data/training_data/training_data/2300.png,train,False,
data/training_data/training_data/2301.png,train,False,
data/training_data/training_data/2302.png,train,False,
data/training_data/training_data/2303.png,train,False,
data/training_data/training_data/2304.png,train,False,
data/training_data/training_data/2305.png,train,False,
data/training_data/training_data/2306.png,train,False,
data/training_data/training_data/2307.png,train,False,
data/training_data/training_data/2308.png,train,False,
data/training_data/training_data/2309.png,train,False,
data/training_data/training_data/231.png,train,False,
data/training_data/training_data/2310.png,train,False,
data/training_data/training_data/2311.png,train,False,
data/training_data/training_data/2312.png,train,False,
data/training_data/training_data/2313.png,train,False,
data/training_data/training_data/2314.png,train,False,
data/training_data/training_data/2315.png,train,False,
data/training_data/training_data/2316.png,train,False,
data/training_data/training_data/2317.png,train,False,
data/training_data/training_data/2318.png,train,False,
data/training_data/training_data/2319.png,train,False,
data/training_data/training_data/232.png,train,False,
data/training_data/training_data/2320.png,train,False,
data/training_data/training_data/2321.png,train,False,
data/training_data/training_data/2322.png,train,False,
data/training_data/training_data/2323.png,train,False,
data/training_data/training_data/2324.png,train,False,
data/training_data/training_data/2325.png,train,False,
data/training_data/training_data/2326.png,train,False,
data/training_data/training_data/2327.png,train,False,
data/training_data/training_data/2328.png,train,False,
data/training_data/training_data/2329.png,train,False,
data/training_data/training_data/233.png,train,False,
data/training_data/training_data/2330.png,train,False,
data/training_data/training_data/2331.png,train,False,
data/training_data/training_data/2332.png,train,False,
data/training_data/training_data/2333.png,train,False,
data/training_data/training_data/2334.png,train,False,
data/training_data/training_data/2335.png,train,False,
data/training_data/training_data/2336.png,train,False,
data/training_data/training_data/2337.png,train,False,
data/training_data/training_data/2338.png,train,False,
data/training_data/training_data/2339.png,train,False,
data/training_data/training_data/234.png,train,False,
data/training_data/training_data/2340.png,train,False,
data/training_data/training_data/2341.png,train,False,
data/training_data/training_data/2342.png,train,False,
data/training_data/training_data/2343.png,train,False,
data/training_data/training_data/2344.png,train,False,
data/training_data/training_data/2345.png,train,False,
data/training_data/training_data/2346.png,train,False,
data/training_data/training_data/2347.png,train,False,
data/training_data/training_data/2348.png,train,False,
data/training_data/training_data/2349.png,train,False,
data/training_data/training_data/235.png,train,False,
data/training_data/training_data/2350.png,train,False,
data/training_data/training_data/2351.png,train,False,
data/training_data/training_data/2352.png,train,False,
data/training_data/training_data/2353.png,train,False,
data/training_data/training_data/2354.png,train,False,
data/training_data/training_data/2355.png,train,False,
data/training_data/training_data/2356.png,train,False,
data/training_data/training_data/2357.png,train,False,
data/training_data/training_data/2358.png,train,False,
data/training_data/training_data/2359.png,train,False,
data/training_data/training_data/236.png,train,False,
data/training_data/training_data/2360.png,train,False,
data/training_data/training_data/2361.png,train,False,
data/training_data/training_data/2362.png,train,False,
data/training_data/training_data/2363.png,train,False,
data/training_data/training_data/2364.png,train,False,
data/training_data/training_data/2365.png,train,False,
data/training_data/training_data/2366.png,train,False,
data/training_data/training_data/2367.png,train,False,
data/training_data/training_data/2368.png,train,False,
data/training_data/training_data/2369.png,train,False,
data/training_data/training_data/237.png,train,False,
data/training_data/training_data/2370.png,train,False,
data/training_data/training_data/2371.png,train,False,
data/training_data/training_data/2372.png,train,False,
data/training_data/training_data/2373.png,train,False,
data/training_data/training_data/2374.png,train,False,
data/training_data/training_data/2375.png,train,False,
data/training_data/training_data/2376.png,train,False,
data/training_data/training_data/2377.png,train,False,
data/training_data/training_data/2378.png,train,False,
data/training_data/training_data/2379.png,train,False,
data/training_data/training_data/238.png,train,False,
data/training_data/training_data/2380.png,train,False,
data/training_data/training_data/2381.png,train,False,
data/training_data/training_data/2382.png,train,False,
data/training_data/training_data/2383.png,train,False,
data/training_data/training_data/2384.png,train,False,
data/training_data/training_data/2385.png,train,False,
data/training_data/training_data/2386.png,train,False,
data/training_data/training_data/2387.png,train,False,
data/training_data/training_data/2388.png,train,False,
data/training_data/training_data/2389.png,train,False,
data/training_data/training_data/239.png,train,False,
data/training_data/training_data/2390.png,train,False,
data/training_data/training_data/2391.png,train,False,
data/training_data/training_data/2392.png,train,False,
data/training_data/training_data/2393.png,train,False,
data/training_data/training_data/2394.png,train,False,
data/training_data/training_data/2395.png,train,False,
data/training_data/training_data/2396.png,train,False,
data/training_data/training_data/2397.png,train,False,
data/training_data/training_data/2398.png,train,False,
data/training_data/training_data/2399.png,train,False,
data/training_data/training_data/24.png,train,False,
data/training_data/training_data/240.png,train,False,
data/training_data/training_data/2400.png,train,False,
data/training_data/training_data/2401.png,train,False,
data/training_data/training_data/2402.png,train,False,
data/training_data/training_data/2403.png,train,False,
data/training_data/training_data/2404.png,train,False,
data/training_data/training_data/2405.png,train,False,
data/training_data/training_data/2406.png,train,False,
data/training_data/training_data/2407.png,train,False,
data/training_data/training_data/2408.png,train,False,
data/training_data/training_data/2409.png,train,False,
data/training_data/training_data/241.png,train,False,
data/training_data/training_data/2410.png,train,False,
data/training_data/training_data/2411.png,train,False,
data/training_data/training_data/2412.png,train,False,
data/training_data/training_data/2413.png,train,False,
data/training_data/training_data/2414.png,train,False,
data/training_data/training_data/2415.png,train,False,
data/training_data/training_data/2416.png,train,False,
data/training_data/training_data/2417.png,train,False,
data/training_data/training_data/2418.png,train,False,
data/training_data/training_data/2419.png,train,False,
data/training_data/training_data/242.png,train,False,
data/training_data/training_data/2420.png,train,False,
data/training_data/training_data/2421.png,train,False,
data/training_data/training_data/2422.png,train,False,
data/training_data/training_data/2423.png,train,False,
data/training_data/training_data/2424.png,train,False,
data/training_data/training_data/2425.png,train,False,
data/training_data/training_data/2426.png,train,False,
data/training_data/training_data/2427.png,train,False,
data/training_data/training_data/2428.png,train,False,
data/training_data/training_data/2429.png,train,False,
data/training_data/training_data/243.png,train,False,
data/training_data/training_data/2430.png,train,False,
data/training_data/training_data/2431.png,train,False,
data/training_data/training_data/2432.png,train,False,
data/training_data/training_data/2433.png,train,False,
data/training_data/training_data/2434.png,train,False,
data/training_data/training_data/2435.png,train,False,
data/training_data/training_data/2436.png,train,False,
data/training_data/training_data/2437.png,train,False,
data/training_data/training_data/2438.png,train,False,
data/training_data/training_data/2439.png,train,False,
data/training_data/training_data/244.png,train,False,
data/training_data/training_data/2440.png,train,False,
data/training_data/training_data/2441.png,train,False,
data/training_data/training_data/2442.png,train,False,
data/training_data/training_data/2443.png,train,False,
data/training_data/training_data/2444.png,train,False,
data/training_data/training_data/2445.png,train,False,
data/training_data/training_data/2446.png,train,False,
data/training_data/training_data/2447.png,train,False,
data/training_data/training_data/2448.png,train,False,
data/training_data/training_data/2449.png,train,False,
data/training_data/training_data/245.png,train,False,
data/training_data/training_data/2450.png,train,False,
data/training_data/training_data/2451.png,train,False,
data/training_data/training_data/2452.png,train,False,
data/training_data/training_data/2453.png,train,False,
data/training_data/training_data/2454.png,train,False,
data/training_data/training_data/2455.png,train,False,
data/training_data/training_data/2456.png,train,False,
data/training_data/training_data/2457.png,train,False,
data/training_data/training_data/2458.png,train,False,
data/training_data/training_data/2459.png,train,False,
data/training_data/training_data/246.png,train,False,
data/training_data/training_data/2460.png,train,False,
data/training_data/training_data/2461.png,train,False,
data/training_data/training_data/2462.png,train,False,
data/training_data/training_data/2463.png,train,False,
data/training_data/training_data/2464.png,train,False,
data/training_data/training_data/2465.png,train,False,
data/training_data/training_data/2466.png,train,False,
data/training_data/training_data/2467.png,train,False,
data/training_data/training_data/2468.png,train,False,
data/training_data/training_data/2469.png,train,False,
data/training_data/training_data/247.png,train,False,
data/training_data/training_data/2470.png,train,False,
data/training_data/training_data/2471.png,train,False,
data/training_data/training_data/2472.png,train,False,
data/training_data/training_data/2473.png,train,False,
data/training_data/training_data/2474.png,train,False,
data/training_data/training_data/2475.png,train,False,
data/training_data/training_data/2476.png,train,False,
data/training_data/training_data/2477.png,train,False,
data/training_data/training_data/2478.png,train,False,
data/training_data/training_data/2479.png,train,False,
data/training_data/training_data/248.png,train,False,
data/training_data/training_data/2480.png,train,False,
data/training_data/training_data/2481.png,train,False,
data/training_data/training_data/2482.png,train,False,
data/training_data/training_data/2483.png,train,False,
data/training_data/training_data/2484.png,train,False,
data/training_data/training_data/2485.png,train,False,
data/training_data/training_data/2486.png,train,False,
data/training_data/training_data/2487.png,train,False,
data/training_data/training_data/2488.png,train,False,
data/training_data/training_data/2489.png,train,False,
data/training_data/training_data/249.png,train,False,
data/training_data/training_data/2490.png,train,False,
data/training_data/training_data/2491.png,train,False,
data/training_data/training_data/2492.png,train,False,
data/training_data/training_data/2493.png,train,False,
data/training_data/training_data/2494.png,train,False,
data/training_data/training_data/2495.png,train,False,
data/training_data/training_data/2496.png,train,False,
data/training_data/training_data/2497.png,train,False,
data/training_data/training_data/2498.png,train,False,
data/training_data/training_data/2499.png,train,False,
data/training_data/training_data/25.png,train,False,
data/training_data/training_data/250.png,train,False,
data/training_data/training_data/2500.png,train,False,
data/training_data/training_data/2501.png,train,False,
data/training_data/training_data/2502.png,train,False,
data/training_data/training_data/2503.png,train,False,
data/training_data/training_data/2504.png,train,False,
data/training_data/training_data/2505.png,train,False,
data/training_data/training_data/2506.png,train,False,
data/training_data/training_data/2507.png,train,False,
data/training_data/training_data/2508.png,train,False,
data/training_data/training_data/2509.png,train,False,
data/training_data/training_data/251.png,train,False,
data/training_data/training_data/2510.png,train,False,
data/training_data/training_data/2511.png,train,False,
data/training_data/training_data/2512.png,train,False,
data/training_data/training_data/2513.png,train,False,
data/training_data/training_data/2514.png,train,False,
data/training_data/training_data/2515.png,train,False,
data/training_data/training_data/2516.png,train,False,
data/training_data/training_data/2517.png,train,False,
data/training_data/training_data/2518.png,train,False,
data/training_data/training_data/2519.png,train,False,
data/training_data/training_data/252.png,train,False,
data/training_data/training_data/2520.png,train,False,
data/training_data/training_data/2521.png,train,False,
data/training_data/training_data/2522.png,train,False,
data/training_data/training_data/2523.png,train,False,
data/training_data/training_data/2524.png,train,False,
data/training_data/training_data/2525.png,train,False,
data/training_data/training_data/2526.png,train,False,
data/training_data/training_data/2527.png,train,False,
data/training_data/training_data/2528.png,train,False,
data/training_data/training_data/2529.png,train,False,
data/training_data/training_data/253.png,train,False,
data/training_data/training_data/2530.png,train,False,
data/training_data/training_data/2531.png,train,False,
data/training_data/training_data/2532.png,train,False,
data/training_data/training_data/2533.png,train,False,
data/training_data/training_data/2534.png,train,False,
data/training_data/training_data/2535.png,train,False,
data/training_data/training_data/2536.png,train,False,
data/training_data/training_data/2537.png,train,False,
data/training_data/training_data/2538.png,train,False,
data/training_data/training_data/2539.png,train,False,
data/training_data/training_data/254.png,train,False,
data/training_data/training_data/2540.png,train,False,
data/training_data/training_data/2541.png,train,False,
data/training_data/training_data/2542.png,train,False,
data/training_data/training_data/2543.png,train,False,
data/training_data/training_data/2544.png,train,False,
data/training_data/training_data/2545.png,train,False,
data/training_data/training_data/2546.png,train,False,
data/training_data/training_data/2547.png,train,False,
data/training_data/training_data/2548.png,train,False,
data/training_data/training_data/2549.png,train,False,
data/training_data/training_data/255.png,train,False,
data/training_data/training_data/2550.png,train,False,
data/training_data/training_data/2551.png,train,False,
data/training_data/training_data/2552.png,train,False,
data/training_data/training_data/2553.png,train,False,
data/training_data/training_data/2554.png,train,False,
data/training_data/training_data/2555.png,train,False,
data/training_data/training_data/2556.png,train,False,
data/training_data/training_data/2557.png,train,False,
data/training_data/training_data/2558.png,train,False,
data/training_data/training_data/2559.png,train,False,
data/training_data/training_data/256.png,train,False,
data/training_data/training_data/2560.png,train,False,
data/training_data/training_data/2561.png,train,False,
data/training_data/training_data/2562.png,train,False,
data/training_data/training_data/2563.png,train,False,
data/training_data/training_data/2564.png,train,False,
data/training_data/training_data/2565.png,train,False,
data/training_data/training_data/2566.png,train,False,
data/training_data/training_data/2567.png,train,False,
data/training_data/training_data/2568.png,train,False,
data/training_data/training_data/2569.png,train,False,
data/training_data/training_data/257.png,train,False,
data/training_data/training_data/2570.png,train,False,
data/training_data/training_data/2571.png,train,False,
data/training_data/training_data/2572.png,train,False,
data/training_data/training_data/2573.png,train,False,
data/training_data/training_data/2574.png,train,False,
data/training_data/training_data/2575.png,train,False,
data/training_data/training_data/2576.png,train,False,
data/training_data/training_data/2577.png,train,False,
data/training_data/training_data/2578.png,train,False,
data/training_data/training_data/2579.png,train,False,
data/training_data/training_data/258.png,train,False,
data/training_data/training_data/2580.png,train,False,
data/training_data/training_data/2581.png,train,False,
data/training_data/training_data/2582.png,train,False,
data/training_data/training_data/2583.png,train,False,
data/training_data/training_data/2584.png,train,False,
data/training_data/training_data/2585.png,train,False,
data/training_data/training_data/2586.png,train,False,
data/training_data/training_data/2587.png,train,False,
data/training_data/training_data/2588.png,train,False,
data/training_data/training_data/2589.png,train,False,
data/training_data/training_data/259.png,train,False,
data/training_data/training_data/2590.png,train,False,
data/training_data/training_data/2591.png,train,False,
data/training_data/training_data/2592.png,train,False,
data/training_data/training_data/2593.png,train,False,
data/training_data/training_data/2594.png,train,False,
data/training_data/training_data/2595.png,train,False,
data/training_data/training_data/2596.png,train,False,
data/training_data/training_data/2597.png,train,False,
data/training_data/training_data/2598.png,train,False,
data/training_data/training_data/2599.png,train,False,
data/training_data/training_data/26.png,train,False,
data/training_data/training_data/260.png,train,False,
data/training_data/training_data/2600.png,train,False,
data/training_data/training_data/2601.png,train,False,
data/training_data/training_data/2602.png,train,False,
data/training_data/training_data/2603.png,train,False,
data/training_data/training_data/2604.png,train,False,
data/training_data/training_data/2605.png,train,False,
data/training_data/training_data/2606.png,train,False,
data/training_data/training_data/2607.png,train,False,
data/training_data/training_data/2608.png,train,False,
data/training_data/training_data/2609.png,train,False,
data/training_data/training_data/261.png,train,False,
data/training_data/training_data/2610.png,train,False,
data/training_data/training_data/2611.png,train,False,
data/training_data/training_data/2612.png,train,False,
data/training_data/training_data/2613.png,train,False,
data/training_data/training_data/2614.png,train,False,
data/training_data/training_data/2615.png,train,False,
data/training_data/training_data/2616.png,train,False,
data/training_data/training_data/2617.png,train,False,
data/training_data/training_data/2618.png,train,False,
data/training_data/training_data/2619.png,train,False,
data/training_data/training_data/262.png,train,False,
data/training_data/training_data/2620.png,train,False,
data/training_data/training_data/2621.png,train,False,
data/training_data/training_data/2622.png,train,False,
data/training_data/training_data/2623.png,train,False,
data/training_data/training_data/2624.png,train,False,
data/training_data/training_data/2625.png,train,False,
data/training_data/training_data/2626.png,train,False,
data/training_data/training_data/2627.png,train,False,
data/training_data/training_data/2628.png,train,False,
data/training_data/training_data/2629.png,train,False,
data/training_data/training_data/263.png,train,False,
data/training_data/training_data/2630.png,train,False,
data/training_data/training_data/2631.png,train,False,
data/training_data/training_data/2632.png,train,False,
data/training_data/training_data/2633.png,train,False,
data/training_data/training_data/2634.png,train,False,
data/training_data/training_data/2635.png,train,False,
data/training_data/training_data/2636.png,train,False,
data/training_data/training_data/2637.png,train,False,
data/training_data/training_data/2638.png,train,False,
data/training_data/training_data/2639.png,train,False,
data/training_data/training_data/264.png,train,False,
data/training_data/training_data/2640.png,train,False,
data/training_data/training_data/2641.png,train,False,
data/training_data/training_data/2642.png,train,False,
data/training_data/training_data/2643.png,train,False,
data/training_data/training_data/2644.png,train,False,
data/training_data/training_data/2645.png,train,False,
data/training_data/training_data/2646.png,train,False,
data/training_data/training_data/2647.png,train,False,
data/training_data/training_data/2648.png,train,False,
data/training_data/training_data/2649.png,train,False,
data/training_data/training_data/265.png,train,False,
data/training_data/training_data/2650.png,train,False,
data/training_data/training_data/2651.png,train,False,
data/training_data/training_data/2652.png,train,False,
data/training_data/training_data/2653.png,train,False,
data/training_data/training_data/2654.png,train,False,
data/training_data/training_data/2655.png,train,False,
data/training_data/training_data/2656.png,train,False,
data/training_data/training_data/2657.png,train,False,
data/training_data/training_data/2658.png,train,False,
data/training_data/training_data/2659.png,train,False,
data/training_data/training_data/266.png,train,False,
data/training_data/training_data/2660.png,train,False,
data/training_data/training_data/2661.png,train,False,
data/training_data/training_data/2662.png,train,False,
data/training_data/training_data/2663.png,train,False,
data/training_data/training_data/2664.png,train,False,
data/training_data/training_data/2665.png,train,False,
data/training_data/training_data/2666.png,train,False,
data/training_data/training_data/2667.png,train,False,
data/training_data/training_data/2668.png,train,False,
data/training_data/training_data/2669.png,train,False,
data/training_data/training_data/267.png,train,False,
data/training_data/training_data/2670.png,train,False,
data/training_data/training_data/2671.png,train,False,
data/training_data/training_data/2672.png,train,False,
data/training_data/training_data/2673.png,train,False,
data/training_data/training_data/2674.png,train,False,
data/training_data/training_data/2675.png,train,False,
data/training_data/training_data/2676.png,train,False,
data/training_data/training_data/2677.png,train,False,
data/training_data/training_data/2678.png,train,False,
data/training_data/training_data/2679.png,train,False,
data/training_data/training_data/268.png,train,False,
data/training_data/training_data/2680.png,train,False,
data/training_data/training_data/2681.png,train,False,
data/training_data/training_data/2682.png,train,False,
data/training_data/training_data/2683.png,train,False,
data/training_data/training_data/2684.png,train,False,
data/training_data/training_data/2685.png,train,False,
data/training_data/training_data/2686.png,train,False,
data/training_data/training_data/2687.png,train,False,
data/training_data/training_data/2688.png,train,False,
data/training_data/training_data/2689.png,train,False,
data/training_data/training_data/269.png,train,False,
data/training_data/training_data/2690.png,train,False,
data/training_data/training_data/2691.png,train,False,
data/training_data/training_data/2692.png,train,False,
data/training_data/training_data/2693.png,train,False,
data/training_data/training_data/2694.png,train,False,
data/training_data/training_data/2695.png,train,False,
data/training_data/training_data/2696.png,train,False,
data/training_data/training_data/2697.png,train,False,
data/training_data/training_data/2698.png,train,False,
data/training_data/training_data/2699.png,train,False,
data/training_data/training_data/27.png,train,False,
data/training_data/training_data/270.png,train,False,
data/training_data/training_data/2700.png,train,False,
data/training_data/training_data/2701.png,train,False,
data/training_data/training_data/2702.png,train,False,
data/training_data/training_data/2703.png,train,False,
data/training_data/training_data/2704.png,train,False,
data/training_data/training_data/2705.png,train,False,
data/training_data/training_data/2706.png,train,False,
data/training_data/training_data/2707.png,train,False,
data/training_data/training_data/2708.png,train,False,
data/training_data/training_data/2709.png,train,False,
data/training_data/training_data/271.png,train,False,
data/training_data/training_data/2710.png,train,False,
data/training_data/training_data/2711.png,train,False,
data/training_data/training_data/2712.png,train,False,
data/training_data/training_data/2713.png,train,False,
data/training_data/training_data/2714.png,train,False,
data/training_data/training_data/2715.png,train,False,
data/training_data/training_data/2716.png,train,False,
data/training_data/training_data/2717.png,train,False,
data/training_data/training_data/2718.png,train,False,
data/training_data/training_data/2719.png,train,False,
data/training_data/training_data/272.png,train,False,
data/training_data/training_data/2720.png,train,False,
data/training_data/training_data/2721.png,train,False,
data/training_data/training_data/2722.png,train,False,
data/training_data/training_data/2723.png,train,False,
data/training_data/training_data/2724.png,train,False,
data/training_data/training_data/2725.png,train,False,
data/training_data/training_data/2726.png,train,False,
data/training_data/training_data/2727.png,train,False,
data/training_data/training_data/2728.png,train,False,
data/training_data/training_data/2729.png,train,False,
data/training_data/training_data/273.png,train,False,
data/training_data/training_data/2730.png,train,False,
data/training_data/training_data/2731.png,train,False,
data/training_data/training_data/2732.png,train,False,
data/training_data/training_data/2733.png,train,False,
data/training_data/training_data/2735.png,train,False,
data/training_data/training_data/2736.png,train,False,
data/training_data/training_data/2737.png,train,False,
data/training_data/training_data/2738.png,train,False,
data/training_data/training_data/2739.png,train,False,
data/training_data/training_data/274.png,train,False,
data/training_data/training_data/2740.png,train,False,
data/training_data/training_data/2741.png,train,False,
data/training_data/training_data/2742.png,train,False,
data/training_data/training_data/2743.png,train,False,
data/training_data/training_data/2744.png,train,False,
data/training_data/training_data/2745.png,train,False,
data/training_data/training_data/2746.png,train,False,
data/training_data/training_data/2747.png,train,False,
data/training_data/training_data/2748.png,train,False,
data/training_data/training_data/2749.png,train,False,
data/training_data/training_data/275.png,train,False,
data/training_data/training_data/2750.png,train,False,
data/training_data/training_data/2751.png,train,False,
data/training_data/training_data/2752.png,train,False,
data/training_data/training_data/2753.png,train,False,
data/training_data/training_data/2754.png,train,False,
data/training_data/training_data/2755.png,train,False,
data/training_data/training_data/2756.png,train,False,
data/training_data/training_data/2757.png,train,False,
data/training_data/training_data/2758.png,train,False,
data/training_data/training_data/2759.png,train,False,
data/training_data/training_data/276.png,train,False,
data/training_data/training_data/2760.png,train,False,
data/training_data/training_data/2761.png,train,False,
data/training_data/training_data/2762.png,train,False,
data/training_data/training_data/2763.png,train,False,
data/training_data/training_data/2764.png,train,False,
data/training_data/training_data/2765.png,train,False,
data/training_data/training_data/2766.png,train,False,
data/training_data/training_data/2767.png,train,False,
data/training_data/training_data/2768.png,train,False,
data/training_data/training_data/2769.png,train,False,
data/training_data/training_data/277.png,train,False,
data/training_data/training_data/2770.png,train,False,
data/training_data/training_data/2771.png,train,False,
data/training_data/training_data/2772.png,train,False,
data/training_data/training_data/2773.png,train,False,
data/training_data/training_data/2774.png,train,False,
data/training_data/training_data/2775.png,train,False,
data/training_data/training_data/2776.png,train,False,
data/training_data/training_data/2777.png,train,False,
data/training_data/training_data/2778.png,train,False,
data/training_data/training_data/2779.png,train,False,
data/training_data/training_data/278.png,train,False,
data/training_data/training_data/2780.png,train,False,
data/training_data/training_data/2781.png,train,False,
data/training_data/training_data/2782.png,train,False,
data/training_data/training_data/2783.png,train,False,
data/training_data/training_data/2784.png,train,False,
data/training_data/training_data/2785.png,train,False,
data/training_data/training_data/2786.png,train,False,
data/training_data/training_data/2787.png,train,False,
data/training_data/training_data/2788.png,train,False,
data/training_data/training_data/2789.png,train,False,
data/training_data/training_data/279.png,train,False,
data/training_data/training_data/2790.png,train,False,
data/training_data/training_data/2791.png,train,False,
data/training_data/training_data/2792.png,train,False,
data/training_data/training_data/2793.png,train,False,
data/training_data/training_data/2794.png,train,False,
data/training_data/training_data/2795.png,train,False,
data/training_data/training_data/2796.png,train,False,
data/training_data/training_data/2797.png,train,False,
data/training_data/training_data/2798.png,train,False,
data/training_data/training_data/2799.png,train,False,
data/training_data/training_data/28.png,train,False,
data/training_data/training_data/280.png,train,False,
data/training_data/training_data/2800.png,train,False,
data/training_data/training_data/2801.png,train,False,
data/training_data/training_data/2802.png,train,False,
data/training_data/training_data/2803.png,train,False,
data/training_data/training_data/2804.png,train,False,
data/training_data/training_data/2805.png,train,False,
data/training_data/training_data/2806.png,train,False,
data/training_data/training_data/2807.png,train,False,
data/training_data/training_data/2808.png,train,False,
data/training_data/training_data/2809.png,train,False,
data/training_data/training_data/281.png,train,False,
data/training_data/training_data/2810.png,train,False,
data/training_data/training_data/2811.png,train,False,
data/training_data/training_data/2812.png,train,False,
data/training_data/training_data/2813.png,train,False,
data/training_data/training_data/2814.png,train,False,
data/training_data/training_data/2815.png,train,False,
data/training_data/training_data/2816.png,train,False,
data/training_data/training_data/2817.png,train,False,
data/training_data/training_data/2818.png,train,False,
data/training_data/training_data/2819.png,train,False,
data/training_data/training_data/282.png,train,False,
data/training_data/training_data/2820.png,train,False,
data/training_data/training_data/2821.png,train,False,
data/training_data/training_data/2822.png,train,False,
data/training_data/training_data/2823.png,train,False,
data/training_data/training_data/2824.png,train,False,
data/training_data/training_data/2825.png,train,False,
data/training_data/training_data/2826.png,train,False,
data/training_data/training_data/2827.png,train,False,
data/training_data/training_data/2828.png,train,False,
data/training_data/training_data/2829.png,train,False,
data/training_data/training_data/283.png,train,False,
data/training_data/training_data/2830.png,train,False,
data/training_data/training_data/2831.png,train,False,
data/training_data/training_data/2832.png,train,False,
data/training_data/training_data/2833.png,train,False,
data/training_data/training_data/2834.png,train,False,
data/training_data/training_data/2835.png,train,False,
data/training_data/training_data/2836.png,train,False,
data/training_data/training_data/2837.png,train,False,
data/training_data/training_data/2838.png,train,False,
data/training_data/training_data/2839.png,train,False,
data/training_data/training_data/284.png,train,False,
data/training_data/training_data/2840.png,train,False,
data/training_data/training_data/2841.png,train,False,
data/training_data/training_data/2842.png,train,False,
data/training_data/training_data/2843.png,train,False,
data/training_data/training_data/2844.png,train,False,
data/training_data/training_data/2845.png,train,False,
data/training_data/training_data/2846.png,train,False,
data/training_data/training_data/2847.png,train,False,
data/training_data/training_data/2848.png,train,False,
data/training_data/training_data/2849.png,train,False,
data/training_data/training_data/285.png,train,False,
data/training_data/training_data/2850.png,train,False,
data/training_data/training_data/2851.png,train,False,
data/training_data/training_data/2852.png,train,False,
data/training_data/training_data/2853.png,train,False,
data/training_data/training_data/2854.png,train,False,
data/training_data/training_data/2855.png,train,False,
data/training_data/training_data/2856.png,train,False,
data/training_data/training_data/2857.png,train,False,
data/training_data/training_data/2858.png,train,False,
data/training_data/training_data/2859.png,train,False,
data/training_data/training_data/286.png,train,False,
data/training_data/training_data/2860.png,train,False,
data/training_data/training_data/2861.png,train,False,
data/training_data/training_data/2862.png,train,False,
data/training_data/training_data/2863.png,train,False,
data/training_data/training_data/2864.png,train,False,
data/training_data/training_data/2865.png,train,False,
data/training_data/training_data/2866.png,train,False,
data/training_data/training_data/2867.png,train,False,
data/training_data/training_data/2868.png,train,False,
data/training_data/training_data/2869.png,train,False,
data/training_data/training_data/287.png,train,False,
data/training_data/training_data/2870.png,train,False,
data/training_data/training_data/2871.png,train,False,
data/training_data/training_data/2872.png,train,False,
data/training_data/training_data/2873.png,train,False,
data/training_data/training_data/2874.png,train,False,
data/training_data/training_data/2875.png,train,False,
data/training_data/training_data/2876.png,train,False,
data/training_data/training_data/2877.png,train,False,
data/training_data/training_data/2878.png,train,False,
data/training_data/training_data/2879.png,train,False,
data/training_data/training_data/288.png,train,False,
data/training_data/training_data/2880.png,train,False,
data/training_data/training_data/2881.png,train,False,
data/training_data/training_data/2882.png,train,False,
data/training_data/training_data/2883.png,train,False,
data/training_data/training_data/2884.png,train,False,
data/training_data/training_data/2885.png,train,False,
data/training_data/training_data/2886.png,train,False,
data/training_data/training_data/2887.png,train,False,
data/training_data/training_data/2888.png,train,False,
data/training_data/training_data/2889.png,train,False,
data/training_data/training_data/289.png,train,False,
data/training_data/training_data/2890.png,train,False,
data/training_data/training_data/2891.png,train,False,
data/training_data/training_data/2892.png,train,False,
data/training_data/training_data/2893.png,train,False,
data/training_data/training_data/2894.png,train,False,
data/training_data/training_data/2895.png,train,False,
data/training_data/training_data/2896.png,train,False,
data/training_data/training_data/2897.png,train,False,
data/training_data/training_data/2898.png,train,False,
data/training_data/training_data/2899.png,train,False,
data/training_data/training_data/29.png,train,False,
data/training_data/training_data/290.png,train,False,
data/training_data/training_data/2900.png,train,False,
data/training_data/training_data/2901.png,train,False,
data/training_data/training_data/2902.png,train,False,
data/training_data/training_data/2903.png,train,False,
data/training_data/training_data/2904.png,train,False,
data/training_data/training_data/2905.png,train,False,
data/training_data/training_data/2906.png,train,False,
data/training_data/training_data/2907.png,train,False,
data/training_data/training_data/2908.png,train,False,
data/training_data/training_data/2909.png,train,False,
data/training_data/training_data/291.png,train,False,
data/training_data/training_data/2910.png,train,False,
data/training_data/training_data/2911.png,train,False,
data/training_data/training_data/2912.png,train,False,
data/training_data/training_data/2913.png,train,False,
data/training_data/training_data/2914.png,train,False,
data/training_data/training_data/2915.png,train,False,
data/training_data/training_data/2916.png,train,False,
data/training_data/training_data/2917.png,train,False,
data/training_data/training_data/2918.png,train,False,
data/training_data/training_data/2919.png,train,False,
data/training_data/training_data/292.png,train,False,
data/training_data/training_data/2920.png,train,False,
data/training_data/training_data/2921.png,train,False,
data/training_data/training_data/2922.png,train,False,
data/training_data/training_data/2923.png,train,False,
data/training_data/training_data/2924.png,train,False,
data/training_data/training_data/2925.png,train,False,
data/training_data/training_data/2926.png,train,False,
data/training_data/training_data/2927.png,train,False,
data/training_data/training_data/2928.png,train,False,
data/training_data/training_data/2929.png,train,False,
data/training_data/training_data/293.png,train,False,
data/training_data/training_data/2930.png,train,False,
data/training_data/training_data/2931.png,train,False,
data/training_data/training_data/2932.png,train,False,
data/training_data/training_data/2933.png,train,False,
data/training_data/training_data/2934.png,train,False,
data/training_data/training_data/2935.png,train,False,
data/training_data/training_data/2936.png,train,False,
data/training_data/training_data/2937.png,train,False,
data/training_data/training_data/2938.png,train,False,
data/training_data/training_data/2939.png,train,False,
data/training_data/training_data/294.png,train,False,
data/training_data/training_data/2940.png,train,False,
data/training_data/training_data/2941.png,train,False,
data/training_data/training_data/2942.png,train,False,
data/training_data/training_data/2943.png,train,False,
data/training_data/training_data/2944.png,train,False,
data/training_data/training_data/2945.png,train,False,
data/training_data/training_data/2946.png,train,False,
data/training_data/training_data/2947.png,train,False,
data/training_data/training_data/2948.png,train,False,
data/training_data/training_data/2949.png,train,False,
data/training_data/training_data/295.png,train,False,
data/training_data/training_data/2950.png,train,False,
data/training_data/training_data/2951.png,train,False,
data/training_data/training_data/2952.png,train,False,
data/training_data/training_data/2953.png,train,False,
data/training_data/training_data/2954.png,train,False,
data/training_data/training_data/2955.png,train,False,
data/training_data/training_data/2956.png,train,False,
data/training_data/training_data/2957.png,train,False,
data/training_data/training_data/2958.png,train,False,
data/training_data/training_data/2959.png,train,False,
data/training_data/training_data/296.png,train,False,
data/training_data/training_data/2960.png,train,False,
data/training_data/training_data/2961.png,train,False,
data/training_data/training_data/2962.png,train,False,
data/training_data/training_data/2963.png,train,False,
data/training_data/training_data/2964.png,train,False,
data/training_data/training_data/2965.png,train,False,
data/training_data/training_data/2966.png,train,False,
data/training_data/training_data/2967.png,train,False,
data/training_data/training_data/2969.png,train,False,
data/training_data/training_data/297.png,train,False,
data/training_data/training_data/2970.png,train,False,
data/training_data/training_data/2971.png,train,False,
data/training_data/training_data/2972.png,train,False,
data/training_data/training_data/2973.png,train,False,
data/training_data/training_data/2974.png,train,False,
data/training_data/training_data/2975.png,train,False,
data/training_data/training_data/2976.png,train,False,
data/training_data/training_data/2977.png,train,False,
data/training_data/training_data/2978.png,train,False,
data/training_data/training_data/2979.png,train,False,
data/training_data/training_data/298.png,train,False,
data/training_data/training_data/2980.png,train,False,
data/training_data/training_data/2981.png,train,False,
data/training_data/training_data/2982.png,train,False,
data/training_data/training_data/2983.png,train,False,
data/training_data/training_data/2984.png,train,False,
data/training_data/training_data/2985.png,train,False,
data/training_data/training_data/2986.png,train,False,
data/training_data/training_data/2987.png,train,False,
data/training_data/training_data/2988.png,train,False,
data/training_data/training_data/2989.png,train,False,
data/training_data/training_data/299.png,train,False,
data/training_data/training_data/2990.png,train,False,
data/training_data/training_data/2991.png,train,False,
data/training_data/training_data/2992.png,train,False,
data/training_data/training_data/2993.png,train,False,
data/training_data/training_data/2994.png,train,False,
data/training_data/training_data/2995.png,train,False,
data/training_data/training_data/2996.png,train,False,
data/training_data/training_data/2997.png,train,False,
data/training_data/training_data/2998.png,train,False,
data/training_data/training_data/2999.png,train,False,
data/training_data/training_data/3.png,train,False,
data/training_data/training_data/30.png,train,False,
data/training_data/training_data/300.png,train,False,
data/training_data/training_data/3000.png,train,False,
data/training_data/training_data/3001.png,train,False,
data/training_data/training_data/3002.png,train,False,
data/training_data/training_data/3003.png,train,False,
data/training_data/training_data/3004.png,train,False,
data/training_data/training_data/3005.png,train,False,
data/training_data/training_data/3006.png,train,False,
data/training_data/training_data/3007.png,train,False,
data/training_data/training_data/3008.png,train,False,
data/training_data/training_data/3009.png,train,False,
data/training_data/training_data/301.png,train,False,
data/training_data/training_data/3010.png,train,False,
data/training_data/training_data/3011.png,train,False,
data/training_data/training_data/3012.png,train,False,
data/training_data/training_data/3013.png,train,False,
data/training_data/training_data/3014.png,train,False,
data/training_data/training_data/3015.png,train,False,
data/training_data/training_data/3016.png,train,False,
data/training_data/training_data/3017.png,train,False,
data/training_data/training_data/3018.png,train,False,
data/training_data/training_data/3019.png,train,False,
data/training_data/training_data/302.png,train,False,
data/training_data/training_data/3020.png,train,False,
data/training_data/training_data/3021.png,train,False,
data/training_data/training_data/3022.png,train,False,
data/training_data/training_data/3023.png,train,False,
data/training_data/training_data/3024.png,train,False,
data/training_data/training_data/3025.png,train,False,
data/training_data/training_data/3026.png,train,False,
data/training_data/training_data/3027.png,train,False,
data/training_data/training_data/3028.png,train,False,
data/training_data/training_data/3029.png,train,False,
data/training_data/training_data/303.png,train,False,
data/training_data/training_data/3030.png,train,False,
data/training_data/training_data/3031.png,train,False,
data/training_data/training_data/3032.png,train,False,
data/training_data/training_data/3033.png,train,False,
data/training_data/training_data/3034.png,train,False,
data/training_data/training_data/3035.png,train,False,
data/training_data/training_data/3036.png,train,False,
data/training_data/training_data/3037.png,train,False,
data/training_data/training_data/3038.png,train,False,
data/training_data/training_data/3039.png,train,False,
data/training_data/training_data/304.png,train,False,
data/training_data/training_data/3040.png,train,False,
data/training_data/training_data/3041.png,train,False,
data/training_data/training_data/3042.png,train,False,
data/training_data/training_data/3043.png,train,False,
data/training_data/training_data/3044.png,train,False,
data/training_data/training_data/3046.png,train,False,
data/training_data/training_data/3047.png,train,False,
data/training_data/training_data/3048.png,train,False,
data/training_data/training_data/3049.png,train,False,
data/training_data/training_data/305.png,train,False,
data/training_data/training_data/3050.png,train,False,
data/training_data/training_data/3051.png,train,False,
data/training_data/training_data/3052.png,train,False,
data/training_data/training_data/3053.png,train,False,
data/training_data/training_data/3054.png,train,False,
data/training_data/training_data/3055.png,train,False,
data/training_data/training_data/3056.png,train,False,
data/training_data/training_data/3057.png,train,False,
data/training_data/training_data/3058.png,train,False,
data/training_data/training_data/3059.png,train,False,
data/training_data/training_data/306.png,train,False,
data/training_data/training_data/3060.png,train,False,
data/training_data/training_data/3061.png,train,False,
data/training_data/training_data/3062.png,train,False,
data/training_data/training_data/3063.png,train,False,
data/training_data/training_data/3064.png,train,False,
data/training_data/training_data/3065.png,train,False,
data/training_data/training_data/3066.png,train,False,
data/training_data/training_data/3067.png,train,False,
data/training_data/training_data/3068.png,train,False,
data/training_data/training_data/3069.png,train,False,
data/training_data/training_data/307.png,train,False,
data/training_data/training_data/3070.png,train,False,
data/training_data/training_data/3071.png,train,False,
data/training_data/training_data/3072.png,train,False,
data/training_data/training_data/3073.png,train,False,
data/training_data/training_data/3074.png,train,False,
data/training_data/training_data/3075.png,train,False,
data/training_data/training_data/3076.png,train,False,
data/training_data/training_data/3077.png,train,False,
data/training_data/training_data/3078.png,train,False,
data/training_data/training_data/3079.png,train,False,
data/training_data/training_data/308.png,train,False,
data/training_data/training_data/3080.png,train,False,
data/training_data/training_data/3081.png,train,False,
data/training_data/training_data/3082.png,train,False,
data/training_data/training_data/3083.png,train,False,
data/training_data/training_data/3084.png,train,False,
data/training_data/training_data/3085.png,train,False,
data/training_data/training_data/3086.png,train,False,
data/training_data/training_data/3087.png,train,False,
data/training_data/training_data/3088.png,train,False,
data/training_data/training_data/3089.png,train,False,
data/training_data/training_data/309.png,train,False,
data/training_data/training_data/3090.png,train,False,
data/training_data/training_data/3091.png,train,False,
data/training_data/training_data/3092.png,train,False,
data/training_data/training_data/3093.png,train,False,
data/training_data/training_data/3094.png,train,False,
data/training_data/training_data/3095.png,train,False,
data/training_data/training_data/3096.png,train,False,
data/training_data/training_data/3097.png,train,False,
data/training_data/training_data/3098.png,train,False,
data/training_data/training_data/3099.png,train,False,
data/training_data/training_data/31.png,train,False,
data/training_data/training_data/310.png,train,False,
data/training_data/training_data/3100.png,train,False,
data/training_data/training_data/3101.png,train,False,
data/training_data/training_data/3102.png,train,False,
data/training_data/training_data/3103.png,train,False,
data/training_data/training_data/3104.png,train,False,
data/training_data/training_data/3105.png,train,False,
data/training_data/training_data/3106.png,train,False,
data/training_data/training_data/3107.png,train,False,
data/training_data/training_data/3108.png,train,False,
data/training_data/training_data/3109.png,train,False,
data/training_data/training_data/311.png,train,False,
data/training_data/training_data/3110.png,train,False,
data/training_data/training_data/3111.png,train,False,
data/training_data/training_data/3112.png,train,False,
data/training_data/training_data/3113.png,train,False,
data/training_data/training_data/3114.png,train,False,
data/training_data/training_data/3115.png,train,False,
data/training_data/training_data/3116.png,train,False,
data/training_data/training_data/3117.png,train,False,
data/training_data/training_data/3118.png,train,False,
data/training_data/training_data/3119.png,train,False,
data/training_data/training_data/312.png,train,False,
data/training_data/training_data/3120.png,train,False,
data/training_data/training_data/3121.png,train,False,
data/training_data/training_data/3122.png,train,False,
data/training_data/training_data/3123.png,train,False,
data/training_data/training_data/3124.png,train,False,
data/training_data/training_data/3125.png,train,False,
data/training_data/training_data/3126.png,train,False,
data/training_data/training_data/3127.png,train,False,
data/training_data/training_data/3128.png,train,False,
data/training_data/training_data/3129.png,train,False,
data/training_data/training_data/313.png,train,False,
data/training_data/training_data/3130.png,train,False,
data/training_data/training_data/3131.png,train,False,
data/training_data/training_data/3132.png,train,False,
data/training_data/training_data/3133.png,train,False,
data/training_data/training_data/3134.png,train,False,
data/training_data/training_data/3135.png,train,False,
data/training_data/training_data/3136.png,train,False,
data/training_data/training_data/3137.png,train,False,
data/training_data/training_data/3138.png,train,False,
data/training_data/training_data/3139.png,train,False,
data/training_data/training_data/314.png,train,False,
data/training_data/training_data/3140.png,train,False,
data/training_data/training_data/3141.png,train,False,
data/training_data/training_data/3142.png,train,False,
data/training_data/training_data/3143.png,train,False,
data/training_data/training_data/3144.png,train,False,
data/training_data/training_data/3145.png,train,False,
data/training_data/training_data/3146.png,train,False,
data/training_data/training_data/3147.png,train,False,
data/training_data/training_data/3148.png,train,False,
data/training_data/training_data/3149.png,train,False,
data/training_data/training_data/315.png,train,False,
data/training_data/training_data/3150.png,train,False,
data/training_data/training_data/3151.png,train,False,
data/training_data/training_data/3152.png,train,False,
data/training_data/training_data/3153.png,train,False,
data/training_data/training_data/3154.png,train,False,
data/training_data/training_data/3155.png,train,False,
data/training_data/training_data/3156.png,train,False,
data/training_data/training_data/3157.png,train,False,
data/training_data/training_data/3158.png,train,False,
data/training_data/training_data/3159.png,train,False,
data/training_data/training_data/316.png,train,False,
data/training_data/training_data/3160.png,train,False,
data/training_data/training_data/3161.png,train,False,
data/training_data/training_data/3162.png,train,False,
data/training_data/training_data/3163.png,train,False,
data/training_data/training_data/3164.png,train,False,
data/training_data/training_data/3166.png,train,False,
data/training_data/training_data/3167.png,train,False,
data/training_data/training_data/3168.png,train,False,
data/training_data/training_data/3169.png,train,False,
data/training_data/training_data/317.png,train,False,
data/training_data/training_data/3170.png,train,False,
data/training_data/training_data/3171.png,train,False,
data/training_data/training_data/3172.png,train,False,
data/training_data/training_data/3173.png,train,False,
data/training_data/training_data/3174.png,train,False,
data/training_data/training_data/3175.png,train,False,
data/training_data/training_data/3176.png,train,False,
data/training_data/training_data/3177.png,train,False,
data/training_data/training_data/3178.png,train,False,
data/training_data/training_data/3179.png,train,False,
data/training_data/training_data/318.png,train,False,
data/training_data/training_data/3180.png,train,False,
data/training_data/training_data/3181.png,train,False,
data/training_data/training_data/3182.png,train,False,
data/training_data/training_data/3183.png,train,False,
data/training_data/training_data/3184.png,train,False,
data/training_data/training_data/3185.png,train,False,
data/training_data/training_data/3186.png,train,False,
data/training_data/training_data/3187.png,train,False,
data/training_data/training_data/3188.png,train,False,
data/training_data/training_data/3189.png,train,False,
data/training_data/training_data/319.png,train,False,
data/training_data/training_data/3190.png,train,False,
data/training_data/training_data/3191.png,train,False,
data/training_data/training_data/3192.png,train,False,
data/training_data/training_data/3193.png,train,False,
data/training_data/training_data/3194.png,train,False,
data/training_data/training_data/3195.png,train,False,
data/training_data/training_data/3196.png,train,False,
data/training_data/training_data/3197.png,train,False,
data/training_data/training_data/3198.png,train,False,
data/training_data/training_data/3199.png,train,False,
data/training_data/training_data/32.png,train,False,
data/training_data/training_data/320.png,train,False,
data/training_data/training_data/3200.png,train,False,
data/training_data/training_data/3201.png,train,False,
data/training_data/training_data/3202.png,train,False,
data/training_data/training_data/3203.png,train,False,
data/training_data/training_data/3204.png,train,False,
data/training_data/training_data/3205.png,train,False,
data/training_data/training_data/3206.png,train,False,
data/training_data/training_data/3207.png,train,False,
data/training_data/training_data/3208.png,train,False,
data/training_data/training_data/3209.png,train,False,
data/training_data/training_data/321.png,train,False,
data/training_data/training_data/3210.png,train,False,
data/training_data/training_data/3211.png,train,False,
data/training_data/training_data/3212.png,train,False,
data/training_data/training_data/3213.png,train,False,
data/training_data/training_data/3214.png,train,False,
data/training_data/training_data/3215.png,train,False,
data/training_data/training_data/3216.png,train,False,
data/training_data/training_data/3217.png,train,False,
data/training_data/training_data/3218.png,train,False,
data/training_data/training_data/3219.png,train,False,
data/training_data/training_data/322.png,train,False,
data/training_data/training_data/3220.png,train,False,
data/training_data/training_data/3221.png,train,False,
data/training_data/training_data/3222.png,train,False,
data/training_data/training_data/3223.png,train,False,
data/training_data/training_data/3224.png,train,False,
data/training_data/training_data/3225.png,train,False,
data/training_data/training_data/3226.png,train,False,
data/training_data/training_data/3227.png,train,False,
data/training_data/training_data/3228.png,train,False,
data/training_data/training_data/3229.png,train,False,
data/training_data/training_data/323.png,train,False,
data/training_data/training_data/3230.png,train,False,
data/training_data/training_data/3231.png,train,False,
data/training_data/training_data/3232.png,train,False,
data/training_data/training_data/3233.png,train,False,
data/training_data/training_data/3234.png,train,False,
data/training_data/training_data/3235.png,train,False,
data/training_data/training_data/3236.png,train,False,
data/training_data/training_data/3237.png,train,False,
data/training_data/training_data/3238.png,train,False,
data/training_data/training_data/3239.png,train,False,
data/training_data/training_data/324.png,train,False,
data/training_data/training_data/3240.png,train,False,
data/training_data/training_data/3241.png,train,False,
data/training_data/training_data/3242.png,train,False,
data/training_data/training_data/3243.png,train,False,
data/training_data/training_data/3244.png,train,False,
data/training_data/training_data/3245.png,train,False,
data/training_data/training_data/3246.png,train,False,
data/training_data/training_data/3247.png,train,False,
data/training_data/training_data/3248.png,train,False,
data/training_data/training_data/3249.png,train,False,
data/training_data/training_data/325.png,train,False,
data/training_data/training_data/3250.png,train,False,
data/training_data/training_data/3251.png,train,False,
data/training_data/training_data/3252.png,train,False,
data/training_data/training_data/3253.png,train,False,
data/training_data/training_data/3254.png,train,False,
data/training_data/training_data/3255.png,train,False,
data/training_data/training_data/3256.png,train,False,
data/training_data/training_data/3257.png,train,False,
data/training_data/training_data/3258.png,train,False,
data/training_data/training_data/3259.png,train,False,
data/training_data/training_data/326.png,train,False,
data/training_data/training_data/3260.png,train,False,
data/training_data/training_data/3261.png,train,False,
data/training_data/training_data/3262.png,train,False,
data/training_data/training_data/3263.png,train,False,
data/training_data/training_data/3264.png,train,False,
data/training_data/training_data/3265.png,train,False,
data/training_data/training_data/3266.png,train,False,
data/training_data/training_data/3267.png,train,False,
data/training_data/training_data/3268.png,train,False,
data/training_data/training_data/3269.png,train,False,
data/training_data/training_data/327.png,train,False,
data/training_data/training_data/3270.png,train,False,
data/training_data/training_data/3271.png,train,False,
data/training_data/training_data/3272.png,train,False,
data/training_data/training_data/3273.png,train,False,
data/training_data/training_data/3274.png,train,False,
data/training_data/training_data/3275.png,train,False,
data/training_data/training_data/3276.png,train,False,
data/training_data/training_data/3278.png,train,False,
data/training_data/training_data/3279.png,train,False,
data/training_data/training_data/328.png,train,False,
data/training_data/training_data/3280.png,train,False,
data/training_data/training_data/3281.png,train,False,
data/training_data/training_data/3282.png,train,False,
data/training_data/training_data/3283.png,train,False,
data/training_data/training_data/3284.png,train,False,
data/training_data/training_data/3285.png,train,False,
data/training_data/training_data/3286.png,train,False,
data/training_data/training_data/3287.png,train,False,
data/training_data/training_data/3288.png,train,False,
data/training_data/training_data/3289.png,train,False,
data/training_data/training_data/329.png,train,False,
data/training_data/training_data/3290.png,train,False,
data/training_data/training_data/3291.png,train,False,
data/training_data/training_data/3292.png,train,False,
data/training_data/training_data/3293.png,train,False,
data/training_data/training_data/3294.png,train,False,
data/training_data/training_data/3295.png,train,False,
data/training_data/training_data/3296.png,train,False,
data/training_data/training_data/3297.png,train,False,
data/training_data/training_data/3298.png,train,False,
data/training_data/training_data/3299.png,train,False,
data/training_data/training_data/33.png,train,False,
data/training_data/training_data/330.png,train,False,
data/training_data/training_data/3300.png,train,False,
data/training_data/training_data/3301.png,train,False,
data/training_data/training_data/3302.png,train,False,
data/training_data/training_data/3303.png,train,False,
data/training_data/training_data/3304.png,train,False,
data/training_data/training_data/3305.png,train,False,
data/training_data/training_data/3306.png,train,False,
data/training_data/training_data/3307.png,train,False,
data/training_data/training_data/3308.png,train,False,
data/training_data/training_data/3309.png,train,False,
data/training_data/training_data/331.png,train,False,
data/training_data/training_data/3310.png,train,False,
data/training_data/training_data/3311.png,train,False,
data/training_data/training_data/3312.png,train,False,
data/training_data/training_data/3313.png,train,False,
data/training_data/training_data/3314.png,train,False,
data/training_data/training_data/3315.png,train,False,
data/training_data/training_data/3316.png,train,False,
data/training_data/training_data/3317.png,train,False,
data/training_data/training_data/3318.png,train,False,
data/training_data/training_data/3319.png,train,False,
data/training_data/training_data/332.png,train,False,
data/training_data/training_data/3320.png,train,False,
data/training_data/training_data/3321.png,train,False,
data/training_data/training_data/3322.png,train,False,
data/training_data/training_data/3323.png,train,False,
data/training_data/training_data/3324.png,train,False,
data/training_data/training_data/3325.png,train,False,
data/training_data/training_data/3326.png,train,False,
data/training_data/training_data/3327.png,train,False,
data/training_data/training_data/3328.png,train,False,
data/training_data/training_data/3329.png,train,False,
data/training_data/training_data/333.png,train,False,
data/training_data/training_data/3330.png,train,False,
data/training_data/training_data/3331.png,train,False,
data/training_data/training_data/3332.png,train,False,
data/training_data/training_data/3333.png,train,False,
data/training_data/training_data/3334.png,train,False,
data/training_data/training_data/3335.png,train,False,
data/training_data/training_data/3336.png,train,False,
data/training_data/training_data/3337.png,train,False,
data/training_data/training_data/3338.png,train,False,
data/training_data/training_data/3339.png,train,False,
data/training_data/training_data/334.png,train,False,
data/training_data/training_data/3340.png,train,False,
data/training_data/training_data/3341.png,train,False,
data/training_data/training_data/3342.png,train,False,
data/training_data/training_data/3343.png,train,False,
data/training_data/training_data/3344.png,train,False,
data/training_data/training_data/3345.png,train,False,
data/training_data/training_data/3346.png,train,False,
data/training_data/training_data/3347.png,train,False,
data/training_data/training_data/3348.png,train,False,
data/training_data/training_data/3349.png,train,False,
data/training_data/training_data/335.png,train,False,
data/training_data/training_data/3350.png,train,False,
data/training_data/training_data/3351.png,train,False,
data/training_data/training_data/3352.png,train,False,
data/training_data/training_data/3353.png,train,False,
data/training_data/training_data/3354.png,train,False,
data/training_data/training_data/3355.png,train,False,
data/training_data/training_data/3356.png,train,False,
data/training_data/training_data/3357.png,train,False,
data/training_data/training_data/3358.png,train,False,
data/training_data/training_data/3359.png,train,False,
data/training_data/training_data/336.png,train,False,
data/training_data/training_data/3360.png,train,False,
data/training_data/training_data/3361.png,train,False,
data/training_data/training_data/3362.png,train,False,
data/training_data/training_data/3363.png,train,False,
data/training_data/training_data/3364.png,train,False,
data/training_data/training_data/3365.png,train,False,
data/training_data/training_data/3366.png,train,False,
data/training_data/training_data/3367.png,train,False,
data/training_data/training_data/3368.png,train,False,
data/training_data/training_data/3369.png,train,False,
data/training_data/training_data/337.png,train,False,
data/training_data/training_data/3370.png,train,False,
data/training_data/training_data/3371.png,train,False,
data/training_data/training_data/3372.png,train,False,
data/training_data/training_data/3373.png,train,False,
data/training_data/training_data/3374.png,train,False,
data/training_data/training_data/3375.png,train,False,
data/training_data/training_data/3376.png,train,False,
data/training_data/training_data/3377.png,train,False,
data/training_data/training_data/3378.png,train,False,
data/training_data/training_data/3379.png,train,False,
data/training_data/training_data/338.png,train,False,
data/training_data/training_data/3380.png,train,False,
data/training_data/training_data/3381.png,train,False,
data/training_data/training_data/3382.png,train,False,
data/training_data/training_data/3383.png,train,False,
data/training_data/training_data/3384.png,train,False,
data/training_data/training_data/3385.png,train,False,
data/training_data/training_data/3386.png,train,False,
data/training_data/training_data/3387.png,train,False,
data/training_data/training_data/3388.png,train,False,
data/training_data/training_data/3389.png,train,False,
data/training_data/training_data/339.png,train,False,
data/training_data/training_data/3390.png,train,False,
data/training_data/training_data/3391.png,train,False,
data/training_data/training_data/3392.png,train,False,
data/training_data/training_data/3393.png,train,False,
data/training_data/training_data/3394.png,train,False,
data/training_data/training_data/3395.png,train,False,
data/training_data/training_data/3396.png,train,False,
data/training_data/training_data/3397.png,train,False,
data/training_data/training_data/3398.png,train,False,
data/training_data/training_data/3399.png,train,False,
data/training_data/training_data/34.png,train,False,
data/training_data/training_data/340.png,train,False,
data/training_data/training_data/3400.png,train,False,
data/training_data/training_data/3401.png,train,False,
data/training_data/training_data/3402.png,train,False,
data/training_data/training_data/3403.png,train,False,
data/training_data/training_data/3404.png,train,False,
data/training_data/training_data/3405.png,train,False,
data/training_data/training_data/3406.png,train,False,
data/training_data/training_data/3407.png,train,False,
data/training_data/training_data/3408.png,train,False,
data/training_data/training_data/3409.png,train,False,
data/training_data/training_data/341.png,train,False,
data/training_data/training_data/3410.png,train,False,
data/training_data/training_data/3411.png,train,False,
data/training_data/training_data/3412.png,train,False,
data/training_data/training_data/3413.png,train,False,
data/training_data/training_data/3414.png,train,False,
data/training_data/training_data/3415.png,train,False,
data/training_data/training_data/3416.png,train,False,
data/training_data/training_data/3417.png,train,False,
data/training_data/training_data/3418.png,train,False,
data/training_data/training_data/3419.png,train,False,
data/training_data/training_data/342.png,train,False,
data/training_data/training_data/3420.png,train,False,
data/training_data/training_data/3421.png,train,False,
data/training_data/training_data/3422.png,train,False,
data/training_data/training_data/3423.png,train,False,
data/training_data/training_data/3424.png,train,False,
data/training_data/training_data/3425.png,train,False,
data/training_data/training_data/3426.png,train,False,
data/training_data/training_data/3427.png,train,False,
data/training_data/training_data/3428.png,train,False,
data/training_data/training_data/3429.png,train,False,
data/training_data/training_data/343.png,train,False,
data/training_data/training_data/3430.png,train,False,
data/training_data/training_data/3431.png,train,False,
data/training_data/training_data/3432.png,train,False,
data/training_data/training_data/3433.png,train,False,
data/training_data/training_data/3434.png,train,False,
data/training_data/training_data/3435.png,train,False,
data/training_data/training_data/3436.png,train,False,
data/training_data/training_data/3437.png,train,False,
data/training_data/training_data/3438.png,train,False,
data/training_data/training_data/3439.png,train,False,
data/training_data/training_data/344.png,train,False,
data/training_data/training_data/3440.png,train,False,
data/training_data/training_data/3441.png,train,False,
data/training_data/training_data/3442.png,train,False,
data/training_data/training_data/3443.png,train,False,
data/training_data/training_data/3444.png,train,False,
data/training_data/training_data/3445.png,train,False,
data/training_data/training_data/3446.png,train,False,
data/training_data/training_data/3447.png,train,False,
data/training_data/training_data/3448.png,train,False,
data/training_data/training_data/3449.png,train,False,
data/training_data/training_data/345.png,train,False,
data/training_data/training_data/3450.png,train,False,
data/training_data/training_data/3451.png,train,False,
data/training_data/training_data/3452.png,train,False,
data/training_data/training_data/3453.png,train,False,
data/training_data/training_data/3454.png,train,False,
data/training_data/training_data/3455.png,train,False,
data/training_data/training_data/3456.png,train,False,
data/training_data/training_data/3457.png,train,False,
data/training_data/training_data/3458.png,train,False,
data/training_data/training_data/3459.png,train,False,
data/training_data/training_data/346.png,train,False,
data/training_data/training_data/3460.png,train,False,
data/training_data/training_data/3461.png,train,False,
data/training_data/training_data/3462.png,train,False,
data/training_data/training_data/3463.png,train,False,
data/training_data/training_data/3464.png,train,False,
data/training_data/training_data/3465.png,train,False,
data/training_data/training_data/3466.png,train,False,
data/training_data/training_data/3467.png,train,False,
data/training_data/training_data/3468.png,train,False,
data/training_data/training_data/3469.png,train,False,
data/training_data/training_data/347.png,train,False,
data/training_data/training_data/3470.png,train,False,
data/training_data/training_data/3471.png,train,False,
data/training_data/training_data/3472.png,train,False,
data/training_data/training_data/3473.png,train,False,
data/training_data/training_data/3474.png,train,False,
data/training_data/training_data/3475.png,train,False,
data/training_data/training_data/3476.png,train,False,
data/training_data/training_data/3477.png,train,False,
data/training_data/training_data/3478.png,train,False,
data/training_data/training_data/3479.png,train,False,
data/training_data/training_data/348.png,train,False,
data/training_data/training_data/3480.png,train,False,
data/training_data/training_data/3481.png,train,False,
data/training_data/training_data/3482.png,train,False,
data/training_data/training_data/3483.png,train,False,
data/training_data/training_data/3484.png,train,False,
data/training_data/training_data/3485.png,train,False,
data/training_data/training_data/3486.png,train,False,
data/training_data/training_data/3487.png,train,False,
data/training_data/training_data/3488.png,train,False,
data/training_data/training_data/3489.png,train,False,
data/training_data/training_data/349.png,train,False,
data/training_data/training_data/3490.png,train,False,
data/training_data/training_data/3491.png,train,False,
data/training_data/training_data/3492.png,train,False,
data/training_data/training_data/3493.png,train,False,
data/training_data/training_data/3494.png,train,False,
data/training_data/training_data/3495.png,train,False,
data/training_data/training_data/3496.png,train,False,
data/training_data/training_data/3497.png,train,False,
data/training_data/training_data/3498.png,train,False,
data/training_data/training_data/3499.png,train,False,
data/training_data/training_data/35.png,train,False,
data/training_data/training_data/350.png,train,False,
data/training_data/training_data/3500.png,train,False,
data/training_data/training_data/3501.png,train,False,
data/training_data/training_data/3502.png,train,False,
data/training_data/training_data/3503.png,train,False,
data/training_data/training_data/3504.png,train,False,
data/training_data/training_data/3505.png,train,False,
data/training_data/training_data/3506.png,train,False,
data/training_data/training_data/3507.png,train,False,
data/training_data/training_data/3508.png,train,False,
data/training_data/training_data/3509.png,train,False,
data/training_data/training_data/351.png,train,False,
data/training_data/training_data/3510.png,train,False,
data/training_data/training_data/3511.png,train,False,
data/training_data/training_data/3512.png,train,False,
data/training_data/training_data/3513.png,train,False,
data/training_data/training_data/3514.png,train,False,
data/training_data/training_data/3515.png,train,False,
data/training_data/training_data/3516.png,train,False,
data/training_data/training_data/3517.png,train,False,
data/training_data/training_data/3518.png,train,False,
data/training_data/training_data/3519.png,train,False,
data/training_data/training_data/352.png,train,False,
data/training_data/training_data/3520.png,train,False,
data/training_data/training_data/3521.png,train,False,
data/training_data/training_data/3522.png,train,False,
data/training_data/training_data/3523.png,train,False,
data/training_data/training_data/3524.png,train,False,
data/training_data/training_data/3525.png,train,False,
data/training_data/training_data/3526.png,train,False,
data/training_data/training_data/3527.png,train,False,
data/training_data/training_data/3528.png,train,False,
data/training_data/training_data/3529.png,train,False,
data/training_data/training_data/353.png,train,False,
data/training_data/training_data/3530.png,train,False,
data/training_data/training_data/3531.png,train,False,
data/training_data/training_data/3532.png,train,False,
data/training_data/training_data/3533.png,train,False,
data/training_data/training_data/3534.png,train,False,
data/training_data/training_data/3535.png,train,False,
data/training_data/training_data/3536.png,train,False,
data/training_data/training_data/3537.png,train,False,
data/training_data/training_data/3538.png,train,False,
data/training_data/training_data/3539.png,train,False,
data/training_data/training_data/354.png,train,False,
data/training_data/training_data/3540.png,train,False,
data/training_data/training_data/3541.png,train,False,
data/training_data/training_data/3542.png,train,False,
data/training_data/training_data/3543.png,train,False,
data/training_data/training_data/3544.png,train,False,
data/training_data/training_data/3545.png,train,False,
data/training_data/training_data/3546.png,train,False,
data/training_data/training_data/3547.png,train,False,
data/training_data/training_data/3548.png,train,False,
data/training_data/training_data/3549.png,train,False,
data/training_data/training_data/355.png,train,False,
data/training_data/training_data/3550.png,train,False,
data/training_data/training_data/3551.png,train,False,
data/training_data/training_data/3552.png,train,False,
data/training_data/training_data/3553.png,train,False,
data/training_data/training_data/3554.png,train,False,
data/training_data/training_data/3555.png,train,False,
data/training_data/training_data/3556.png,train,False,
data/training_data/training_data/3557.png,train,False,
data/training_data/training_data/3558.png,train,False,
data/training_data/training_data/3559.png,train,False,
data/training_data/training_data/356.png,train,False,
data/training_data/training_data/3560.png,train,False,
data/training_data/training_data/3561.png,train,False,
data/training_data/training_data/3562.png,train,False,
data/training_data/training_data/3563.png,train,False,
data/training_data/training_data/3564.png,train,False,
data/training_data/training_data/3565.png,train,False,
data/training_data/training_data/3566.png,train,False,
data/training_data/training_data/3567.png,train,False,
data/training_data/training_data/3568.png,train,False,
data/training_data/training_data/3569.png,train,False,
data/training_data/training_data/357.png,train,False,
data/training_data/training_data/3570.png,train,False,
data/training_data/training_data/3571.png,train,False,
data/training_data/training_data/3572.png,train,False,
data/training_data/training_data/3573.png,train,False,
data/training_data/training_data/3574.png,train,False,
data/training_data/training_data/3575.png,train,False,
data/training_data/training_data/3576.png,train,False,
data/training_data/training_data/3577.png,train,False,
data/training_data/training_data/3578.png,train,False,
data/training_data/training_data/3579.png,train,False,
data/training_data/training_data/358.png,train,False,
data/training_data/training_data/3580.png,train,False,
data/training_data/training_data/3581.png,train,False,
data/training_data/training_data/3582.png,train,False,
data/training_data/training_data/3583.png,train,False,
data/training_data/training_data/3584.png,train,False,
data/training_data/training_data/3585.png,train,False,
data/training_data/training_data/3586.png,train,False,
data/training_data/training_data/3587.png,train,False,
data/training_data/training_data/3588.png,train,False,
data/training_data/training_data/3589.png,train,False,
data/training_data/training_data/359.png,train,False,
data/training_data/training_data/3590.png,train,False,
data/training_data/training_data/3591.png,train,False,
data/training_data/training_data/3592.png,train,False,
data/training_data/training_data/3593.png,train,False,
data/training_data/training_data/3594.png,train,False,
data/training_data/training_data/3595.png,train,False,
data/training_data/training_data/3596.png,train,False,
data/training_data/training_data/3597.png,train,False,
data/training_data/training_data/3598.png,train,False,
data/training_data/training_data/3599.png,train,False,
data/training_data/training_data/36.png,train,False,
data/training_data/training_data/360.png,train,False,
data/training_data/training_data/3600.png,train,False,
data/training_data/training_data/3601.png,train,False,
data/training_data/training_data/3602.png,train,False,
data/training_data/training_data/3603.png,train,False,
data/training_data/training_data/3604.png,train,False,
data/training_data/training_data/3605.png,train,False,
data/training_data/training_data/3606.png,train,False,
data/training_data/training_data/3607.png,train,False,
data/training_data/training_data/3608.png,train,False,
data/training_data/training_data/3609.png,train,False,
data/training_data/training_data/361.png,train,False,
data/training_data/training_data/3610.png,train,False,
data/training_data/training_data/3611.png,train,False,
data/training_data/training_data/3612.png,train,False,
data/training_data/training_data/3613.png,train,False,
data/training_data/training_data/3614.png,train,False,
data/training_data/training_data/3615.png,train,False,
data/training_data/training_data/3616.png,train,False,
data/training_data/training_data/3617.png,train,False,
data/training_data/training_data/3618.png,train,False,
data/training_data/training_data/3619.png,train,False,
data/training_data/training_data/362.png,train,False,
data/training_data/training_data/3620.png,train,False,
data/training_data/training_data/3621.png,train,False,
data/training_data/training_data/3622.png,train,False,
data/training_data/training_data/3623.png,train,False,
data/training_data/training_data/3624.png,train,False,
data/training_data/training_data/3625.png,train,False,
data/training_data/training_data/3626.png,train,False,
data/training_data/training_data/3627.png,train,False,
data/training_data/training_data/3628.png,train,False,
data/training_data/training_data/3629.png,train,False,
data/training_data/training_data/363.png,train,False,
data/training_data/training_data/3630.png,train,False,
data/training_data/training_data/3631.png,train,False,
data/training_data/training_data/3632.png,train,False,
data/training_data/training_data/3633.png,train,False,
data/training_data/training_data/3634.png,train,False,
data/training_data/training_data/3635.png,train,False,
data/training_data/training_data/3636.png,train,False,
data/training_data/training_data/3637.png,train,False,
data/training_data/training_data/3638.png,train,False,
data/training_data/training_data/3639.png,train,False,
data/training_data/training_data/364.png,train,False,
data/training_data/training_data/3640.png,train,False,
data/training_data/training_data/3641.png,train,False,
data/training_data/training_data/3642.png,train,False,
data/training_data/training_data/3643.png,train,False,
data/training_data/training_data/3644.png,train,False,
data/training_data/training_data/3645.png,train,False,
data/training_data/training_data/3646.png,train,False,
data/training_data/training_data/3647.png,train,False,
data/training_data/training_data/3648.png,train,False,
data/training_data/training_data/3649.png,train,False,
data/training_data/training_data/365.png,train,False,
data/training_data/training_data/3650.png,train,False,
data/training_data/training_data/3651.png,train,False,
data/training_data/training_data/3652.png,train,False,
data/training_data/training_data/3653.png,train,False,
data/training_data/training_data/3654.png,train,False,
data/training_data/training_data/3655.png,train,False,
data/training_data/training_data/3656.png,train,False,
data/training_data/training_data/3657.png,train,False,
data/training_data/training_data/3658.png,train,False,
data/training_data/training_data/3659.png,train,False,
data/training_data/training_data/366.png,train,False,
data/training_data/training_data/3660.png,train,False,
data/training_data/training_data/3661.png,train,False,
data/training_data/training_data/3662.png,train,False,
data/training_data/training_data/3663.png,train,False,
data/training_data/training_data/3664.png,train,False,
data/training_data/training_data/3665.png,train,False,
data/training_data/training_data/3666.png,train,False,
data/training_data/training_data/3667.png,train,False,
data/training_data/training_data/3668.png,train,False,
data/training_data/training_data/3669.png,train,False,
data/training_data/training_data/367.png,train,False,
data/training_data/training_data/3670.png,train,False,
data/training_data/training_data/3671.png,train,False,
data/training_data/training_data/3672.png,train,False,
data/training_data/training_data/3673.png,train,False,
data/training_data/training_data/3674.png,train,False,
data/training_data/training_data/3675.png,train,False,
data/training_data/training_data/3676.png,train,False,
data/training_data/training_data/3677.png,train,False,
data/training_data/training_data/3678.png,train,False,
data/training_data/training_data/3679.png,train,False,
data/training_data/training_data/368.png,train,False,
data/training_data/training_data/3680.png,train,False,
data/training_data/training_data/3681.png,train,False,
data/training_data/training_data/3682.png,train,False,
data/training_data/training_data/3683.png,train,False,
data/training_data/training_data/3684.png,train,False,
data/training_data/training_data/3685.png,train,False,
data/training_data/training_data/3686.png,train,False,
data/training_data/training_data/3687.png,train,False,
data/training_data/training_data/3688.png,train,False,
data/training_data/training_data/3689.png,train,False,
data/training_data/training_data/369.png,train,False,
data/training_data/training_data/3690.png,train,False,
data/training_data/training_data/3691.png,train,False,
data/training_data/training_data/3692.png,train,False,
data/training_data/training_data/3693.png,train,False,
data/training_data/training_data/3694.png,train,False,
data/training_data/training_data/3695.png,train,False,
data/training_data/training_data/3696.png,train,False,
data/training_data/training_data/3697.png,train,False,
data/training_data/training_data/3698.png,train,False,
data/training_data/training_data/3699.png,train,False,
data/training_data/training_data/37.png,train,False,
data/training_data/training_data/370.png,train,False,
data/training_data/training_data/3700.png,train,False,
data/training_data/training_data/3701.png,train,False,
data/training_data/training_data/3702.png,train,False,
data/training_data/training_data/3703.png,train,False,
data/training_data/training_data/3704.png,train,False,
data/training_data/training_data/3705.png,train,False,
data/training_data/training_data/3706.png,train,False,
data/training_data/training_data/3707.png,train,False,
data/training_data/training_data/3708.png,train,False,
data/training_data/training_data/3709.png,train,False,
data/training_data/training_data/371.png,train,False,
data/training_data/training_data/3710.png,train,False,
data/training_data/training_data/3711.png,train,False,
data/training_data/training_data/3712.png,train,False,
data/training_data/training_data/3713.png,train,False,
data/training_data/training_data/3714.png,train,False,
data/training_data/training_data/3715.png,train,False,
data/training_data/training_data/3716.png,train,False,
data/training_data/training_data/3717.png,train,False,
data/training_data/training_data/3718.png,train,False,
data/training_data/training_data/3719.png,train,False,
data/training_data/training_data/372.png,train,False,
data/training_data/training_data/3720.png,train,False,
data/training_data/training_data/3721.png,train,False,
data/training_data/training_data/3722.png,train,False,
data/training_data/training_data/3723.png,train,False,
data/training_data/training_data/3724.png,train,False,
data/training_data/training_data/3725.png,train,False,
data/training_data/training_data/3726.png,train,False,
data/training_data/training_data/3727.png,train,False,
data/training_data/training_data/3728.png,train,False,
data/training_data/training_data/3729.png,train,False,
data/training_data/training_data/373.png,train,False,
data/training_data/training_data/3730.png,train,False,
data/training_data/training_data/3731.png,train,False,
data/training_data/training_data/3733.png,train,False,
data/training_data/training_data/3734.png,train,False,
data/training_data/training_data/3735.png,train,False,
data/training_data/training_data/3736.png,train,False,
data/training_data/training_data/3737.png,train,False,
data/training_data/training_data/3738.png,train,False,
data/training_data/training_data/3739.png,train,False,
data/training_data/training_data/374.png,train,False,
data/training_data/training_data/3740.png,train,False,
data/training_data/training_data/3741.png,train,False,
data/training_data/training_data/3742.png,train,False,
data/training_data/training_data/3743.png,train,False,
data/training_data/training_data/3744.png,train,False,
data/training_data/training_data/3745.png,train,False,
data/training_data/training_data/3746.png,train,False,
data/training_data/training_data/3747.png,train,False,
data/training_data/training_data/3748.png,train,False,
data/training_data/training_data/3749.png,train,False,
data/training_data/training_data/375.png,train,False,
data/training_data/training_data/3750.png,train,False,
data/training_data/training_data/3751.png,train,False,
data/training_data/training_data/3752.png,train,False,
data/training_data/training_data/3753.png,train,False,
data/training_data/training_data/3754.png,train,False,
data/training_data/training_data/3755.png,train,False,
data/training_data/training_data/3756.png,train,False,
data/training_data/training_data/3757.png,train,False,
data/training_data/training_data/3758.png,train,False,
data/training_data/training_data/3759.png,train,False,
data/training_data/training_data/376.png,train,False,
data/training_data/training_data/3760.png,train,False,
data/training_data/training_data/3761.png,train,False,
data/training_data/training_data/3762.png,train,False,
data/training_data/training_data/3763.png,train,False,
data/training_data/training_data/3764.png,train,False,
data/training_data/training_data/3765.png,train,False,
data/training_data/training_data/3766.png,train,False,
data/training_data/training_data/3767.png,train,False,
data/training_data/training_data/3768.png,train,False,
data/training_data/training_data/3769.png,train,False,
data/training_data/training_data/377.png,train,False,
data/training_data/training_data/3770.png,train,False,
data/training_data/training_data/3771.png,train,False,
data/training_data/training_data/3772.png,train,False,
data/training_data/training_data/3773.png,train,False,
data/training_data/training_data/3774.png,train,False,
data/training_data/training_data/3775.png,train,False,
data/training_data/training_data/3776.png,train,False,
data/training_data/training_data/3777.png,train,False,
data/training_data/training_data/3778.png,train,False,
data/training_data/training_data/3779.png,train,False,
data/training_data/training_data/378.png,train,False,
data/training_data/training_data/3780.png,train,False,
data/training_data/training_data/3781.png,train,False,
data/training_data/training_data/3782.png,train,False,
data/training_data/training_data/3783.png,train,False,
data/training_data/training_data/3784.png,train,False,
data/training_data/training_data/3785.png,train,False,
data/training_data/training_data/3786.png,train,False,
data/training_data/training_data/3787.png,train,False,
data/training_data/training_data/3788.png,train,False,
data/training_data/training_data/3789.png,train,False,
data/training_data/training_data/379.png,train,False,
data/training_data/training_data/3790.png,train,False,
data/training_data/training_data/3791.png,train,False,
data/training_data/training_data/3792.png,train,False,
data/training_data/training_data/3793.png,train,False,
data/training_data/training_data/3794.png,train,False,
data/training_data/training_data/3795.png,train,False,
data/training_data/training_data/3796.png,train,False,
data/training_data/training_data/3797.png,train,False,
data/training_data/training_data/3798.png,train,False,
data/training_data/training_data/3799.png,train,False,
data/training_data/training_data/38.png,train,False,
data/training_data/training_data/380.png,train,False,
data/training_data/training_data/3800.png,train,False,
data/training_data/training_data/3801.png,train,False,
data/training_data/training_data/3802.png,train,False,
data/training_data/training_data/3803.png,train,False,
data/training_data/training_data/3804.png,train,False,
data/training_data/training_data/3805.png,train,False,
data/training_data/training_data/3806.png,train,False,
data/training_data/training_data/3807.png,train,False,
data/training_data/training_data/3808.png,train,False,
data/training_data/training_data/3809.png,train,False,
data/training_data/training_data/381.png,train,False,
data/training_data/training_data/3810.png,train,False,
data/training_data/training_data/3811.png,train,False,
data/training_data/training_data/3812.png,train,False,
data/training_data/training_data/3813.png,train,False,
data/training_data/training_data/3814.png,train,False,
data/training_data/training_data/3815.png,train,False,
data/training_data/training_data/3816.png,train,False,
data/training_data/training_data/3817.png,train,False,
data/training_data/training_data/3818.png,train,False,
data/training_data/training_data/3819.png,train,False,
data/training_data/training_data/382.png,train,False,
data/training_data/training_data/3820.png,train,False,
data/training_data/training_data/3821.png,train,False,
data/training_data/training_data/3822.png,train,False,
data/training_data/training_data/3823.png,train,False,
data/training_data/training_data/3824.png,train,False,
data/training_data/training_data/3825.png,train,False,
data/training_data/training_data/3826.png,train,False,
data/training_data/training_data/3827.png,train,False,
data/training_data/training_data/3828.png,train,False,
data/training_data/training_data/3829.png,train,False,
data/training_data/training_data/383.png,train,False,
data/training_data/training_data/3830.png,train,False,
data/training_data/training_data/3831.png,train,False,
data/training_data/training_data/3832.png,train,False,
data/training_data/training_data/3833.png,train,False,
data/training_data/training_data/3834.png,train,False,
data/training_data/training_data/3835.png,train,False,
data/training_data/training_data/3836.png,train,False,
data/training_data/training_data/3837.png,train,False,
data/training_data/training_data/3838.png,train,False,
data/training_data/training_data/3839.png,train,False,
data/training_data/training_data/384.png,train,False,
data/training_data/training_data/3840.png,train,False,
data/training_data/training_data/3841.png,train,False,
data/training_data/training_data/3842.png,train,False,
data/training_data/training_data/3843.png,train,False,
data/training_data/training_data/3844.png,train,False,
data/training_data/training_data/3845.png,train,False,
data/training_data/training_data/3846.png,train,False,
data/training_data/training_data/3847.png,train,False,
data/training_data/training_data/3848.png,train,False,
data/training_data/training_data/3849.png,train,False,
data/training_data/training_data/385.png,train,False,
data/training_data/training_data/3850.png,train,False,
data/training_data/training_data/3851.png,train,False,
data/training_data/training_data/3852.png,train,False,
data/training_data/training_data/3853.png,train,False,
data/training_data/training_data/3854.png,train,False,
data/training_data/training_data/3855.png,train,False,
data/training_data/training_data/3856.png,train,False,
data/training_data/training_data/3857.png,train,False,
data/training_data/training_data/3858.png,train,False,
data/training_data/training_data/3859.png,train,False,
data/training_data/training_data/386.png,train,False,
data/training_data/training_data/3860.png,train,False,
data/training_data/training_data/3861.png,train,False,
data/training_data/training_data/3862.png,train,False,
data/training_data/training_data/3863.png,train,False,
data/training_data/training_data/3864.png,train,False,
data/training_data/training_data/3865.png,train,False,
data/training_data/training_data/3866.png,train,False,
data/training_data/training_data/3867.png,train,False,
data/training_data/training_data/3868.png,train,False,
data/training_data/training_data/3869.png,train,False,
data/training_data/training_data/387.png,train,False,
data/training_data/training_data/3870.png,train,False,
data/training_data/training_data/3871.png,train,False,
data/training_data/training_data/3872.png,train,False,
data/training_data/training_data/3873.png,train,False,
data/training_data/training_data/3874.png,train,False,
data/training_data/training_data/3875.png,train,False,
data/training_data/training_data/3876.png,train,False,
data/training_data/training_data/3877.png,train,False,
data/training_data/training_data/3878.png,train,False,
data/training_data/training_data/3879.png,train,False,
data/training_data/training_data/388.png,train,False,
data/training_data/training_data/3880.png,train,False,
data/training_data/training_data/3881.png,train,False,
data/training_data/training_data/3882.png,train,False,
data/training_data/training_data/3883.png,train,False,
data/training_data/training_data/3884.png,train,False,
data/training_data/training_data/3885.png,train,False,
data/training_data/training_data/3886.png,train,False,
data/training_data/training_data/3887.png,train,False,
data/training_data/training_data/3888.png,train,False,
data/training_data/training_data/3889.png,train,False,
data/training_data/training_data/389.png,train,False,
data/training_data/training_data/3890.png,train,False,
data/training_data/training_data/3891.png,train,False,
data/training_data/training_data/3892.png,train,False,
data/training_data/training_data/3893.png,train,False,
data/training_data/training_data/3894.png,train,False,
data/training_data/training_data/3895.png,train,False,
data/training_data/training_data/3896.png,train,False,
data/training_data/training_data/3897.png,train,False,
data/training_data/training_data/3898.png,train,False,
data/training_data/training_data/3899.png,train,False,
data/training_data/training_data/39.png,train,False,
data/training_data/training_data/390.png,train,False,
data/training_data/training_data/3900.png,train,False,
data/training_data/training_data/3901.png,train,False,
data/training_data/training_data/3902.png,train,False,
data/training_data/training_data/3903.png,train,False,
data/training_data/training_data/3904.png,train,False,
data/training_data/training_data/3905.png,train,False,
data/training_data/training_data/3906.png,train,False,
data/training_data/training_data/3907.png,train,False,
data/training_data/training_data/3908.png,train,False,
data/training_data/training_data/3909.png,train,False,
data/training_data/training_data/391.png,train,False,
data/training_data/training_data/3910.png,train,False,
data/training_data/training_data/3911.png,train,False,
data/training_data/training_data/3912.png,train,False,
data/training_data/training_data/3913.png,train,False,
data/training_data/training_data/3914.png,train,False,
data/training_data/training_data/3915.png,train,False,
data/training_data/training_data/3916.png,train,False,
data/training_data/training_data/3917.png,train,False,
data/training_data/training_data/3918.png,train,False,
data/training_data/training_data/3919.png,train,False,
data/training_data/training_data/392.png,train,False,
data/training_data/training_data/3920.png,train,False,
data/training_data/training_data/3921.png,train,False,
data/training_data/training_data/3922.png,train,False,
data/training_data/training_data/3923.png,train,False,
data/training_data/training_data/3924.png,train,False,
data/training_data/training_data/3925.png,train,False,
data/training_data/training_data/3926.png,train,False,
data/training_data/training_data/3927.png,train,False,
data/training_data/training_data/3928.png,train,False,
data/training_data/training_data/3929.png,train,False,
data/training_data/training_data/393.png,train,False,
data/training_data/training_data/3930.png,train,False,
data/training_data/training_data/3931.png,train,False,
data/training_data/training_data/3932.png,train,False,
data/training_data/training_data/3933.png,train,False,
data/training_data/training_data/3934.png,train,False,
data/training_data/training_data/3935.png,train,False,
data/training_data/training_data/3936.png,train,False,
data/training_data/training_data/3937.png,train,False,
data/training_data/training_data/3938.png,train,False,
data/training_data/training_data/3939.png,train,False,
data/training_data/training_data/394.png,train,False,
data/training_data/training_data/3940.png,train,False,
data/training_data/training_data/3941.png,train,False,
data/training_data/training_data/3942.png,train,False,
data/training_data/training_data/3943.png,train,False,
data/training_data/training_data/3944.png,train,False,
data/training_data/training_data/3945.png,train,False,
data/training_data/training_data/3946.png,train,False,
data/training_data/training_data/3947.png,train,False,
data/training_data/training_data/3948.png,train,False,
data/training_data/training_data/3949.png,train,False,
data/training_data/training_data/395.png,train,False,
data/training_data/training_data/3950.png,train,False,
data/training_data/training_data/3951.png,train,False,
data/training_data/training_data/3952.png,train,False,
data/training_data/training_data/3953.png,train,False,
data/training_data/training_data/3954.png,train,False,
data/training_data/training_data/3955.png,train,False,
data/training_data/training_data/3956.png,train,False,
data/training_data/training_data/3957.png,train,False,
data/training_data/training_data/3958.png,train,False,
data/training_data/training_data/3959.png,train,False,
data/training_data/training_data/396.png,train,False,
data/training_data/training_data/3960.png,train,False,
data/training_data/training_data/3961.png,train,False,
data/training_data/training_data/3962.png,train,False,
data/training_data/training_data/3963.png,train,False,
data/training_data/training_data/3964.png,train,False,
data/training_data/training_data/3965.png,train,False,
data/training_data/training_data/3966.png,train,False,
data/training_data/training_data/3967.png,train,False,
data/training_data/training_data/3968.png,train,False,
data/training_data/training_data/3969.png,train,False,
data/training_data/training_data/397.png,train,False,
data/training_data/training_data/3970.png,train,False,
data/training_data/training_data/3971.png,train,False,
data/training_data/training_data/3972.png,train,False,
data/training_data/training_data/3973.png,train,False,
data/training_data/training_data/3974.png,train,False,
data/training_data/training_data/3975.png,train,False,
data/training_data/training_data/3976.png,train,False,
data/training_data/training_data/3977.png,train,False,
data/training_data/training_data/3978.png,train,False,
data/training_data/training_data/3979.png,train,False,
data/training_data/training_data/398.png,train,False,
data/training_data/training_data/3980.png,train,False,
data/training_data/training_data/3981.png,train,False,
data/training_data/training_data/3982.png,train,False,
data/training_data/training_data/3983.png,train,False,
data/training_data/training_data/3984.png,train,False,
data/training_data/training_data/3985.png,train,False,
data/training_data/training_data/3986.png,train,False,
data/training_data/training_data/3987.png,train,False,
data/training_data/training_data/3988.png,train,False,
data/training_data/training_data/3989.png,train,False,
data/training_data/training_data/399.png,train,False,
data/training_data/training_data/3990.png,train,False,
data/training_data/training_data/3991.png,train,False,
data/training_data/training_data/3992.png,train,False,
data/training_data/training_data/3993.png,train,False,
data/training_data/training_data/3994.png,train,False,
data/training_data/training_data/3995.png,train,False,
data/training_data/training_data/3996.png,train,False,
data/training_data/training_data/3997.png,train,False,
data/training_data/training_data/3998.png,train,False,
data/training_data/training_data/3999.png,train,False,
data/training_data/training_data/40.png,train,False,
data/training_data/training_data/400.png,train,False,
data/training_data/training_data/4000.png,train,False,
data/training_data/training_data/4001.png,train,False,
data/training_data/training_data/4002.png,train,False,
data/training_data/training_data/4003.png,train,False,
data/training_data/training_data/4004.png,train,False,
data/training_data/training_data/4005.png,train,False,
data/training_data/training_data/4006.png,train,False,
data/training_data/training_data/4007.png,train,False,
data/training_data/training_data/4008.png,train,False,
data/training_data/training_data/4009.png,train,False,
data/training_data/training_data/401.png,train,False,
data/training_data/training_data/4010.png,train,False,
data/training_data/training_data/4011.png,train,False,
data/training_data/training_data/4012.png,train,False,
data/training_data/training_data/4013.png,train,False,
data/training_data/training_data/4014.png,train,False,
data/training_data/training_data/4015.png,train,False,
data/training_data/training_data/4016.png,train,False,
data/training_data/training_data/4017.png,train,False,
data/training_data/training_data/4018.png,train,False,
data/training_data/training_data/4019.png,train,False,
data/training_data/training_data/402.png,train,False,
data/training_data/training_data/4020.png,train,False,
data/training_data/training_data/4021.png,train,False,
data/training_data/training_data/4022.png,train,False,
data/training_data/training_data/4023.png,train,False,
data/training_data/training_data/4024.png,train,False,
data/training_data/training_data/4025.png,train,False,
data/training_data/training_data/4026.png,train,False,
data/training_data/training_data/4027.png,train,False,
data/training_data/training_data/4028.png,train,False,
data/training_data/training_data/4029.png,train,False,
data/training_data/training_data/403.png,train,False,
data/training_data/training_data/4030.png,train,False,
data/training_data/training_data/4031.png,train,False,
data/training_data/training_data/4032.png,train,False,
data/training_data/training_data/4033.png,train,False,
data/training_data/training_data/4034.png,train,False,
data/training_data/training_data/4035.png,train,False,
data/training_data/training_data/4036.png,train,False,
data/training_data/training_data/4037.png,train,False,
data/training_data/training_data/4038.png,train,False,
data/training_data/training_data/4039.png,train,False,
data/training_data/training_data/404.png,train,False,
data/training_data/training_data/4040.png,train,False,
data/training_data/training_data/4041.png,train,False,
data/training_data/training_data/4042.png,train,False,
data/training_data/training_data/4043.png,train,False,
data/training_data/training_data/4044.png,train,False,
data/training_data/training_data/4045.png,train,False,
data/training_data/training_data/4046.png,train,False,
data/training_data/training_data/4047.png,train,False,
data/training_data/training_data/4048.png,train,False,
data/training_data/training_data/4049.png,train,False,
data/training_data/training_data/405.png,train,False,
data/training_data/training_data/4050.png,train,False,
data/training_data/training_data/4051.png,train,False,
data/training_data/training_data/4052.png,train,False,
data/training_data/training_data/4053.png,train,False,
data/training_data/training_data/4054.png,train,False,
data/training_data/training_data/4055.png,train,False,
data/training_data/training_data/4056.png,train,False,
data/training_data/training_data/4057.png,train,False,
data/training_data/training_data/4058.png,train,False,
data/training_data/training_data/4059.png,train,False,
data/training_data/training_data/406.png,train,False,
data/training_data/training_data/4060.png,train,False,
data/training_data/training_data/4061.png,train,False,
data/training_data/training_data/4062.png,train,False,
data/training_data/training_data/4063.png,train,False,
data/training_data/training_data/4064.png,train,False,
data/training_data/training_data/4065.png,train,False,
data/training_data/training_data/4066.png,train,False,
data/training_data/training_data/4067.png,train,False,
data/training_data/training_data/4068.png,train,False,
data/training_data/training_data/4069.png,train,False,
data/training_data/training_data/407.png,train,False,
data/training_data/training_data/4070.png,train,False,
data/training_data/training_data/4071.png,train,False,
data/training_data/training_data/4072.png,train,False,
data/training_data/training_data/4073.png,train,False,
data/training_data/training_data/4074.png,train,False,
data/training_data/training_data/4075.png,train,False,
data/training_data/training_data/4076.png,train,False,
data/training_data/training_data/4077.png,train,False,
data/training_data/training_data/4078.png,train,False,
data/training_data/training_data/4079.png,train,False,
data/training_data/training_data/408.png,train,False,
data/training_data/training_data/4080.png,train,False,
data/training_data/training_data/4081.png,train,False,
data/training_data/training_data/4082.png,train,False,
data/training_data/training_data/4083.png,train,False,
data/training_data/training_data/4084.png,train,False,
data/training_data/training_data/4085.png,train,False,
data/training_data/training_data/4086.png,train,False,
data/training_data/training_data/4087.png,train,False,
data/training_data/training_data/4088.png,train,False,
data/training_data/training_data/4089.png,train,False,
data/training_data/training_data/409.png,train,False,
data/training_data/training_data/4090.png,train,False,
data/training_data/training_data/4091.png,train,False,
data/training_data/training_data/4092.png,train,False,
data/training_data/training_data/4093.png,train,False,
data/training_data/training_data/4094.png,train,False,
data/training_data/training_data/4095.png,train,False,
data/training_data/training_data/4096.png,train,False,
data/training_data/training_data/4097.png,train,False,
data/training_data/training_data/4098.png,train,False,
data/training_data/training_data/4099.png,train,False,
data/training_data/training_data/41.png,train,False,
data/training_data/training_data/410.png,train,False,
data/training_data/training_data/4100.png,train,False,
data/training_data/training_data/4101.png,train,False,
data/training_data/training_data/4102.png,train,False,
data/training_data/training_data/4103.png,train,False,
data/training_data/training_data/4104.png,train,False,
data/training_data/training_data/4105.png,train,False,
data/training_data/training_data/4106.png,train,False,
data/training_data/training_data/4107.png,train,False,
data/training_data/training_data/4108.png,train,False,
data/training_data/training_data/4109.png,train,False,
data/training_data/training_data/411.png,train,False,
data/training_data/training_data/4110.png,train,False,
data/training_data/training_data/4111.png,train,False,
data/training_data/training_data/4112.png,train,False,
data/training_data/training_data/4113.png,train,False,
data/training_data/training_data/4114.png,train,False,
data/training_data/training_data/4115.png,train,False,
data/training_data/training_data/4116.png,train,False,
data/training_data/training_data/4117.png,train,False,
data/training_data/training_data/4118.png,train,False,
data/training_data/training_data/4119.png,train,False,
data/training_data/training_data/412.png,train,False,
data/training_data/training_data/4120.png,train,False,
data/training_data/training_data/4121.png,train,False,
data/training_data/training_data/4122.png,train,False,
data/training_data/training_data/4123.png,train,False,
data/training_data/training_data/4124.png,train,False,
data/training_data/training_data/4125.png,train,False,
data/training_data/training_data/4126.png,train,False,
data/training_data/training_data/4127.png,train,False,
data/training_data/training_data/4128.png,train,False,
data/training_data/training_data/4129.png,train,False,
data/training_data/training_data/413.png,train,False,
data/training_data/training_data/4130.png,train,False,
data/training_data/training_data/4131.png,train,False,
data/training_data/training_data/4132.png,train,False,
data/training_data/training_data/4133.png,train,False,
data/training_data/training_data/4134.png,train,False,
data/training_data/training_data/4135.png,train,False,
data/training_data/training_data/4136.png,train,False,
data/training_data/training_data/4137.png,train,False,
data/training_data/training_data/4138.png,train,False,
data/training_data/training_data/4139.png,train,False,
data/training_data/training_data/414.png,train,False,
data/training_data/training_data/4140.png,train,False,
data/training_data/training_data/4141.png,train,False,
data/training_data/training_data/4142.png,train,False,
data/training_data/training_data/4143.png,train,False,
data/training_data/training_data/4144.png,train,False,
data/training_data/training_data/4145.png,train,False,
data/training_data/training_data/4146.png,train,False,
data/training_data/training_data/4147.png,train,False,
data/training_data/training_data/4148.png,train,False,
data/training_data/training_data/4149.png,train,False,
data/training_data/training_data/415.png,train,False,
data/training_data/training_data/4150.png,train,False,
data/training_data/training_data/4151.png,train,False,
data/training_data/training_data/4152.png,train,False,
data/training_data/training_data/4153.png,train,False,
data/training_data/training_data/4154.png,train,False,
data/training_data/training_data/4155.png,train,False,
data/training_data/training_data/4156.png,train,False,
data/training_data/training_data/4157.png,train,False,
data/training_data/training_data/4158.png,train,False,
data/training_data/training_data/4159.png,train,False,
data/training_data/training_data/416.png,train,False,
data/training_data/training_data/4160.png,train,False,
data/training_data/training_data/4161.png,train,False,
data/training_data/training_data/4162.png,train,False,
data/training_data/training_data/4163.png,train,False,
data/training_data/training_data/4164.png,train,False,
data/training_data/training_data/4165.png,train,False,
data/training_data/training_data/4166.png,train,False,
data/training_data/training_data/4167.png,train,False,
data/training_data/training_data/4168.png,train,False,
data/training_data/training_data/4169.png,train,False,
data/training_data/training_data/417.png,train,False,
data/training_data/training_data/4170.png,train,False,
data/training_data/training_data/4171.png,train,False,
data/training_data/training_data/4172.png,train,False,
data/training_data/training_data/4173.png,train,False,
data/training_data/training_data/4174.png,train,False,
data/training_data/training_data/4175.png,train,False,
data/training_data/training_data/4176.png,train,False,
data/training_data/training_data/4177.png,train,False,
data/training_data/training_data/4178.png,train,False,
data/training_data/training_data/4179.png,train,False,
data/training_data/training_data/418.png,train,False,
data/training_data/training_data/4180.png,train,False,
data/training_data/training_data/4181.png,train,False,
data/training_data/training_data/4182.png,train,False,
data/training_data/training_data/4183.png,train,False,
data/training_data/training_data/4184.png,train,False,
data/training_data/training_data/4185.png,train,False,
data/training_data/training_data/4186.png,train,False,
data/training_data/training_data/4187.png,train,False,
data/training_data/training_data/4188.png,train,False,
data/training_data/training_data/4189.png,train,False,
data/training_data/training_data/419.png,train,False,
data/training_data/training_data/4190.png,train,False,
data/training_data/training_data/4191.png,train,False,
data/training_data/training_data/4192.png,train,False,
data/training_data/training_data/4193.png,train,False,
data/training_data/training_data/4194.png,train,False,
data/training_data/training_data/4195.png,train,False,
data/training_data/training_data/4196.png,train,False,
data/training_data/training_data/4197.png,train,False,
data/training_data/training_data/4198.png,train,False,
data/training_data/training_data/4199.png,train,False,
data/training_data/training_data/42.png,train,False,
data/training_data/training_data/420.png,train,False,
data/training_data/training_data/4200.png,train,False,
data/training_data/training_data/4201.png,train,False,
data/training_data/training_data/4202.png,train,False,
data/training_data/training_data/4203.png,train,False,
data/training_data/training_data/4204.png,train,False,
data/training_data/training_data/4205.png,train,False,
data/training_data/training_data/4206.png,train,False,
data/training_data/training_data/4207.png,train,False,
data/training_data/training_data/4208.png,train,False,
data/training_data/training_data/4209.png,train,False,
data/training_data/training_data/421.png,train,False,
data/training_data/training_data/4210.png,train,False,
data/training_data/training_data/4211.png,train,False,
data/training_data/training_data/4212.png,train,False,
data/training_data/training_data/4213.png,train,False,
data/training_data/training_data/4214.png,train,False,
data/training_data/training_data/4215.png,train,False,
data/training_data/training_data/4216.png,train,False,
data/training_data/training_data/4217.png,train,False,
data/training_data/training_data/4218.png,train,False,
data/training_data/training_data/4219.png,train,False,
data/training_data/training_data/422.png,train,False,
data/training_data/training_data/4220.png,train,False,
data/training_data/training_data/4221.png,train,False,
data/training_data/training_data/4222.png,train,False,
data/training_data/training_data/4223.png,train,False,
data/training_data/training_data/4224.png,train,False,
data/training_data/training_data/4225.png,train,False,
data/training_data/training_data/4226.png,train,False,
data/training_data/training_data/4227.png,train,False,
data/training_data/training_data/4228.png,train,False,
data/training_data/training_data/4229.png,train,False,
data/training_data/training_data/423.png,train,False,
data/training_data/training_data/4230.png,train,False,
data/training_data/training_data/4231.png,train,False,
data/training_data/training_data/4232.png,train,False,
data/training_data/training_data/4233.png,train,False,
data/training_data/training_data/4234.png,train,False,
data/training_data/training_data/4235.png,train,False,
data/training_data/training_data/4236.png,train,False,
data/training_data/training_data/4237.png,train,False,
data/training_data/training_data/4238.png,train,False,
data/training_data/training_data/4239.png,train,False,
data/training_data/training_data/424.png,train,False,
data/training_data/training_data/4240.png,train,False,
data/training_data/training_data/4241.png,train,False,
data/training_data/training_data/4242.png,train,False,
data/training_data/training_data/4243.png,train,False,
data/training_data/training_data/4244.png,train,False,
data/training_data/training_data/4245.png,train,False,
data/training_data/training_data/4246.png,train,False,
data/training_data/training_data/4247.png,train,False,
data/training_data/training_data/4248.png,train,False,
data/training_data/training_data/4249.png,train,False,
data/training_data/training_data/425.png,train,False,
data/training_data/training_data/4250.png,train,False,
data/training_data/training_data/4251.png,train,False,
data/training_data/training_data/4252.png,train,False,
data/training_data/training_data/4253.png,train,False,
data/training_data/training_data/4254.png,train,False,
data/training_data/training_data/4255.png,train,False,
data/training_data/training_data/4256.png,train,False,
data/training_data/training_data/4257.png,train,False,
data/training_data/training_data/4258.png,train,False,
data/training_data/training_data/4259.png,train,False,
data/training_data/training_data/426.png,train,False,
data/training_data/training_data/4260.png,train,False,
data/training_data/training_data/4261.png,train,False,
data/training_data/training_data/4262.png,train,False,
data/training_data/training_data/4263.png,train,False,
data/training_data/training_data/4264.png,train,False,
data/training_data/training_data/4265.png,train,False,
data/training_data/training_data/4266.png,train,False,
data/training_data/training_data/4267.png,train,False,
data/training_data/training_data/4268.png,train,False,
data/training_data/training_data/4269.png,train,False,
data/training_data/training_data/427.png,train,False,
data/training_data/training_data/4270.png,train,False,
data/training_data/training_data/4271.png,train,False,
data/training_data/training_data/4272.png,train,False,
data/training_data/training_data/4273.png,train,False,
data/training_data/training_data/4274.png,train,False,
data/training_data/training_data/4275.png,train,False,
data/training_data/training_data/4276.png,train,False,
data/training_data/training_data/4277.png,train,False,
data/training_data/training_data/4278.png,train,False,
data/training_data/training_data/4279.png,train,False,
data/training_data/training_data/428.png,train,False,
data/training_data/training_data/4280.png,train,False,
data/training_data/training_data/4281.png,train,False,
data/training_data/training_data/4282.png,train,False,
data/training_data/training_data/4283.png,train,False,
data/training_data/training_data/4284.png,train,False,
data/training_data/training_data/4285.png,train,False,
data/training_data/training_data/4286.png,train,False,
data/training_data/training_data/4287.png,train,False,
data/training_data/training_data/4288.png,train,False,
data/training_data/training_data/4289.png,train,False,
data/training_data/training_data/429.png,train,False,
data/training_data/training_data/4290.png,train,False,
data/training_data/training_data/4291.png,train,False,
data/training_data/training_data/4292.png,train,False,
data/training_data/training_data/4293.png,train,False,
data/training_data/training_data/4294.png,train,False,
data/training_data/training_data/4295.png,train,False,
data/training_data/training_data/4296.png,train,False,
data/training_data/training_data/4297.png,train,False,
data/training_data/training_data/4298.png,train,False,
data/training_data/training_data/4299.png,train,False,
data/training_data/training_data/43.png,train,False,
data/training_data/training_data/430.png,train,False,
data/training_data/training_data/4300.png,train,False,
data/training_data/training_data/4301.png,train,False,
data/training_data/training_data/4302.png,train,False,
data/training_data/training_data/4303.png,train,False,
data/training_data/training_data/4304.png,train,False,
data/training_data/training_data/4305.png,train,False,
data/training_data/training_data/4306.png,train,False,
data/training_data/training_data/4307.png,train,False,
data/training_data/training_data/4308.png,train,False,
data/training_data/training_data/4309.png,train,False,
data/training_data/training_data/431.png,train,False,
data/training_data/training_data/4310.png,train,False,
data/training_data/training_data/4311.png,train,False,
data/training_data/training_data/4312.png,train,False,
data/training_data/training_data/4313.png,train,False,
data/training_data/training_data/4314.png,train,False,
data/training_data/training_data/4315.png,train,False,
data/training_data/training_data/4316.png,train,False,
data/training_data/training_data/4317.png,train,False,
data/training_data/training_data/4318.png,train,False,
data/training_data/training_data/4319.png,train,False,
data/training_data/training_data/432.png,train,False,
data/training_data/training_data/4320.png,train,False,
data/training_data/training_data/4321.png,train,False,
data/training_data/training_data/4322.png,train,False,
data/training_data/training_data/4323.png,train,False,
data/training_data/training_data/4324.png,train,False,
data/training_data/training_data/4325.png,train,False,
data/training_data/training_data/4326.png,train,False,
data/training_data/training_data/4327.png,train,False,
data/training_data/training_data/4328.png,train,False,
data/training_data/training_data/4329.png,train,False,
data/training_data/training_data/433.png,train,False,
data/training_data/training_data/4330.png,train,False,
data/training_data/training_data/4331.png,train,False,
data/training_data/training_data/4332.png,train,False,
data/training_data/training_data/4333.png,train,False,
data/training_data/training_data/4334.png,train,False,
data/training_data/training_data/4335.png,train,False,
data/training_data/training_data/4336.png,train,False,
data/training_data/training_data/4337.png,train,False,
data/training_data/training_data/4338.png,train,False,
data/training_data/training_data/4339.png,train,False,
data/training_data/training_data/434.png,train,False,
data/training_data/training_data/4340.png,train,False,
data/training_data/training_data/4341.png,train,False,
data/training_data/training_data/4342.png,train,False,
data/training_data/training_data/4343.png,train,False,
data/training_data/training_data/4344.png,train,False,
data/training_data/training_data/4345.png,train,False,
data/training_data/training_data/4346.png,train,False,
data/training_data/training_data/4347.png,train,False,
data/training_data/training_data/4348.png,train,False,
data/training_data/training_data/4349.png,train,False,
data/training_data/training_data/435.png,train,False,
data/training_data/training_data/4350.png,train,False,
data/training_data/training_data/4351.png,train,False,
data/training_data/training_data/4352.png,train,False,
data/training_data/training_data/4353.png,train,False,
data/training_data/training_data/4354.png,train,False,
data/training_data/training_data/4355.png,train,False,
data/training_data/training_data/4356.png,train,False,
data/training_data/training_data/4357.png,train,False,
data/training_data/training_data/4358.png,train,False,
data/training_data/training_data/4359.png,train,False,
data/training_data/training_data/436.png,train,False,
data/training_data/training_data/4360.png,train,False,
data/training_data/training_data/4361.png,train,False,
data/training_data/training_data/4362.png,train,False,
data/training_data/training_data/4363.png,train,False,
data/training_data/training_data/4364.png,train,False,
data/training_data/training_data/4365.png,train,False,
data/training_data/training_data/4366.png,train,False,
data/training_data/training_data/4367.png,train,False,
data/training_data/training_data/4368.png,train,False,
data/training_data/training_data/4369.png,train,False,
data/training_data/training_data/437.png,train,False,
data/training_data/training_data/4370.png,train,False,
data/training_data/training_data/4371.png,train,False,
data/training_data/training_data/4372.png,train,False,
data/training_data/training_data/4373.png,train,False,
data/training_data/training_data/4374.png,train,False,
data/training_data/training_data/4375.png,train,False,
data/training_data/training_data/4376.png,train,False,
data/training_data/training_data/4377.png,train,False,
data/training_data/training_data/4378.png,train,False,
data/training_data/training_data/4379.png,train,False,
data/training_data/training_data/438.png,train,False,
data/training_data/training_data/4380.png,train,False,
data/training_data/training_data/4381.png,train,False,
data/training_data/training_data/4382.png,train,False,
data/training_data/training_data/4383.png,train,False,
data/training_data/training_data/4384.png,train,False,
data/training_data/training_data/4385.png,train,False,
data/training_data/training_data/4386.png,train,False,
data/training_data/training_data/4387.png,train,False,
data/training_data/training_data/4388.png,train,False,
data/training_data/training_data/4389.png,train,False,
data/training_data/training_data/439.png,train,False,
data/training_data/training_data/4390.png,train,False,
data/training_data/training_data/4391.png,train,False,
data/training_data/training_data/4392.png,train,False,
data/training_data/training_data/4393.png,train,False,
data/training_data/training_data/4394.png,train,False,
data/training_data/training_data/4395.png,train,False,
data/training_data/training_data/4396.png,train,False,
data/training_data/training_data/4397.png,train,False,
data/training_data/training_data/4398.png,train,False,
data/training_data/training_data/4399.png,train,False,
data/training_data/training_data/44.png,train,False,
data/training_data/training_data/440.png,train,False,
data/training_data/training_data/4400.png,train,False,
data/training_data/training_data/4401.png,train,False,
data/training_data/training_data/4402.png,train,False,
data/training_data/training_data/4403.png,train,False,
data/training_data/training_data/4404.png,train,False,
data/training_data/training_data/4405.png,train,False,
data/training_data/training_data/4406.png,train,False,
data/training_data/training_data/4407.png,train,False,
data/training_data/training_data/4408.png,train,False,
data/training_data/training_data/4409.png,train,False,
data/training_data/training_data/441.png,train,False,
data/training_data/training_data/4410.png,train,False,
data/training_data/training_data/4411.png,train,False,
data/training_data/training_data/4412.png,train,False,
data/training_data/training_data/4413.png,train,False,
data/training_data/training_data/4414.png,train,False,
data/training_data/training_data/4415.png,train,False,
data/training_data/training_data/4416.png,train,False,
data/training_data/training_data/4417.png,train,False,
data/training_data/training_data/4418.png,train,False,
data/training_data/training_data/4419.png,train,False,
data/training_data/training_data/442.png,train,False,
data/training_data/training_data/4420.png,train,False,
data/training_data/training_data/4421.png,train,False,
data/training_data/training_data/4422.png,train,False,
data/training_data/training_data/4423.png,train,False,
data/training_data/training_data/4424.png,train,False,
data/training_data/training_data/4425.png,train,False,
data/training_data/training_data/4426.png,train,False,
data/training_data/training_data/4427.png,train,False,
data/training_data/training_data/4428.png,train,False,
data/training_data/training_data/4429.png,train,False,
data/training_data/training_data/443.png,train,False,
data/training_data/training_data/4430.png,train,False,
data/training_data/training_data/4431.png,train,False,
data/training_data/training_data/4432.png,train,False,
data/training_data/training_data/4433.png,train,False,
data/training_data/training_data/4434.png,train,False,
data/training_data/training_data/4435.png,train,False,
data/training_data/training_data/4436.png,train,False,
data/training_data/training_data/4437.png,train,False,
data/training_data/training_data/4438.png,train,False,
data/training_data/training_data/4439.png,train,False,
data/training_data/training_data/444.png,train,False,
data/training_data/training_data/4440.png,train,False,
data/training_data/training_data/4441.png,train,False,
data/training_data/training_data/4442.png,train,False,
data/training_data/training_data/4443.png,train,False,
data/training_data/training_data/4444.png,train,False,
data/training_data/training_data/4445.png,train,False,
data/training_data/training_data/4446.png,train,False,
data/training_data/training_data/4447.png,train,False,
data/training_data/training_data/4448.png,train,False,
data/training_data/training_data/4449.png,train,False,
data/training_data/training_data/445.png,train,False,
data/training_data/training_data/4450.png,train,False,
data/training_data/training_data/4451.png,train,False,
data/training_data/training_data/4452.png,train,False,
data/training_data/training_data/4453.png,train,False,
data/training_data/training_data/4454.png,train,False,
data/training_data/training_data/4455.png,train,False,
data/training_data/training_data/4456.png,train,False,
data/training_data/training_data/4457.png,train,False,
data/training_data/training_data/4458.png,train,False,
data/training_data/training_data/4459.png,train,False,
data/training_data/training_data/446.png,train,False,
data/training_data/training_data/4460.png,train,False,
data/training_data/training_data/4461.png,train,False,
data/training_data/training_data/4462.png,train,False,
data/training_data/training_data/4463.png,train,False,
data/training_data/training_data/4464.png,train,False,
data/training_data/training_data/4465.png,train,False,
data/training_data/training_data/4466.png,train,False,
data/training_data/training_data/4467.png,train,False,
data/training_data/training_data/4468.png,train,False,
data/training_data/training_data/4469.png,train,False,
data/training_data/training_data/447.png,train,False,
data/training_data/training_data/4470.png,train,False,
data/training_data/training_data/4471.png,train,False,
data/training_data/training_data/4472.png,train,False,
data/training_data/training_data/4473.png,train,False,
data/training_data/training_data/4474.png,train,False,
data/training_data/training_data/4475.png,train,False,
data/training_data/training_data/4476.png,train,False,
data/training_data/training_data/4477.png,train,False,
data/training_data/training_data/4478.png,train,False,
data/training_data/training_data/4479.png,train,False,
data/training_data/training_data/448.png,train,False,
data/training_data/training_data/4480.png,train,False,
data/training_data/training_data/4481.png,train,False,
data/training_data/training_data/4482.png,train,False,
data/training_data/training_data/4483.png,train,False,
data/training_data/training_data/4484.png,train,False,
data/training_data/training_data/4485.png,train,False,
data/training_data/training_data/4486.png,train,False,
data/training_data/training_data/4487.png,train,False,
data/training_data/training_data/4488.png,train,False,
data/training_data/training_data/4489.png,train,False,
data/training_data/training_data/449.png,train,False,
data/training_data/training_data/4490.png,train,False,
data/training_data/training_data/4491.png,train,False,
data/training_data/training_data/4492.png,train,False,
data/training_data/training_data/4493.png,train,False,
data/training_data/training_data/4494.png,train,False,
data/training_data/training_data/4495.png,train,False,
data/training_data/training_data/4496.png,train,False,
data/training_data/training_data/4497.png,train,False,
data/training_data/training_data/4498.png,train,False,
data/training_data/training_data/4499.png,train,False,
data/training_data/training_data/45.png,train,False,
data/training_data/training_data/450.png,train,False,
data/training_data/training_data/4500.png,train,False,
data/training_data/training_data/4501.png,train,False,
data/training_data/training_data/4502.png,train,False,
data/training_data/training_data/4503.png,train,False,
data/training_data/training_data/4504.png,train,False,
data/training_data/training_data/4505.png,train,False,
data/training_data/training_data/4506.png,train,False,
data/training_data/training_data/4507.png,train,False,
data/training_data/training_data/4508.png,train,False,
data/training_data/training_data/4509.png,train,False,
data/training_data/training_data/451.png,train,False,
data/training_data/training_data/4510.png,train,False,
data/training_data/training_data/4511.png,train,False,
data/training_data/training_data/4512.png,train,False,
data/training_data/training_data/4513.png,train,False,
data/training_data/training_data/4514.png,train,False,
data/training_data/training_data/4515.png,train,False,
data/training_data/training_data/4516.png,train,False,
data/training_data/training_data/4517.png,train,False,
data/training_data/training_data/4518.png,train,False,
data/training_data/training_data/4519.png,train,False,
data/training_data/training_data/452.png,train,False,
data/training_data/training_data/4520.png,train,False,
data/training_data/training_data/4521.png,train,False,
data/training_data/training_data/4522.png,train,False,
data/training_data/training_data/4523.png,train,False,
data/training_data/training_data/4524.png,train,False,
data/training_data/training_data/4525.png,train,False,
data/training_data/training_data/4526.png,train,False,
data/training_data/training_data/4527.png,train,False,
data/training_data/training_data/4528.png,train,False,
data/training_data/training_data/4529.png,train,False,
data/training_data/training_data/453.png,train,False,
data/training_data/training_data/4530.png,train,False,
data/training_data/training_data/4531.png,train,False,
data/training_data/training_data/4532.png,train,False,
data/training_data/training_data/4533.png,train,False,
data/training_data/training_data/4534.png,train,False,
data/training_data/training_data/4535.png,train,False,
data/training_data/training_data/4536.png,train,False,
data/training_data/training_data/4537.png,train,False,
data/training_data/training_data/4538.png,train,False,
data/training_data/training_data/4539.png,train,False,
data/training_data/training_data/454.png,train,False,
data/training_data/training_data/4540.png,train,False,
data/training_data/training_data/4541.png,train,False,
data/training_data/training_data/4542.png,train,False,
data/training_data/training_data/4543.png,train,False,
data/training_data/training_data/4544.png,train,False,
data/training_data/training_data/4545.png,train,False,
data/training_data/training_data/4546.png,train,False,
data/training_data/training_data/4547.png,train,False,
data/training_data/training_data/4548.png,train,False,
data/training_data/training_data/4549.png,train,False,
data/training_data/training_data/455.png,train,False,
data/training_data/training_data/4550.png,train,False,
data/training_data/training_data/4551.png,train,False,
data/training_data/training_data/4552.png,train,False,
data/training_data/training_data/4553.png,train,False,
data/training_data/training_data/4554.png,train,False,
data/training_data/training_data/4555.png,train,False,
data/training_data/training_data/4556.png,train,False,
data/training_data/training_data/4557.png,train,False,
data/training_data/training_data/4558.png,train,False,
data/training_data/training_data/4559.png,train,False,
data/training_data/training_data/456.png,train,False,
data/training_data/training_data/4560.png,train,False,
data/training_data/training_data/4561.png,train,False,
data/training_data/training_data/4562.png,train,False,
data/training_data/training_data/4563.png,train,False,
data/training_data/training_data/4564.png,train,False,
data/training_data/training_data/4565.png,train,False,
data/training_data/training_data/4566.png,train,False,
data/training_data/training_data/4567.png,train,False,
data/training_data/training_data/4568.png,train,False,
data/training_data/training_data/4569.png,train,False,
data/training_data/training_data/457.png,train,False,
data/training_data/training_data/4570.png,train,False,
data/training_data/training_data/4571.png,train,False,
data/training_data/training_data/4572.png,train,False,
data/training_data/training_data/4573.png,train,False,
data/training_data/training_data/4574.png,train,False,
data/training_data/training_data/4575.png,train,False,
data/training_data/training_data/4576.png,train,False,
data/training_data/training_data/4577.png,train,False,
data/training_data/training_data/4578.png,train,False,
data/training_data/training_data/4579.png,train,False,
data/training_data/training_data/458.png,train,False,
data/training_data/training_data/4580.png,train,False,
data/training_data/training_data/4581.png,train,False,
data/training_data/training_data/4582.png,train,False,
data/training_data/training_data/4583.png,train,False,
data/training_data/training_data/4584.png,train,False,
data/training_data/training_data/4585.png,train,False,
data/training_data/training_data/4586.png,train,False,
data/training_data/training_data/4587.png,train,False,
data/training_data/training_data/4588.png,train,False,
data/training_data/training_data/4589.png,train,False,
data/training_data/training_data/459.png,train,False,
data/training_data/training_data/4590.png,train,False,
data/training_data/training_data/4591.png,train,False,
data/training_data/training_data/4592.png,train,False,
data/training_data/training_data/4593.png,train,False,
data/training_data/training_data/4594.png,train,False,
data/training_data/training_data/4595.png,train,False,
data/training_data/training_data/4596.png,train,False,
data/training_data/training_data/4597.png,train,False,
data/training_data/training_data/4598.png,train,False,
data/training_data/training_data/4599.png,train,False,
data/training_data/training_data/46.png,train,False,
data/training_data/training_data/460.png,train,False,
data/training_data/training_data/4600.png,train,False,
data/training_data/training_data/4601.png,train,False,
data/training_data/training_data/4602.png,train,False,
data/training_data/training_data/4603.png,train,False,
data/training_data/training_data/4604.png,train,False,
data/training_data/training_data/4605.png,train,False,
data/training_data/training_data/4606.png,train,False,
data/training_data/training_data/4607.png,train,False,
data/training_data/training_data/4608.png,train,False,
data/training_data/training_data/4609.png,train,False,
data/training_data/training_data/461.png,train,False,
data/training_data/training_data/4610.png,train,False,
data/training_data/training_data/4611.png,train,False,
data/training_data/training_data/4612.png,train,False,
data/training_data/training_data/4613.png,train,False,
data/training_data/training_data/4614.png,train,False,
data/training_data/training_data/4615.png,train,False,
data/training_data/training_data/4616.png,train,False,
data/training_data/training_data/4617.png,train,False,
data/training_data/training_data/4618.png,train,False,
data/training_data/training_data/4619.png,train,False,
data/training_data/training_data/462.png,train,False,
data/training_data/training_data/4620.png,train,False,
data/training_data/training_data/4621.png,train,False,
data/training_data/training_data/4622.png,train,False,
data/training_data/training_data/4623.png,train,False,
data/training_data/training_data/4624.png,train,False,
data/training_data/training_data/4625.png,train,False,
data/training_data/training_data/4626.png,train,False,
data/training_data/training_data/4627.png,train,False,
data/training_data/training_data/4628.png,train,False,
data/training_data/training_data/4629.png,train,False,
data/training_data/training_data/463.png,train,False,
data/training_data/training_data/4630.png,train,False,
data/training_data/training_data/4631.png,train,False,
data/training_data/training_data/4632.png,train,False,
data/training_data/training_data/4633.png,train,False,
data/training_data/training_data/4634.png,train,False,
data/training_data/training_data/4635.png,train,False,
data/training_data/training_data/4636.png,train,False,
data/training_data/training_data/4637.png,train,False,
data/training_data/training_data/4638.png,train,False,
data/training_data/training_data/4639.png,train,False,
data/training_data/training_data/464.png,train,False,
data/training_data/training_data/4640.png,train,False,
data/training_data/training_data/4641.png,train,False,
data/training_data/training_data/4642.png,train,False,
data/training_data/training_data/4643.png,train,False,
data/training_data/training_data/4644.png,train,False,
data/training_data/training_data/4645.png,train,False,
data/training_data/training_data/4646.png,train,False,
data/training_data/training_data/4647.png,train,False,
data/training_data/training_data/4648.png,train,False,
data/training_data/training_data/4649.png,train,False,
data/training_data/training_data/465.png,train,False,
data/training_data/training_data/4650.png,train,False,
data/training_data/training_data/4651.png,train,False,
data/training_data/training_data/4652.png,train,False,
data/training_data/training_data/4653.png,train,False,
data/training_data/training_data/4654.png,train,False,
data/training_data/training_data/4655.png,train,False,
data/training_data/training_data/4656.png,train,False,
data/training_data/training_data/4657.png,train,False,
data/training_data/training_data/4658.png,train,False,
data/training_data/training_data/4659.png,train,False,
data/training_data/training_data/466.png,train,False,
data/training_data/training_data/4660.png,train,False,
data/training_data/training_data/4661.png,train,False,
data/training_data/training_data/4662.png,train,False,
data/training_data/training_data/4663.png,train,False,
data/training_data/training_data/4665.png,train,False,
data/training_data/training_data/4666.png,train,False,
data/training_data/training_data/4667.png,train,False,
data/training_data/training_data/4668.png,train,False,
data/training_data/training_data/4669.png,train,False,
data/training_data/training_data/467.png,train,False,
data/training_data/training_data/4670.png,train,False,
data/training_data/training_data/4671.png,train,False,
data/training_data/training_data/4672.png,train,False,
data/training_data/training_data/4673.png,train,False,
data/training_data/training_data/4674.png,train,False,
data/training_data/training_data/4675.png,train,False,
data/training_data/training_data/4676.png,train,False,
data/training_data/training_data/4677.png,train,False,
data/training_data/training_data/4678.png,train,False,
data/training_data/training_data/4679.png,train,False,
data/training_data/training_data/468.png,train,False,
data/training_data/training_data/4680.png,train,False,
data/training_data/training_data/4681.png,train,False,
data/training_data/training_data/4682.png,train,False,
data/training_data/training_data/4683.png,train,False,
data/training_data/training_data/4684.png,train,False,
data/training_data/training_data/4685.png,train,False,
data/training_data/training_data/4686.png,train,False,
data/training_data/training_data/4687.png,train,False,
data/training_data/training_data/4688.png,train,False,
data/training_data/training_data/4689.png,train,False,
data/training_data/training_data/469.png,train,False,
data/training_data/training_data/4690.png,train,False,
data/training_data/training_data/4691.png,train,False,
data/training_data/training_data/4692.png,train,False,
data/training_data/training_data/4693.png,train,False,
data/training_data/training_data/4694.png,train,False,
data/training_data/training_data/4695.png,train,False,
data/training_data/training_data/4696.png,train,False,
data/training_data/training_data/4697.png,train,False,
data/training_data/training_data/4698.png,train,False,
data/training_data/training_data/4699.png,train,False,
data/training_data/training_data/47.png,train,False,
data/training_data/training_data/470.png,train,False,
data/training_data/training_data/4700.png,train,False,
data/training_data/training_data/4701.png,train,False,
data/training_data/training_data/4702.png,train,False,
data/training_data/training_data/4703.png,train,False,
data/training_data/training_data/4704.png,train,False,
data/training_data/training_data/4705.png,train,False,
data/training_data/training_data/4706.png,train,False,
data/training_data/training_data/4707.png,train,False,
data/training_data/training_data/4708.png,train,False,
data/training_data/training_data/4709.png,train,False,
data/training_data/training_data/471.png,train,False,
data/training_data/training_data/4710.png,train,False,
data/training_data/training_data/4711.png,train,False,
data/training_data/training_data/4712.png,train,False,
data/training_data/training_data/4713.png,train,False,
data/training_data/training_data/4714.png,train,False,
data/training_data/training_data/4715.png,train,False,
data/training_data/training_data/4716.png,train,False,
data/training_data/training_data/4717.png,train,False,
data/training_data/training_data/4718.png,train,False,
data/training_data/training_data/4719.png,train,False,
data/training_data/training_data/472.png,train,False,
data/training_data/training_data/4720.png,train,False,
data/training_data/training_data/4721.png,train,False,
data/training_data/training_data/4722.png,train,False,
data/training_data/training_data/4723.png,train,False,
data/training_data/training_data/4724.png,train,False,
data/training_data/training_data/4725.png,train,False,
data/training_data/training_data/4726.png,train,False,
data/training_data/training_data/4727.png,train,False,
data/training_data/training_data/4728.png,train,False,
data/training_data/training_data/4729.png,train,False,
data/training_data/training_data/473.png,train,False,
data/training_data/training_data/4730.png,train,False,
data/training_data/training_data/4731.png,train,False,
data/training_data/training_data/4732.png,train,False,
data/training_data/training_data/4733.png,train,False,
data/training_data/training_data/4734.png,train,False,
data/training_data/training_data/4735.png,train,False,
data/training_data/training_data/4736.png,train,False,
data/training_data/training_data/4737.png,train,False,
data/training_data/training_data/4738.png,train,False,
data/training_data/training_data/4739.png,train,False,
data/training_data/training_data/474.png,train,False,
data/training_data/training_data/4740.png,train,False,
data/training_data/training_data/4741.png,train,False,
data/training_data/training_data/4742.png,train,False,
data/training_data/training_data/4743.png,train,False,
data/training_data/training_data/4744.png,train,False,
data/training_data/training_data/4745.png,train,False,
data/training_data/training_data/4746.png,train,False,
data/training_data/training_data/4747.png,train,False,
data/training_data/training_data/4748.png,train,False,
data/training_data/training_data/4749.png,train,False,
data/training_data/training_data/475.png,train,False,
data/training_data/training_data/4750.png,train,False,
data/training_data/training_data/4751.png,train,False,
data/training_data/training_data/4752.png,train,False,
data/training_data/training_data/4753.png,train,False,
data/training_data/training_data/4754.png,train,False,
data/training_data/training_data/4755.png,train,False,
data/training_data/training_data/4756.png,train,False,
data/training_data/training_data/4757.png,train,False,
data/training_data/training_data/4758.png,train,False,
data/training_data/training_data/4759.png,train,False,
data/training_data/training_data/476.png,train,False,
data/training_data/training_data/4760.png,train,False,
data/training_data/training_data/4761.png,train,False,
data/training_data/training_data/4762.png,train,False,
data/training_data/training_data/4763.png,train,False,
data/training_data/training_data/4764.png,train,False,
data/training_data/training_data/4765.png,train,False,
data/training_data/training_data/4766.png,train,False,
data/training_data/training_data/4767.png,train,False,
data/training_data/training_data/4768.png,train,False,
data/training_data/training_data/4769.png,train,False,
data/training_data/training_data/477.png,train,False,
data/training_data/training_data/4770.png,train,False,
data/training_data/training_data/4771.png,train,False,
data/training_data/training_data/4772.png,train,False,
data/training_data/training_data/4773.png,train,False,
data/training_data/training_data/4774.png,train,False,
data/training_data/training_data/4775.png,train,False,
data/training_data/training_data/4776.png,train,False,
data/training_data/training_data/4777.png,train,False,
data/training_data/training_data/4778.png,train,False,
data/training_data/training_data/4779.png,train,False,
data/training_data/training_data/478.png,train,False,
data/training_data/training_data/4780.png,train,False,
data/training_data/training_data/4781.png,train,False,
data/training_data/training_data/4782.png,train,False,
data/training_data/training_data/4783.png,train,False,
data/training_data/training_data/4784.png,train,False,
data/training_data/training_data/4785.png,train,False,
data/training_data/training_data/4786.png,train,False,
data/training_data/training_data/4787.png,train,False,
data/training_data/training_data/4788.png,train,False,
data/training_data/training_data/4789.png,train,False,
data/training_data/training_data/479.png,train,False,
data/training_data/training_data/4790.png,train,False,
data/training_data/training_data/4791.png,train,False,
data/training_data/training_data/4792.png,train,False,
data/training_data/training_data/4793.png,train,False,
data/training_data/training_data/4794.png,train,False,
data/training_data/training_data/4795.png,train,False,
data/training_data/training_data/4796.png,train,False,
data/training_data/training_data/4797.png,train,False,
data/training_data/training_data/4798.png,train,False,
data/training_data/training_data/4799.png,train,False,
data/training_data/training_data/48.png,train,False,
data/training_data/training_data/480.png,train,False,
data/training_data/training_data/4800.png,train,False,
data/training_data/training_data/4801.png,train,False,
data/training_data/training_data/4802.png,train,False,
data/training_data/training_data/4803.png,train,False,
data/training_data/training_data/4804.png,train,False,
data/training_data/training_data/4805.png,train,False,
data/training_data/training_data/4806.png,train,False,
data/training_data/training_data/4807.png,train,False,
data/training_data/training_data/4808.png,train,False,
data/training_data/training_data/4809.png,train,False,
data/training_data/training_data/481.png,train,False,
data/training_data/training_data/4810.png,train,False,
data/training_data/training_data/4811.png,train,False,
data/training_data/training_data/4812.png,train,False,
data/training_data/training_data/4813.png,train,False,
data/training_data/training_data/4814.png,train,False,
data/training_data/training_data/4815.png,train,False,
data/training_data/training_data/4816.png,train,False,
data/training_data/training_data/4817.png,train,False,
data/training_data/training_data/4818.png,train,False,
data/training_data/training_data/4819.png,train,False,
data/training_data/training_data/482.png,train,False,
data/training_data/training_data/4820.png,train,False,
data/training_data/training_data/4821.png,train,False,
data/training_data/training_data/4822.png,train,False,
data/training_data/training_data/4823.png,train,False,
data/training_data/training_data/4824.png,train,False,
data/training_data/training_data/4825.png,train,False,
data/training_data/training_data/4826.png,train,False,
data/training_data/training_data/4827.png,train,False,
data/training_data/training_data/4828.png,train,False,
data/training_data/training_data/4829.png,train,False,
data/training_data/training_data/483.png,train,False,
data/training_data/training_data/4830.png,train,False,
data/training_data/training_data/4831.png,train,False,
data/training_data/training_data/4832.png,train,False,
data/training_data/training_data/4833.png,train,False,
data/training_data/training_data/4834.png,train,False,
data/training_data/training_data/4835.png,train,False,
data/training_data/training_data/4836.png,train,False,
data/training_data/training_data/4837.png,train,False,
data/training_data/training_data/4838.png,train,False,
data/training_data/training_data/4839.png,train,False,
data/training_data/training_data/484.png,train,False,
data/training_data/training_data/4840.png,train,False,
data/training_data/training_data/4841.png,train,False,
data/training_data/training_data/4842.png,train,False,
data/training_data/training_data/4843.png,train,False,
data/training_data/training_data/4844.png,train,False,
data/training_data/training_data/4845.png,train,False,
data/training_data/training_data/4846.png,train,False,
data/training_data/training_data/4847.png,train,False,
data/training_data/training_data/4848.png,train,False,
data/training_data/training_data/4849.png,train,False,
data/training_data/training_data/485.png,train,False,
data/training_data/training_data/4850.png,train,False,
data/training_data/training_data/4851.png,train,False,
data/training_data/training_data/4852.png,train,False,
data/training_data/training_data/4853.png,train,False,
data/training_data/training_data/4854.png,train,False,
data/training_data/training_data/4855.png,train,False,
data/training_data/training_data/4856.png,train,False,
data/training_data/training_data/4857.png,train,False,
data/training_data/training_data/4858.png,train,False,
data/training_data/training_data/4859.png,train,False,
data/training_data/training_data/486.png,train,False,
data/training_data/training_data/4860.png,train,False,
data/training_data/training_data/4861.png,train,False,
data/training_data/training_data/4862.png,train,False,
data/training_data/training_data/4863.png,train,False,
data/training_data/training_data/4864.png,train,False,
data/training_data/training_data/4865.png,train,False,
data/training_data/training_data/4866.png,train,False,
data/training_data/training_data/4867.png,train,False,
data/training_data/training_data/4868.png,train,False,
data/training_data/training_data/4869.png,train,False,
data/training_data/training_data/487.png,train,False,
data/training_data/training_data/4870.png,train,False,
data/training_data/training_data/4871.png,train,False,
data/training_data/training_data/4872.png,train,False,
data/training_data/training_data/4873.png,train,False,
data/training_data/training_data/4874.png,train,False,
data/training_data/training_data/4875.png,train,False,
data/training_data/training_data/4876.png,train,False,
data/training_data/training_data/4877.png,train,False,
data/training_data/training_data/4878.png,train,False,
data/training_data/training_data/4879.png,train,False,
data/training_data/training_data/488.png,train,False,
data/training_data/training_data/4880.png,train,False,
data/training_data/training_data/4881.png,train,False,
data/training_data/training_data/4882.png,train,False,
data/training_data/training_data/4883.png,train,False,
data/training_data/training_data/4884.png,train,False,
data/training_data/training_data/4885.png,train,False,
data/training_data/training_data/4886.png,train,False,
data/training_data/training_data/4887.png,train,False,
data/training_data/training_data/4888.png,train,False,
data/training_data/training_data/4889.png,train,False,
data/training_data/training_data/489.png,train,False,
data/training_data/training_data/4890.png,train,False,
data/training_data/training_data/4891.png,train,False,
data/training_data/training_data/4892.png,train,False,
data/training_data/training_data/4893.png,train,False,
data/training_data/training_data/4894.png,train,False,
data/training_data/training_data/4895.png,train,False,
data/training_data/training_data/4896.png,train,False,
data/training_data/training_data/4897.png,train,False,
data/training_data/training_data/4898.png,train,False,
data/training_data/training_data/4899.png,train,False,
data/training_data/training_data/49.png,train,False,
data/training_data/training_data/490.png,train,False,
data/training_data/training_data/4900.png,train,False,
data/training_data/training_data/4901.png,train,False,
data/training_data/training_data/4902.png,train,False,
data/training_data/training_data/4903.png,train,False,
data/training_data/training_data/4904.png,train,False,
data/training_data/training_data/4905.png,train,False,
data/training_data/training_data/4906.png,train,False,
data/training_data/training_data/4907.png,train,False,
data/training_data/training_data/4908.png,train,False,
data/training_data/training_data/4909.png,train,False,
data/training_data/training_data/491.png,train,False,
data/training_data/training_data/4910.png,train,False,
data/training_data/training_data/4911.png,train,False,
data/training_data/training_data/4912.png,train,False,
data/training_data/training_data/4913.png,train,False,
data/training_data/training_data/4914.png,train,False,
data/training_data/training_data/4915.png,train,False,
data/training_data/training_data/4916.png,train,False,
data/training_data/training_data/4917.png,train,False,
data/training_data/training_data/4918.png,train,False,
data/training_data/training_data/4919.png,train,False,
data/training_data/training_data/492.png,train,False,
data/training_data/training_data/4920.png,train,False,
data/training_data/training_data/4921.png,train,False,
data/training_data/training_data/4922.png,train,False,
data/training_data/training_data/4923.png,train,False,
data/training_data/training_data/4924.png,train,False,
data/training_data/training_data/4925.png,train,False,
data/training_data/training_data/4926.png,train,False,
data/training_data/training_data/4927.png,train,False,
data/training_data/training_data/4928.png,train,False,
data/training_data/training_data/4929.png,train,False,
data/training_data/training_data/493.png,train,False,
data/training_data/training_data/4930.png,train,False,
data/training_data/training_data/4931.png,train,False,
data/training_data/training_data/4932.png,train,False,
data/training_data/training_data/4933.png,train,False,
data/training_data/training_data/4934.png,train,False,
data/training_data/training_data/4935.png,train,False,
data/training_data/training_data/4936.png,train,False,
data/training_data/training_data/4937.png,train,False,
data/training_data/training_data/4938.png,train,False,
data/training_data/training_data/4939.png,train,False,
data/training_data/training_data/494.png,train,False,
data/training_data/training_data/4940.png,train,False,
data/training_data/training_data/4941.png,train,False,
data/training_data/training_data/4942.png,train,False,
data/training_data/training_data/4943.png,train,False,
data/training_data/training_data/4944.png,train,False,
data/training_data/training_data/4945.png,train,False,
data/training_data/training_data/4946.png,train,False,
data/training_data/training_data/4947.png,train,False,
data/training_data/training_data/4948.png,train,False,
data/training_data/training_data/4949.png,train,False,
data/training_data/training_data/495.png,train,False,
data/training_data/training_data/4950.png,train,False,
data/training_data/training_data/4951.png,train,False,
data/training_data/training_data/4952.png,train,False,
data/training_data/training_data/4953.png,train,False,
data/training_data/training_data/4954.png,train,False,
data/training_data/training_data/4955.png,train,False,
data/training_data/training_data/4956.png,train,False,
data/training_data/training_data/4957.png,train,False,
data/training_data/training_data/4958.png,train,False,
data/training_data/training_data/4959.png,train,False,
data/training_data/training_data/496.png,train,False,
data/training_data/training_data/4960.png,train,False,
data/training_data/training_data/4961.png,train,False,
data/training_data/training_data/4962.png,train,False,
data/training_data/training_data/4963.png,train,False,
data/training_data/training_data/4964.png,train,False,
data/training_data/training_data/4965.png,train,False,
data/training_data/training_data/4966.png,train,False,
data/training_data/training_data/4967.png,train,False,
data/training_data/training_data/4968.png,train,False,
data/training_data/training_data/4969.png,train,False,
data/training_data/training_data/497.png,train,False,
data/training_data/training_data/4970.png,train,False,
data/training_data/training_data/4971.png,train,False,
data/training_data/training_data/4972.png,train,False,
data/training_data/training_data/4973.png,train,False,
data/training_data/training_data/4974.png,train,False,
data/training_data/training_data/4975.png,train,False,
data/training_data/training_data/4976.png,train,False,
data/training_data/training_data/4977.png,train,False,
data/training_data/training_data/4978.png,train,False,
data/training_data/training_data/4979.png,train,False,
data/training_data/training_data/498.png,train,False,
data/training_data/training_data/4980.png,train,False,
data/training_data/training_data/4981.png,train,False,
data/training_data/training_data/4982.png,train,False,
data/training_data/training_data/4983.png,train,False,
data/training_data/training_data/4984.png,train,False,
data/training_data/training_data/4985.png,train,False,
data/training_data/training_data/4986.png,train,False,
data/training_data/training_data/4987.png,train,False,
data/training_data/training_data/4988.png,train,False,
data/training_data/training_data/4989.png,train,False,
data/training_data/training_data/499.png,train,False,
data/training_data/training_data/4990.png,train,False,
data/training_data/training_data/4991.png,train,False,
data/training_data/training_data/4992.png,train,False,
data/training_data/training_data/4993.png,train,False,
data/training_data/training_data/4994.png,train,False,
data/training_data/training_data/4995.png,train,False,
data/training_data/training_data/4996.png,train,False,
data/training_data/training_data/4997.png,train,False,
data/training_data/training_data/4998.png,train,False,
data/training_data/training_data/4999.png,train,False,
data/training_data/training_data/5.png,train,False,
data/training_data/training_data/50.png,train,False,
data/training_data/training_data/500.png,train,False,
data/training_data/training_data/5000.png,train,False,
data/training_data/training_data/5001.png,train,False,
data/training_data/training_data/5002.png,train,False,
data/training_data/training_data/5003.png,train,False,
data/training_data/training_data/5004.png,train,False,
data/training_data/training_data/5005.png,train,False,
data/training_data/training_data/5006.png,train,False,
data/training_data/training_data/5007.png,train,False,
data/training_data/training_data/5008.png,train,False,
data/training_data/training_data/5009.png,train,False,
data/training_data/training_data/501.png,train,False,
data/training_data/training_data/5010.png,train,False,
data/training_data/training_data/5011.png,train,False,
data/training_data/training_data/5012.png,train,False,
data/training_data/training_data/5013.png,train,False,
data/training_data/training_data/5014.png,train,False,
data/training_data/training_data/5015.png,train,False,
data/training_data/training_data/5016.png,train,False,
data/training_data/training_data/5017.png,train,False,
data/training_data/training_data/5018.png,train,False,
data/training_data/training_data/5019.png,train,False,
data/training_data/training_data/502.png,train,False,
data/training_data/training_data/5020.png,train,False,
data/training_data/training_data/5021.png,train,False,
data/training_data/training_data/5022.png,train,False,
data/training_data/training_data/5023.png,train,False,
data/training_data/training_data/5024.png,train,False,
data/training_data/training_data/5025.png,train,False,
data/training_data/training_data/5026.png,train,False,
data/training_data/training_data/5027.png,train,False,
data/training_data/training_data/5028.png,train,False,
data/training_data/training_data/5029.png,train,False,
data/training_data/training_data/503.png,train,False,
data/training_data/training_data/5030.png,train,False,
data/training_data/training_data/5031.png,train,False,
data/training_data/training_data/5032.png,train,False,
data/training_data/training_data/5033.png,train,False,
data/training_data/training_data/5034.png,train,False,
data/training_data/training_data/5035.png,train,False,
data/training_data/training_data/5036.png,train,False,
data/training_data/training_data/5037.png,train,False,
data/training_data/training_data/5038.png,train,False,
data/training_data/training_data/5039.png,train,False,
data/training_data/training_data/504.png,train,False,
data/training_data/training_data/5040.png,train,False,
data/training_data/training_data/5041.png,train,False,
data/training_data/training_data/5042.png,train,False,
data/training_data/training_data/5043.png,train,False,
data/training_data/training_data/5044.png,train,False,
data/training_data/training_data/5045.png,train,False,
data/training_data/training_data/5046.png,train,False,
data/training_data/training_data/5047.png,train,False,
data/training_data/training_data/5048.png,train,False,
data/training_data/training_data/5049.png,train,False,
data/training_data/training_data/505.png,train,False,
data/training_data/training_data/5050.png,train,False,
data/training_data/training_data/5051.png,train,False,
data/training_data/training_data/5052.png,train,False,
data/training_data/training_data/5053.png,train,False,
data/training_data/training_data/5054.png,train,False,
data/training_data/training_data/5055.png,train,False,
data/training_data/training_data/5056.png,train,False,
data/training_data/training_data/5057.png,train,False,
data/training_data/training_data/5058.png,train,False,
data/training_data/training_data/5059.png,train,False,
data/training_data/training_data/506.png,train,False,
data/training_data/training_data/5060.png,train,False,
data/training_data/training_data/5061.png,train,False,
data/training_data/training_data/5062.png,train,False,
data/training_data/training_data/5063.png,train,False,
data/training_data/training_data/5064.png,train,False,
data/training_data/training_data/5065.png,train,False,
data/training_data/training_data/5066.png,train,False,
data/training_data/training_data/5067.png,train,False,
data/training_data/training_data/5068.png,train,False,
data/training_data/training_data/5069.png,train,False,
data/training_data/training_data/507.png,train,False,
data/training_data/training_data/5070.png,train,False,
data/training_data/training_data/5071.png,train,False,
data/training_data/training_data/5072.png,train,False,
data/training_data/training_data/5073.png,train,False,
data/training_data/training_data/5074.png,train,False,
data/training_data/training_data/5075.png,train,False,
data/training_data/training_data/5076.png,train,False,
data/training_data/training_data/5077.png,train,False,
data/training_data/training_data/5078.png,train,False,
data/training_data/training_data/5079.png,train,False,
data/training_data/training_data/508.png,train,False,
data/training_data/training_data/5080.png,train,False,
data/training_data/training_data/5081.png,train,False,
data/training_data/training_data/5082.png,train,False,
data/training_data/training_data/5083.png,train,False,
data/training_data/training_data/5084.png,train,False,
data/training_data/training_data/5085.png,train,False,
data/training_data/training_data/5086.png,train,False,
data/training_data/training_data/5087.png,train,False,
data/training_data/training_data/5088.png,train,False,
data/training_data/training_data/5089.png,train,False,
data/training_data/training_data/509.png,train,False,
data/training_data/training_data/5090.png,train,False,
data/training_data/training_data/5091.png,train,False,
data/training_data/training_data/5092.png,train,False,
data/training_data/training_data/5093.png,train,False,
data/training_data/training_data/5094.png,train,False,
data/training_data/training_data/5095.png,train,False,
data/training_data/training_data/5096.png,train,False,
data/training_data/training_data/5097.png,train,False,
data/training_data/training_data/5098.png,train,False,
data/training_data/training_data/5099.png,train,False,
data/training_data/training_data/51.png,train,False,
data/training_data/training_data/510.png,train,False,
data/training_data/training_data/5100.png,train,False,
data/training_data/training_data/5101.png,train,False,
data/training_data/training_data/5102.png,train,False,
data/training_data/training_data/5103.png,train,False,
data/training_data/training_data/5104.png,train,False,
data/training_data/training_data/5105.png,train,False,
data/training_data/training_data/5106.png,train,False,
data/training_data/training_data/5107.png,train,False,
data/training_data/training_data/5108.png,train,False,
data/training_data/training_data/5109.png,train,False,
data/training_data/training_data/511.png,train,False,
data/training_data/training_data/5110.png,train,False,
data/training_data/training_data/5111.png,train,False,
data/training_data/training_data/5112.png,train,False,
data/training_data/training_data/5113.png,train,False,
data/training_data/training_data/5114.png,train,False,
data/training_data/training_data/5115.png,train,False,
data/training_data/training_data/5116.png,train,False,
data/training_data/training_data/5117.png,train,False,
data/training_data/training_data/5118.png,train,False,
data/training_data/training_data/5119.png,train,False,
data/training_data/training_data/512.png,train,False,
data/training_data/training_data/5120.png,train,False,
data/training_data/training_data/5121.png,train,False,
data/training_data/training_data/5122.png,train,False,
data/training_data/training_data/5123.png,train,False,
data/training_data/training_data/5124.png,train,False,
data/training_data/training_data/5125.png,train,False,
data/training_data/training_data/5126.png,train,False,
data/training_data/training_data/5127.png,train,False,
data/training_data/training_data/5128.png,train,False,
data/training_data/training_data/5129.png,train,False,
data/training_data/training_data/513.png,train,False,
data/training_data/training_data/5130.png,train,False,
data/training_data/training_data/5131.png,train,False,
data/training_data/training_data/5132.png,train,False,
data/training_data/training_data/5133.png,train,False,
data/training_data/training_data/5134.png,train,False,
data/training_data/training_data/5135.png,train,False,
data/training_data/training_data/5136.png,train,False,
data/training_data/training_data/5137.png,train,False,
data/training_data/training_data/5138.png,train,False,
data/training_data/training_data/5139.png,train,False,
data/training_data/training_data/514.png,train,False,
data/training_data/training_data/5140.png,train,False,
data/training_data/training_data/5141.png,train,False,
data/training_data/training_data/5142.png,train,False,
data/training_data/training_data/5143.png,train,False,
data/training_data/training_data/5144.png,train,False,
data/training_data/training_data/5145.png,train,False,
data/training_data/training_data/5146.png,train,False,
data/training_data/training_data/5147.png,train,False,
data/training_data/training_data/5148.png,train,False,
data/training_data/training_data/5149.png,train,False,
data/training_data/training_data/515.png,train,False,
data/training_data/training_data/5150.png,train,False,
data/training_data/training_data/5151.png,train,False,
data/training_data/training_data/5152.png,train,False,
data/training_data/training_data/5153.png,train,False,
data/training_data/training_data/5154.png,train,False,
data/training_data/training_data/5155.png,train,False,
data/training_data/training_data/5156.png,train,False,
data/training_data/training_data/5157.png,train,False,
data/training_data/training_data/5158.png,train,False,
data/training_data/training_data/5159.png,train,False,
data/training_data/training_data/516.png,train,False,
data/training_data/training_data/5160.png,train,False,
data/training_data/training_data/5161.png,train,False,
data/training_data/training_data/5162.png,train,False,
data/training_data/training_data/5163.png,train,False,
data/training_data/training_data/5164.png,train,False,
data/training_data/training_data/5165.png,train,False,
data/training_data/training_data/5166.png,train,False,
data/training_data/training_data/5167.png,train,False,
data/training_data/training_data/5168.png,train,False,
data/training_data/training_data/5169.png,train,False,
data/training_data/training_data/517.png,train,False,
data/training_data/training_data/5170.png,train,False,
data/training_data/training_data/5171.png,train,False,
data/training_data/training_data/5172.png,train,False,
data/training_data/training_data/5173.png,train,False,
data/training_data/training_data/5174.png,train,False,
data/training_data/training_data/5175.png,train,False,
data/training_data/training_data/5176.png,train,False,
data/training_data/training_data/5177.png,train,False,
data/training_data/training_data/5178.png,train,False,
data/training_data/training_data/5179.png,train,False,
data/training_data/training_data/518.png,train,False,
data/training_data/training_data/5180.png,train,False,
data/training_data/training_data/5181.png,train,False,
data/training_data/training_data/5182.png,train,False,
data/training_data/training_data/5183.png,train,False,
data/training_data/training_data/5184.png,train,False,
data/training_data/training_data/5185.png,train,False,
data/training_data/training_data/5186.png,train,False,
data/training_data/training_data/5187.png,train,False,
data/training_data/training_data/5188.png,train,False,
data/training_data/training_data/5189.png,train,False,
data/training_data/training_data/519.png,train,False,
data/training_data/training_data/5190.png,train,False,
data/training_data/training_data/5191.png,train,False,
data/training_data/training_data/5192.png,train,False,
data/training_data/training_data/5193.png,train,False,
data/training_data/training_data/5194.png,train,False,
data/training_data/training_data/5195.png,train,False,
data/training_data/training_data/5196.png,train,False,
data/training_data/training_data/5197.png,train,False,
data/training_data/training_data/5198.png,train,False,
data/training_data/training_data/5199.png,train,False,
data/training_data/training_data/52.png,train,False,
data/training_data/training_data/520.png,train,False,
data/training_data/training_data/5200.png,train,False,
data/training_data/training_data/5201.png,train,False,
data/training_data/training_data/5202.png,train,False,
data/training_data/training_data/5203.png,train,False,
data/training_data/training_data/5204.png,train,False,
data/training_data/training_data/5205.png,train,False,
data/training_data/training_data/5206.png,train,False,
data/training_data/training_data/5207.png,train,False,
data/training_data/training_data/5208.png,train,False,
data/training_data/training_data/5209.png,train,False,
data/training_data/training_data/521.png,train,False,
data/training_data/training_data/5210.png,train,False,
data/training_data/training_data/5211.png,train,False,
data/training_data/training_data/5212.png,train,False,
data/training_data/training_data/5213.png,train,False,
data/training_data/training_data/5214.png,train,False,
data/training_data/training_data/5215.png,train,False,
data/training_data/training_data/5216.png,train,False,
data/training_data/training_data/5217.png,train,False,
data/training_data/training_data/5218.png,train,False,
data/training_data/training_data/5219.png,train,False,
data/training_data/training_data/522.png,train,False,
data/training_data/training_data/5220.png,train,False,
data/training_data/training_data/5221.png,train,False,
data/training_data/training_data/5222.png,train,False,
data/training_data/training_data/5223.png,train,False,
data/training_data/training_data/5224.png,train,False,
data/training_data/training_data/5225.png,train,False,
data/training_data/training_data/5226.png,train,False,
data/training_data/training_data/5227.png,train,False,
data/training_data/training_data/5228.png,train,False,
data/training_data/training_data/5229.png,train,False,
data/training_data/training_data/523.png,train,False,
data/training_data/training_data/5230.png,train,False,
data/training_data/training_data/5231.png,train,False,
data/training_data/training_data/5232.png,train,False,
data/training_data/training_data/5233.png,train,False,
data/training_data/training_data/5234.png,train,False,
data/training_data/training_data/5235.png,train,False,
data/training_data/training_data/5236.png,train,False,
data/training_data/training_data/5237.png,train,False,
data/training_data/training_data/5238.png,train,False,
data/training_data/training_data/5239.png,train,False,
data/training_data/training_data/524.png,train,False,
data/training_data/training_data/5240.png,train,False,
data/training_data/training_data/5241.png,train,False,
data/training_data/training_data/5242.png,train,False,
data/training_data/training_data/5243.png,train,False,
data/training_data/training_data/5244.png,train,False,
data/training_data/training_data/5245.png,train,False,
data/training_data/training_data/5246.png,train,False,
data/training_data/training_data/5247.png,train,False,
data/training_data/training_data/5248.png,train,False,
data/training_data/training_data/5249.png,train,False,
data/training_data/training_data/525.png,train,False,
data/training_data/training_data/5250.png,train,False,
data/training_data/training_data/5251.png,train,False,
data/training_data/training_data/5252.png,train,False,
data/training_data/training_data/5253.png,train,False,
data/training_data/training_data/5254.png,train,False,
data/training_data/training_data/5255.png,train,False,
data/training_data/training_data/5256.png,train,False,
data/training_data/training_data/5257.png,train,False,
data/training_data/training_data/5258.png,train,False,
data/training_data/training_data/5259.png,train,False,
data/training_data/training_data/526.png,train,False,
data/training_data/training_data/5260.png,train,False,
data/training_data/training_data/5261.png,train,False,
data/training_data/training_data/5262.png,train,False,
data/training_data/training_data/5263.png,train,False,
data/training_data/training_data/5264.png,train,False,
data/training_data/training_data/5265.png,train,False,
data/training_data/training_data/5266.png,train,False,
data/training_data/training_data/5267.png,train,False,
data/training_data/training_data/5268.png,train,False,
data/training_data/training_data/5269.png,train,False,
data/training_data/training_data/527.png,train,False,
data/training_data/training_data/5270.png,train,False,
data/training_data/training_data/5271.png,train,False,
data/training_data/training_data/5272.png,train,False,
data/training_data/training_data/5273.png,train,False,
data/training_data/training_data/5274.png,train,False,
data/training_data/training_data/5275.png,train,False,
data/training_data/training_data/5276.png,train,False,
data/training_data/training_data/5277.png,train,False,
data/training_data/training_data/5278.png,train,False,
data/training_data/training_data/5279.png,train,False,
data/training_data/training_data/528.png,train,False,
data/training_data/training_data/5280.png,train,False,
data/training_data/training_data/5281.png,train,False,
data/training_data/training_data/5282.png,train,False,
data/training_data/training_data/5283.png,train,False,
data/training_data/training_data/5284.png,train,False,
data/training_data/training_data/5285.png,train,False,
data/training_data/training_data/5286.png,train,False,
data/training_data/training_data/5287.png,train,False,
data/training_data/training_data/5288.png,train,False,
data/training_data/training_data/5289.png,train,False,
data/training_data/training_data/529.png,train,False,
data/training_data/training_data/5290.png,train,False,
data/training_data/training_data/5291.png,train,False,
data/training_data/training_data/5292.png,train,False,
data/training_data/training_data/5293.png,train,False,
data/training_data/training_data/5294.png,train,False,
data/training_data/training_data/5295.png,train,False,
data/training_data/training_data/5296.png,train,False,
data/training_data/training_data/5297.png,train,False,
data/training_data/training_data/5298.png,train,False,
data/training_data/training_data/5299.png,train,False,
data/training_data/training_data/53.png,train,False,
data/training_data/training_data/530.png,train,False,
data/training_data/training_data/5300.png,train,False,
data/training_data/training_data/5301.png,train,False,
data/training_data/training_data/5302.png,train,False,
data/training_data/training_data/5303.png,train,False,
data/training_data/training_data/5304.png,train,False,
data/training_data/training_data/5305.png,train,False,
data/training_data/training_data/5306.png,train,False,
data/training_data/training_data/5307.png,train,False,
data/training_data/training_data/5308.png,train,False,
data/training_data/training_data/5309.png,train,False,
data/training_data/training_data/531.png,train,False,
data/training_data/training_data/5310.png,train,False,
data/training_data/training_data/5311.png,train,False,
data/training_data/training_data/5312.png,train,False,
data/training_data/training_data/5313.png,train,False,
data/training_data/training_data/5314.png,train,False,
data/training_data/training_data/5315.png,train,False,
data/training_data/training_data/5316.png,train,False,
data/training_data/training_data/5317.png,train,False,
data/training_data/training_data/5318.png,train,False,
data/training_data/training_data/5319.png,train,False,
data/training_data/training_data/532.png,train,False,
data/training_data/training_data/5320.png,train,False,
data/training_data/training_data/5321.png,train,False,
data/training_data/training_data/5322.png,train,False,
data/training_data/training_data/5323.png,train,False,
data/training_data/training_data/5324.png,train,False,
data/training_data/training_data/5325.png,train,False,
data/training_data/training_data/5326.png,train,False,
data/training_data/training_data/5327.png,train,False,
data/training_data/training_data/5328.png,train,False,
data/training_data/training_data/5329.png,train,False,
data/training_data/training_data/533.png,train,False,
data/training_data/training_data/5330.png,train,False,
data/training_data/training_data/5331.png,train,False,
data/training_data/training_data/5332.png,train,False,
data/training_data/training_data/5333.png,train,False,
data/training_data/training_data/5334.png,train,False,
data/training_data/training_data/5335.png,train,False,
data/training_data/training_data/5336.png,train,False,
data/training_data/training_data/5337.png,train,False,
data/training_data/training_data/5338.png,train,False,
data/training_data/training_data/5339.png,train,False,
data/training_data/training_data/534.png,train,False,
data/training_data/training_data/5340.png,train,False,
data/training_data/training_data/5341.png,train,False,
data/training_data/training_data/5342.png,train,False,
data/training_data/training_data/5343.png,train,False,
data/training_data/training_data/5344.png,train,False,
data/training_data/training_data/5345.png,train,False,
data/training_data/training_data/5346.png,train,False,
data/training_data/training_data/5347.png,train,False,
data/training_data/training_data/5348.png,train,False,
data/training_data/training_data/5349.png,train,False,
data/training_data/training_data/535.png,train,False,
data/training_data/training_data/5350.png,train,False,
data/training_data/training_data/5351.png,train,False,
data/training_data/training_data/5352.png,train,False,
data/training_data/training_data/5353.png,train,False,
data/training_data/training_data/5354.png,train,False,
data/training_data/training_data/5355.png,train,False,
data/training_data/training_data/5356.png,train,False,
data/training_data/training_data/5357.png,train,False,
data/training_data/training_data/5358.png,train,False,
data/training_data/training_data/5359.png,train,False,
data/training_data/training_data/536.png,train,False,
data/training_data/training_data/5360.png,train,False,
data/training_data/training_data/5361.png,train,False,
data/training_data/training_data/5362.png,train,False,
data/training_data/training_data/5363.png,train,False,
data/training_data/training_data/5364.png,train,False,
data/training_data/training_data/5365.png,train,False,
data/training_data/training_data/5366.png,train,False,
data/training_data/training_data/5367.png,train,False,
data/training_data/training_data/5368.png,train,False,
data/training_data/training_data/5369.png,train,False,
data/training_data/training_data/537.png,train,False,
data/training_data/training_data/5370.png,train,False,
data/training_data/training_data/5371.png,train,False,
data/training_data/training_data/5372.png,train,False,
data/training_data/training_data/5373.png,train,False,
data/training_data/training_data/5374.png,train,False,
data/training_data/training_data/5375.png,train,False,
data/training_data/training_data/5376.png,train,False,
data/training_data/training_data/5377.png,train,False,
data/training_data/training_data/5378.png,train,False,
data/training_data/training_data/5379.png,train,False,
data/training_data/training_data/538.png,train,False,
data/training_data/training_data/5380.png,train,False,
data/training_data/training_data/5381.png,train,False,
data/training_data/training_data/5382.png,train,False,
data/training_data/training_data/5383.png,train,False,
data/training_data/training_data/5384.png,train,False,
data/training_data/training_data/5385.png,train,False,
data/training_data/training_data/5386.png,train,False,
data/training_data/training_data/5387.png,train,False,
data/training_data/training_data/5388.png,train,False,
data/training_data/training_data/5389.png,train,False,
data/training_data/training_data/539.png,train,False,
data/training_data/training_data/5390.png,train,False,
data/training_data/training_data/5391.png,train,False,
data/training_data/training_data/5392.png,train,False,
data/training_data/training_data/5393.png,train,False,
data/training_data/training_data/5394.png,train,False,
data/training_data/training_data/5395.png,train,False,
data/training_data/training_data/5396.png,train,False,
data/training_data/training_data/5397.png,train,False,
data/training_data/training_data/5398.png,train,False,
data/training_data/training_data/5399.png,train,False,
data/training_data/training_data/54.png,train,False,
data/training_data/training_data/540.png,train,False,
data/training_data/training_data/5400.png,train,False,
data/training_data/training_data/5401.png,train,False,
data/training_data/training_data/5402.png,train,False,
data/training_data/training_data/5403.png,train,False,
data/training_data/training_data/5404.png,train,False,
data/training_data/training_data/5405.png,train,False,
data/training_data/training_data/5406.png,train,False,
data/training_data/training_data/5407.png,train,False,
data/training_data/training_data/5408.png,train,False,
data/training_data/training_data/5409.png,train,False,
data/training_data/training_data/541.png,train,False,
data/training_data/training_data/5410.png,train,False,
data/training_data/training_data/5411.png,train,False,
data/training_data/training_data/5412.png,train,False,
data/training_data/training_data/5413.png,train,False,
data/training_data/training_data/5414.png,train,False,
data/training_data/training_data/5415.png,train,False,
data/training_data/training_data/5416.png,train,False,
data/training_data/training_data/5417.png,train,False,
data/training_data/training_data/5418.png,train,False,
data/training_data/training_data/5419.png,train,False,
data/training_data/training_data/542.png,train,False,
data/training_data/training_data/5420.png,train,False,
data/training_data/training_data/5421.png,train,False,
data/training_data/training_data/5422.png,train,False,
data/training_data/training_data/5423.png,train,False,
data/training_data/training_data/5424.png,train,False,
data/training_data/training_data/5425.png,train,False,
data/training_data/training_data/5426.png,train,False,
data/training_data/training_data/5427.png,train,False,
data/training_data/training_data/5428.png,train,False,
data/training_data/training_data/5429.png,train,False,
data/training_data/training_data/543.png,train,False,
data/training_data/training_data/5430.png,train,False,
data/training_data/training_data/5431.png,train,False,
data/training_data/training_data/5432.png,train,False,
data/training_data/training_data/5433.png,train,False,
data/training_data/training_data/5434.png,train,False,
data/training_data/training_data/5435.png,train,False,
data/training_data/training_data/5436.png,train,False,
data/training_data/training_data/5437.png,train,False,
data/training_data/training_data/5438.png,train,False,
data/training_data/training_data/5439.png,train,False,
data/training_data/training_data/544.png,train,False,
data/training_data/training_data/5440.png,train,False,
data/training_data/training_data/5441.png,train,False,
data/training_data/training_data/5442.png,train,False,
data/training_data/training_data/5443.png,train,False,
data/training_data/training_data/5444.png,train,False,
data/training_data/training_data/5445.png,train,False,
data/training_data/training_data/5446.png,train,False,
data/training_data/training_data/5447.png,train,False,
data/training_data/training_data/5448.png,train,False,
data/training_data/training_data/5449.png,train,False,
data/training_data/training_data/545.png,train,False,
data/training_data/training_data/5450.png,train,False,
data/training_data/training_data/5451.png,train,False,
data/training_data/training_data/5452.png,train,False,
data/training_data/training_data/5453.png,train,False,
data/training_data/training_data/5454.png,train,False,
data/training_data/training_data/5455.png,train,False,
data/training_data/training_data/5456.png,train,False,
data/training_data/training_data/5457.png,train,False,
data/training_data/training_data/5458.png,train,False,
data/training_data/training_data/5459.png,train,False,
data/training_data/training_data/546.png,train,False,
data/training_data/training_data/5460.png,train,False,
data/training_data/training_data/5461.png,train,False,
data/training_data/training_data/5462.png,train,False,
data/training_data/training_data/5463.png,train,False,
data/training_data/training_data/5464.png,train,False,
data/training_data/training_data/5465.png,train,False,
data/training_data/training_data/5466.png,train,False,
data/training_data/training_data/5467.png,train,False,
data/training_data/training_data/5468.png,train,False,
data/training_data/training_data/5469.png,train,False,
data/training_data/training_data/547.png,train,False,
data/training_data/training_data/5470.png,train,False,
data/training_data/training_data/5471.png,train,False,
data/training_data/training_data/5472.png,train,False,
data/training_data/training_data/5473.png,train,False,
data/training_data/training_data/5474.png,train,False,
data/training_data/training_data/5475.png,train,False,
data/training_data/training_data/5476.png,train,False,
data/training_data/training_data/5477.png,train,False,
data/training_data/training_data/5478.png,train,False,
data/training_data/training_data/5479.png,train,False,
data/training_data/training_data/548.png,train,False,
data/training_data/training_data/5480.png,train,False,
data/training_data/training_data/5481.png,train,False,
data/training_data/training_data/5482.png,train,False,
data/training_data/training_data/5483.png,train,False,
data/training_data/training_data/5484.png,train,False,
data/training_data/training_data/5485.png,train,False,
data/training_data/training_data/5486.png,train,False,
data/training_data/training_data/5487.png,train,False,
data/training_data/training_data/5488.png,train,False,
data/training_data/training_data/5489.png,train,False,
data/training_data/training_data/549.png,train,False,
data/training_data/training_data/5490.png,train,False,
data/training_data/training_data/5491.png,train,False,
data/training_data/training_data/5492.png,train,False,
data/training_data/training_data/5493.png,train,False,
data/training_data/training_data/5494.png,train,False,
data/training_data/training_data/5495.png,train,False,
data/training_data/training_data/5496.png,train,False,
data/training_data/training_data/5497.png,train,False,
data/training_data/training_data/5498.png,train,False,
data/training_data/training_data/5499.png,train,False,
data/training_data/training_data/55.png,train,False,
data/training_data/training_data/550.png,train,False,
data/training_data/training_data/5500.png,train,False,
data/training_data/training_data/5501.png,train,False,
data/training_data/training_data/5502.png,train,False,
data/training_data/training_data/5503.png,train,False,
data/training_data/training_data/5504.png,train,False,
data/training_data/training_data/5505.png,train,False,
data/training_data/training_data/5506.png,train,False,
data/training_data/training_data/5507.png,train,False,
data/training_data/training_data/5508.png,train,False,
data/training_data/training_data/5509.png,train,False,
data/training_data/training_data/551.png,train,False,
data/training_data/training_data/5510.png,train,False,
data/training_data/training_data/5511.png,train,False,
data/training_data/training_data/5512.png,train,False,
data/training_data/training_data/5513.png,train,False,
data/training_data/training_data/5514.png,train,False,
data/training_data/training_data/5515.png,train,False,
data/training_data/training_data/5516.png,train,False,
data/training_data/training_data/5517.png,train,False,
data/training_data/training_data/5518.png,train,False,
data/training_data/training_data/5519.png,train,False,
data/training_data/training_data/552.png,train,False,
data/training_data/training_data/5520.png,train,False,
data/training_data/training_data/5521.png,train,False,
data/training_data/training_data/5522.png,train,False,
data/training_data/training_data/5523.png,train,False,
data/training_data/training_data/5524.png,train,False,
data/training_data/training_data/5525.png,train,False,
data/training_data/training_data/5526.png,train,False,
data/training_data/training_data/5527.png,train,False,
data/training_data/training_data/5528.png,train,False,
data/training_data/training_data/5529.png,train,False,
data/training_data/training_data/553.png,train,False,
data/training_data/training_data/5530.png,train,False,
data/training_data/training_data/5531.png,train,False,
data/training_data/training_data/5532.png,train,False,
data/training_data/training_data/5533.png,train,False,
data/training_data/training_data/5534.png,train,False,
data/training_data/training_data/5535.png,train,False,
data/training_data/training_data/5536.png,train,False,
data/training_data/training_data/5537.png,train,False,
data/training_data/training_data/5538.png,train,False,
data/training_data/training_data/5539.png,train,False,
data/training_data/training_data/554.png,train,False,
data/training_data/training_data/5540.png,train,False,
data/training_data/training_data/5541.png,train,False,
data/training_data/training_data/5542.png,train,False,
data/training_data/training_data/5543.png,train,False,
data/training_data/training_data/5544.png,train,False,
data/training_data/training_data/5545.png,train,False,
data/training_data/training_data/5546.png,train,False,
data/training_data/training_data/5547.png,train,False,
data/training_data/training_data/5548.png,train,False,
data/training_data/training_data/5549.png,train,False,
data/training_data/training_data/555.png,train,False,
data/training_data/training_data/5550.png,train,False,
data/training_data/training_data/5551.png,train,False,
data/training_data/training_data/5552.png,train,False,
data/training_data/training_data/5553.png,train,False,
data/training_data/training_data/5554.png,train,False,
data/training_data/training_data/5555.png,train,False,
data/training_data/training_data/5556.png,train,False,
data/training_data/training_data/5557.png,train,False,
data/training_data/training_data/5558.png,train,False,
data/training_data/training_data/5559.png,train,False,
data/training_data/training_data/556.png,train,False,
data/training_data/training_data/5560.png,train,False,
data/training_data/training_data/5561.png,train,False,
data/training_data/training_data/5562.png,train,False,
data/training_data/training_data/5563.png,train,False,
data/training_data/training_data/5564.png,train,False,
data/training_data/training_data/5565.png,train,False,
data/training_data/training_data/5566.png,train,False,
data/training_data/training_data/5567.png,train,False,
data/training_data/training_data/5568.png,train,False,
data/training_data/training_data/5569.png,train,False,
data/training_data/training_data/557.png,train,False,
data/training_data/training_data/5570.png,train,False,
data/training_data/training_data/5571.png,train,False,
data/training_data/training_data/5572.png,train,False,
data/training_data/training_data/5573.png,train,False,
data/training_data/training_data/5574.png,train,False,
data/training_data/training_data/5575.png,train,False,
data/training_data/training_data/5576.png,train,False,
data/training_data/training_data/5577.png,train,False,
data/training_data/training_data/5578.png,train,False,
data/training_data/training_data/5579.png,train,False,
data/training_data/training_data/558.png,train,False,
data/training_data/training_data/5580.png,train,False,
data/training_data/training_data/5581.png,train,False,
data/training_data/training_data/5582.png,train,False,
data/training_data/training_data/5583.png,train,False,
data/training_data/training_data/5584.png,train,False,
data/training_data/training_data/5585.png,train,False,
data/training_data/training_data/5586.png,train,False,
data/training_data/training_data/5587.png,train,False,
data/training_data/training_data/5588.png,train,False,
data/training_data/training_data/5589.png,train,False,
data/training_data/training_data/559.png,train,False,
data/training_data/training_data/5590.png,train,False,
data/training_data/training_data/5591.png,train,False,
data/training_data/training_data/5592.png,train,False,
data/training_data/training_data/5593.png,train,False,
data/training_data/training_data/5594.png,train,False,
data/training_data/training_data/5595.png,train,False,
data/training_data/training_data/5596.png,train,False,
data/training_data/training_data/5597.png,train,False,
data/training_data/training_data/5598.png,train,False,
data/training_data/training_data/5599.png,train,False,
data/training_data/training_data/56.png,train,False,
data/training_data/training_data/560.png,train,False,
data/training_data/training_data/5600.png,train,False,
data/training_data/training_data/5601.png,train,False,
data/training_data/training_data/5602.png,train,False,
data/training_data/training_data/5603.png,train,False,
data/training_data/training_data/5604.png,train,False,
data/training_data/training_data/5605.png,train,False,
data/training_data/training_data/5606.png,train,False,
data/training_data/training_data/5607.png,train,False,
data/training_data/training_data/5608.png,train,False,
data/training_data/training_data/5609.png,train,False,
data/training_data/training_data/561.png,train,False,
data/training_data/training_data/5610.png,train,False,
data/training_data/training_data/5611.png,train,False,
data/training_data/training_data/5612.png,train,False,
data/training_data/training_data/5613.png,train,False,
data/training_data/training_data/5614.png,train,False,
data/training_data/training_data/5615.png,train,False,
data/training_data/training_data/5616.png,train,False,
data/training_data/training_data/5617.png,train,False,
data/training_data/training_data/5618.png,train,False,
data/training_data/training_data/5619.png,train,False,
data/training_data/training_data/562.png,train,False,
data/training_data/training_data/5620.png,train,False,
data/training_data/training_data/5621.png,train,False,
data/training_data/training_data/5622.png,train,False,
data/training_data/training_data/5623.png,train,False,
data/training_data/training_data/5624.png,train,False,
data/training_data/training_data/5625.png,train,False,
data/training_data/training_data/5626.png,train,False,
data/training_data/training_data/5627.png,train,False,
data/training_data/training_data/5628.png,train,False,
data/training_data/training_data/5629.png,train,False,
data/training_data/training_data/563.png,train,False,
data/training_data/training_data/5630.png,train,False,
data/training_data/training_data/5631.png,train,False,
data/training_data/training_data/5632.png,train,False,
data/training_data/training_data/5633.png,train,False,
data/training_data/training_data/5634.png,train,False,
data/training_data/training_data/5635.png,train,False,
data/training_data/training_data/5636.png,train,False,
data/training_data/training_data/5637.png,train,False,
data/training_data/training_data/5638.png,train,False,
data/training_data/training_data/5639.png,train,False,
data/training_data/training_data/564.png,train,False,
data/training_data/training_data/5640.png,train,False,
data/training_data/training_data/5641.png,train,False,
data/training_data/training_data/5642.png,train,False,
data/training_data/training_data/5643.png,train,False,
data/training_data/training_data/5644.png,train,False,
data/training_data/training_data/5645.png,train,False,
data/training_data/training_data/5646.png,train,False,
data/training_data/training_data/5647.png,train,False,
data/training_data/training_data/5648.png,train,False,
data/training_data/training_data/5649.png,train,False,
data/training_data/training_data/565.png,train,False,
data/training_data/training_data/5650.png,train,False,
data/training_data/training_data/5651.png,train,False,
data/training_data/training_data/5652.png,train,False,
data/training_data/training_data/5653.png,train,False,
data/training_data/training_data/5654.png,train,False,
data/training_data/training_data/5655.png,train,False,
data/training_data/training_data/5656.png,train,False,
data/training_data/training_data/5657.png,train,False,
data/training_data/training_data/5658.png,train,False,
data/training_data/training_data/5659.png,train,False,
data/training_data/training_data/566.png,train,False,
data/training_data/training_data/5660.png,train,False,
data/training_data/training_data/5661.png,train,False,
data/training_data/training_data/5662.png,train,False,
data/training_data/training_data/5663.png,train,False,
data/training_data/training_data/5664.png,train,False,
data/training_data/training_data/5665.png,train,False,
data/training_data/training_data/5666.png,train,False,
data/training_data/training_data/5667.png,train,False,
data/training_data/training_data/5668.png,train,False,
data/training_data/training_data/5669.png,train,False,
data/training_data/training_data/567.png,train,False,
data/training_data/training_data/5670.png,train,False,
data/training_data/training_data/5671.png,train,False,
data/training_data/training_data/5672.png,train,False,
data/training_data/training_data/5673.png,train,False,
data/training_data/training_data/5674.png,train,False,
data/training_data/training_data/5675.png,train,False,
data/training_data/training_data/5676.png,train,False,
data/training_data/training_data/5677.png,train,False,
data/training_data/training_data/5678.png,train,False,
data/training_data/training_data/5679.png,train,False,
data/training_data/training_data/568.png,train,False,
data/training_data/training_data/5680.png,train,False,
data/training_data/training_data/5681.png,train,False,
data/training_data/training_data/5682.png,train,False,
data/training_data/training_data/5683.png,train,False,
data/training_data/training_data/5684.png,train,False,
data/training_data/training_data/5685.png,train,False,
data/training_data/training_data/5686.png,train,False,
data/training_data/training_data/5687.png,train,False,
data/training_data/training_data/5688.png,train,False,
data/training_data/training_data/5689.png,train,False,
data/training_data/training_data/569.png,train,False,
data/training_data/training_data/5690.png,train,False,
data/training_data/training_data/5691.png,train,False,
data/training_data/training_data/5692.png,train,False,
data/training_data/training_data/5693.png,train,False,
data/training_data/training_data/5694.png,train,False,
data/training_data/training_data/5695.png,train,False,
data/training_data/training_data/5696.png,train,False,
data/training_data/training_data/5697.png,train,False,
data/training_data/training_data/5698.png,train,False,
data/training_data/training_data/5699.png,train,False,
data/training_data/training_data/57.png,train,False,
data/training_data/training_data/570.png,train,False,
data/training_data/training_data/5700.png,train,False,
data/training_data/training_data/5701.png,train,False,
data/training_data/training_data/5702.png,train,False,
data/training_data/training_data/5703.png,train,False,
data/training_data/training_data/5704.png,train,False,
data/training_data/training_data/5705.png,train,False,
data/training_data/training_data/5706.png,train,False,
data/training_data/training_data/5707.png,train,False,
data/training_data/training_data/5708.png,train,False,
data/training_data/training_data/5709.png,train,False,
data/training_data/training_data/571.png,train,False,
data/training_data/training_data/5710.png,train,False,
data/training_data/training_data/5711.png,train,False,
data/training_data/training_data/5712.png,train,False,
data/training_data/training_data/5713.png,train,False,
data/training_data/training_data/5714.png,train,False,
data/training_data/training_data/5715.png,train,False,
data/training_data/training_data/5716.png,train,False,
data/training_data/training_data/5717.png,train,False,
data/training_data/training_data/5718.png,train,False,
data/training_data/training_data/5719.png,train,False,
data/training_data/training_data/572.png,train,False,
data/training_data/training_data/5720.png,train,False,
data/training_data/training_data/5721.png,train,False,
data/training_data/training_data/5722.png,train,False,
data/training_data/training_data/5723.png,train,False,
data/training_data/training_data/5724.png,train,False,
data/training_data/training_data/5725.png,train,False,
data/training_data/training_data/5726.png,train,False,
data/training_data/training_data/5727.png,train,False,
data/training_data/training_data/5728.png,train,False,
data/training_data/training_data/5729.png,train,False,
data/training_data/training_data/573.png,train,False,
data/training_data/training_data/5730.png,train,False,
data/training_data/training_data/5731.png,train,False,
data/training_data/training_data/5732.png,train,False,
data/training_data/training_data/5733.png,train,False,
data/training_data/training_data/5734.png,train,False,
data/training_data/training_data/5735.png,train,False,
data/training_data/training_data/5736.png,train,False,
data/training_data/training_data/5737.png,train,False,
data/training_data/training_data/5738.png,train,False,
data/training_data/training_data/5739.png,train,False,
data/training_data/training_data/574.png,train,False,
data/training_data/training_data/5740.png,train,False,
data/training_data/training_data/5741.png,train,False,
data/training_data/training_data/5742.png,train,False,
data/training_data/training_data/5743.png,train,False,
data/training_data/training_data/5744.png,train,False,
data/training_data/training_data/5745.png,train,False,
data/training_data/training_data/5746.png,train,False,
data/training_data/training_data/5747.png,train,False,
data/training_data/training_data/5748.png,train,False,
data/training_data/training_data/5749.png,train,False,
data/training_data/training_data/575.png,train,False,
data/training_data/training_data/5750.png,train,False,
data/training_data/training_data/5751.png,train,False,
data/training_data/training_data/5752.png,train,False,
data/training_data/training_data/5753.png,train,False,
data/training_data/training_data/5754.png,train,False,
data/training_data/training_data/5755.png,train,False,
data/training_data/training_data/5756.png,train,False,
data/training_data/training_data/5757.png,train,False,
data/training_data/training_data/5758.png,train,False,
data/training_data/training_data/5759.png,train,False,
data/training_data/training_data/576.png,train,False,
data/training_data/training_data/5760.png,train,False,
data/training_data/training_data/5761.png,train,False,
data/training_data/training_data/5762.png,train,False,
data/training_data/training_data/5763.png,train,False,
data/training_data/training_data/5764.png,train,False,
data/training_data/training_data/5765.png,train,False,
data/training_data/training_data/5766.png,train,False,
data/training_data/training_data/5767.png,train,False,
data/training_data/training_data/5769.png,train,False,
data/training_data/training_data/577.png,train,False,
data/training_data/training_data/5770.png,train,False,
data/training_data/training_data/5771.png,train,False,
data/training_data/training_data/5772.png,train,False,
data/training_data/training_data/5773.png,train,False,
data/training_data/training_data/5774.png,train,False,
data/training_data/training_data/5775.png,train,False,
data/training_data/training_data/5776.png,train,False,
data/training_data/training_data/5777.png,train,False,
data/training_data/training_data/5778.png,train,False,
data/training_data/training_data/5779.png,train,False,
data/training_data/training_data/578.png,train,False,
data/training_data/training_data/5780.png,train,False,
data/training_data/training_data/5781.png,train,False,
data/training_data/training_data/5782.png,train,False,
data/training_data/training_data/5783.png,train,False,
data/training_data/training_data/5784.png,train,False,
data/training_data/training_data/5785.png,train,False,
data/training_data/training_data/5786.png,train,False,
data/training_data/training_data/5787.png,train,False,
data/training_data/training_data/5788.png,train,False,
data/training_data/training_data/5789.png,train,False,
data/training_data/training_data/579.png,train,False,
data/training_data/training_data/5790.png,train,False,
data/training_data/training_data/5791.png,train,False,
data/training_data/training_data/5792.png,train,False,
data/training_data/training_data/5793.png,train,False,
data/training_data/training_data/5795.png,train,False,
data/training_data/training_data/5796.png,train,False,
data/training_data/training_data/5797.png,train,False,
data/training_data/training_data/5798.png,train,False,
data/training_data/training_data/5799.png,train,False,
data/training_data/training_data/580.png,train,False,
data/training_data/training_data/5800.png,train,False,
data/training_data/training_data/5801.png,train,False,
data/training_data/training_data/5802.png,train,False,
data/training_data/training_data/5803.png,train,False,
data/training_data/training_data/5804.png,train,False,
data/training_data/training_data/5805.png,train,False,
data/training_data/training_data/5806.png,train,False,
data/training_data/training_data/5807.png,train,False,
data/training_data/training_data/5808.png,train,False,
data/training_data/training_data/5809.png,train,False,
data/training_data/training_data/581.png,train,False,
data/training_data/training_data/5810.png,train,False,
data/training_data/training_data/5811.png,train,False,
data/training_data/training_data/5812.png,train,False,
data/training_data/training_data/5813.png,train,False,
data/training_data/training_data/5814.png,train,False,
data/training_data/training_data/5815.png,train,False,
data/training_data/training_data/5816.png,train,False,
data/training_data/training_data/5817.png,train,False,
data/training_data/training_data/5818.png,train,False,
data/training_data/training_data/5819.png,train,False,
data/training_data/training_data/582.png,train,False,
data/training_data/training_data/5820.png,train,False,
data/training_data/training_data/5821.png,train,False,
data/training_data/training_data/5822.png,train,False,
data/training_data/training_data/5823.png,train,False,
data/training_data/training_data/5824.png,train,False,
data/training_data/training_data/5825.png,train,False,
data/training_data/training_data/5826.png,train,False,
data/training_data/training_data/5827.png,train,False,
data/training_data/training_data/5828.png,train,False,
data/training_data/training_data/5829.png,train,False,
data/training_data/training_data/583.png,train,False,
data/training_data/training_data/5830.png,train,False,
data/training_data/training_data/5831.png,train,False,
data/training_data/training_data/5832.png,train,False,
data/training_data/training_data/5833.png,train,False,
data/training_data/training_data/5834.png,train,False,
data/training_data/training_data/5835.png,train,False,
data/training_data/training_data/5836.png,train,False,
data/training_data/training_data/5837.png,train,False,
data/training_data/training_data/5838.png,train,False,
data/training_data/training_data/5839.png,train,False,
data/training_data/training_data/584.png,train,False,
data/training_data/training_data/5840.png,train,False,
data/training_data/training_data/5841.png,train,False,
data/training_data/training_data/5842.png,train,False,
data/training_data/training_data/5843.png,train,False,
data/training_data/training_data/5844.png,train,False,
data/training_data/training_data/5845.png,train,False,
data/training_data/training_data/5846.png,train,False,
data/training_data/training_data/5847.png,train,False,
data/training_data/training_data/5848.png,train,False,
data/training_data/training_data/5849.png,train,False,
data/training_data/training_data/585.png,train,False,
data/training_data/training_data/5850.png,train,False,
data/training_data/training_data/5851.png,train,False,
data/training_data/training_data/5852.png,train,False,
data/training_data/training_data/5853.png,train,False,
data/training_data/training_data/5854.png,train,False,
data/training_data/training_data/5855.png,train,False,
data/training_data/training_data/5856.png,train,False,
data/training_data/training_data/5857.png,train,False,
data/training_data/training_data/5858.png,train,False,
data/training_data/training_data/5859.png,train,False,
data/training_data/training_data/586.png,train,False,
data/training_data/training_data/5860.png,train,False,
data/training_data/training_data/5861.png,train,False,
data/training_data/training_data/5862.png,train,False,
data/training_data/training_data/5863.png,train,False,
data/training_data/training_data/5864.png,train,False,
data/training_data/training_data/5865.png,train,False,
data/training_data/training_data/5866.png,train,False,
data/training_data/training_data/5867.png,train,False,
data/training_data/training_data/5868.png,train,False,
data/training_data/training_data/5869.png,train,False,
data/training_data/training_data/587.png,train,False,
data/training_data/training_data/5870.png,train,False,
data/training_data/training_data/5871.png,train,False,
data/training_data/training_data/5872.png,train,False,
data/training_data/training_data/5873.png,train,False,
data/training_data/training_data/5874.png,train,False,
data/training_data/training_data/5875.png,train,False,
data/training_data/training_data/5876.png,train,False,
data/training_data/training_data/5877.png,train,False,
data/training_data/training_data/5878.png,train,False,
data/training_data/training_data/5879.png,train,False,
data/training_data/training_data/588.png,train,False,
data/training_data/training_data/5880.png,train,False,
data/training_data/training_data/5881.png,train,False,
data/training_data/training_data/5882.png,train,False,
data/training_data/training_data/5883.png,train,False,
data/training_data/training_data/5884.png,train,False,
data/training_data/training_data/5885.png,train,False,
data/training_data/training_data/5886.png,train,False,
data/training_data/training_data/5887.png,train,False,
data/training_data/training_data/5888.png,train,False,
data/training_data/training_data/5889.png,train,False,
data/training_data/training_data/589.png,train,False,
data/training_data/training_data/5890.png,train,False,
data/training_data/training_data/5891.png,train,False,
data/training_data/training_data/5892.png,train,False,
data/training_data/training_data/5893.png,train,False,
data/training_data/training_data/5894.png,train,False,
data/training_data/training_data/5895.png,train,False,
data/training_data/training_data/5896.png,train,False,
data/training_data/training_data/5897.png,train,False,
data/training_data/training_data/5898.png,train,False,
data/training_data/training_data/5899.png,train,False,
data/training_data/training_data/59.png,train,False,
data/training_data/training_data/590.png,train,False,
data/training_data/training_data/5900.png,train,False,
data/training_data/training_data/5901.png,train,False,
data/training_data/training_data/5902.png,train,False,
data/training_data/training_data/5903.png,train,False,
data/training_data/training_data/5904.png,train,False,
data/training_data/training_data/5905.png,train,False,
data/training_data/training_data/5906.png,train,False,
data/training_data/training_data/5907.png,train,False,
data/training_data/training_data/5908.png,train,False,
data/training_data/training_data/5909.png,train,False,
data/training_data/training_data/591.png,train,False,
data/training_data/training_data/5910.png,train,False,
data/training_data/training_data/5911.png,train,False,
data/training_data/training_data/5912.png,train,False,
data/training_data/training_data/5913.png,train,False,
data/training_data/training_data/5914.png,train,False,
data/training_data/training_data/5915.png,train,False,
data/training_data/training_data/5916.png,train,False,
data/training_data/training_data/5917.png,train,False,
data/training_data/training_data/5918.png,train,False,
data/training_data/training_data/5919.png,train,False,
data/training_data/training_data/592.png,train,False,
data/training_data/training_data/5920.png,train,False,
data/training_data/training_data/5921.png,train,False,
data/training_data/training_data/5922.png,train,False,
data/training_data/training_data/5923.png,train,False,
data/training_data/training_data/5924.png,train,False,
data/training_data/training_data/5925.png,train,False,
data/training_data/training_data/5926.png,train,False,
data/training_data/training_data/5927.png,train,False,
data/training_data/training_data/5928.png,train,False,
data/training_data/training_data/5929.png,train,False,
data/training_data/training_data/593.png,train,False,
data/training_data/training_data/5930.png,train,False,
data/training_data/training_data/5931.png,train,False,
data/training_data/training_data/5932.png,train,False,
data/training_data/training_data/5933.png,train,False,
data/training_data/training_data/5934.png,train,False,
data/training_data/training_data/5935.png,train,False,
data/training_data/training_data/5936.png,train,False,
data/training_data/training_data/5937.png,train,False,
data/training_data/training_data/5938.png,train,False,
data/training_data/training_data/5939.png,train,False,
data/training_data/training_data/594.png,train,False,
data/training_data/training_data/5940.png,train,False,
data/training_data/training_data/5941.png,train,False,
data/training_data/training_data/5942.png,train,False,
data/training_data/training_data/5943.png,train,False,
data/training_data/training_data/5944.png,train,False,
data/training_data/training_data/5945.png,train,False,
data/training_data/training_data/5946.png,train,False,
data/training_data/training_data/5947.png,train,False,
data/training_data/training_data/5948.png,train,False,
data/training_data/training_data/5949.png,train,False,
data/training_data/training_data/595.png,train,False,
data/training_data/training_data/5950.png,train,False,
data/training_data/training_data/5951.png,train,False,
data/training_data/training_data/5952.png,train,False,
data/training_data/training_data/5953.png,train,False,
data/training_data/training_data/5954.png,train,False,
data/training_data/training_data/5955.png,train,False,
data/training_data/training_data/5956.png,train,False,
data/training_data/training_data/5957.png,train,False,
data/training_data/training_data/5958.png,train,False,
data/training_data/training_data/5959.png,train,False,
data/training_data/training_data/596.png,train,False,
data/training_data/training_data/5960.png,train,False,
data/training_data/training_data/5961.png,train,False,
data/training_data/training_data/5962.png,train,False,
data/training_data/training_data/5963.png,train,False,
data/training_data/training_data/5964.png,train,False,
data/training_data/training_data/5965.png,train,False,
data/training_data/training_data/5966.png,train,False,
data/training_data/training_data/5967.png,train,False,
data/training_data/training_data/5968.png,train,False,
data/training_data/training_data/5969.png,train,False,
data/training_data/training_data/597.png,train,False,
data/training_data/training_data/5970.png,train,False,
data/training_data/training_data/5971.png,train,False,
data/training_data/training_data/5972.png,train,False,
data/training_data/training_data/5973.png,train,False,
data/training_data/training_data/5974.png,train,False,
data/training_data/training_data/5975.png,train,False,
data/training_data/training_data/5976.png,train,False,
data/training_data/training_data/5977.png,train,False,
data/training_data/training_data/5978.png,train,False,
data/training_data/training_data/5979.png,train,False,
data/training_data/training_data/598.png,train,False,
data/training_data/training_data/5980.png,train,False,
data/training_data/training_data/5981.png,train,False,
data/training_data/training_data/5982.png,train,False,
data/training_data/training_data/5983.png,train,False,
data/training_data/training_data/5984.png,train,False,
data/training_data/training_data/5985.png,train,False,
data/training_data/training_data/5986.png,train,False,
data/training_data/training_data/5987.png,train,False,
data/training_data/training_data/5988.png,train,False,
data/training_data/training_data/5989.png,train,False,
data/training_data/training_data/599.png,train,False,
data/training_data/training_data/5990.png,train,False,
data/training_data/training_data/5991.png,train,False,
data/training_data/training_data/5992.png,train,False,
data/training_data/training_data/5993.png,train,False,
data/training_data/training_data/5994.png,train,False,
data/training_data/training_data/5995.png,train,False,
data/training_data/training_data/5996.png,train,False,
data/training_data/training_data/5997.png,train,False,
data/training_data/training_data/5998.png,train,False,
data/training_data/training_data/5999.png,train,False,
data/training_data/training_data/60.png,train,False,
data/training_data/training_data/600.png,train,False,
data/training_data/training_data/6000.png,train,False,
data/training_data/training_data/6001.png,train,False,
data/training_data/training_data/6002.png,train,False,
data/training_data/training_data/6003.png,train,False,
data/training_data/training_data/6004.png,train,False,
data/training_data/training_data/6005.png,train,False,
data/training_data/training_data/6006.png,train,False,
data/training_data/training_data/6007.png,train,False,
data/training_data/training_data/6008.png,train,False,
data/training_data/training_data/6009.png,train,False,
data/training_data/training_data/601.png,train,False,
data/training_data/training_data/6010.png,train,False,
data/training_data/training_data/6011.png,train,False,
data/training_data/training_data/6012.png,train,False,
data/training_data/training_data/6013.png,train,False,
data/training_data/training_data/6014.png,train,False,
data/training_data/training_data/6015.png,train,False,
data/training_data/training_data/6016.png,train,False,
data/training_data/training_data/6017.png,train,False,
data/training_data/training_data/6018.png,train,False,
data/training_data/training_data/6019.png,train,False,
data/training_data/training_data/602.png,train,False,
data/training_data/training_data/6020.png,train,False,
data/training_data/training_data/6021.png,train,False,
data/training_data/training_data/6022.png,train,False,
data/training_data/training_data/6023.png,train,False,
data/training_data/training_data/6024.png,train,False,
data/training_data/training_data/6025.png,train,False,
data/training_data/training_data/6026.png,train,False,
data/training_data/training_data/6027.png,train,False,
data/training_data/training_data/6028.png,train,False,
data/training_data/training_data/6029.png,train,False,
data/training_data/training_data/603.png,train,False,
data/training_data/training_data/6030.png,train,False,
data/training_data/training_data/6031.png,train,False,
data/training_data/training_data/6032.png,train,False,
data/training_data/training_data/6033.png,train,False,
data/training_data/training_data/6034.png,train,False,
data/training_data/training_data/6035.png,train,False,
data/training_data/training_data/6036.png,train,False,
data/training_data/training_data/6037.png,train,False,
data/training_data/training_data/6038.png,train,False,
data/training_data/training_data/6039.png,train,False,
data/training_data/training_data/604.png,train,False,
data/training_data/training_data/6040.png,train,False,
data/training_data/training_data/6041.png,train,False,
data/training_data/training_data/6042.png,train,False,
data/training_data/training_data/6043.png,train,False,
data/training_data/training_data/6044.png,train,False,
data/training_data/training_data/6045.png,train,False,
data/training_data/training_data/6046.png,train,False,
data/training_data/training_data/6047.png,train,False,
data/training_data/training_data/6048.png,train,False,
data/training_data/training_data/6049.png,train,False,
data/training_data/training_data/605.png,train,False,
data/training_data/training_data/6050.png,train,False,
data/training_data/training_data/6051.png,train,False,
data/training_data/training_data/6052.png,train,False,
data/training_data/training_data/6053.png,train,False,
data/training_data/training_data/6054.png,train,False,
data/training_data/training_data/6055.png,train,False,
data/training_data/training_data/6056.png,train,False,
data/training_data/training_data/6057.png,train,False,
data/training_data/training_data/6058.png,train,False,
data/training_data/training_data/6059.png,train,False,
data/training_data/training_data/606.png,train,False,
data/training_data/training_data/6060.png,train,False,
data/training_data/training_data/6061.png,train,False,
data/training_data/training_data/6062.png,train,False,
data/training_data/training_data/6063.png,train,False,
data/training_data/training_data/6064.png,train,False,
data/training_data/training_data/6065.png,train,False,
data/training_data/training_data/6066.png,train,False,
data/training_data/training_data/6067.png,train,False,
data/training_data/training_data/6068.png,train,False,
data/training_data/training_data/6069.png,train,False,
data/training_data/training_data/607.png,train,False,
data/training_data/training_data/6070.png,train,False,
data/training_data/training_data/6071.png,train,False,
data/training_data/training_data/6072.png,train,False,
data/training_data/training_data/6073.png,train,False,
data/training_data/training_data/6074.png,train,False,
data/training_data/training_data/6075.png,train,False,
data/training_data/training_data/6076.png,train,False,
data/training_data/training_data/6077.png,train,False,
data/training_data/training_data/6078.png,train,False,
data/training_data/training_data/6079.png,train,False,
data/training_data/training_data/608.png,train,False,
data/training_data/training_data/6080.png,train,False,
data/training_data/training_data/6081.png,train,False,
data/training_data/training_data/6082.png,train,False,
data/training_data/training_data/6083.png,train,False,
data/training_data/training_data/6084.png,train,False,
data/training_data/training_data/6085.png,train,False,
data/training_data/training_data/6086.png,train,False,
data/training_data/training_data/6087.png,train,False,
data/training_data/training_data/6088.png,train,False,
data/training_data/training_data/6089.png,train,False,
data/training_data/training_data/609.png,train,False,
data/training_data/training_data/6090.png,train,False,
data/training_data/training_data/6091.png,train,False,
data/training_data/training_data/6092.png,train,False,
data/training_data/training_data/6093.png,train,False,
data/training_data/training_data/6094.png,train,False,
data/training_data/training_data/6095.png,train,False,
data/training_data/training_data/6096.png,train,False,
data/training_data/training_data/6097.png,train,False,
data/training_data/training_data/6098.png,train,False,
data/training_data/training_data/6099.png,train,False,
data/training_data/training_data/61.png,train,False,
data/training_data/training_data/610.png,train,False,
data/training_data/training_data/6100.png,train,False,
data/training_data/training_data/6101.png,train,False,
data/training_data/training_data/6102.png,train,False,
data/training_data/training_data/6103.png,train,False,
data/training_data/training_data/6104.png,train,False,
data/training_data/training_data/6105.png,train,False,
data/training_data/training_data/6106.png,train,False,
data/training_data/training_data/6107.png,train,False,
data/training_data/training_data/6108.png,train,False,
data/training_data/training_data/6109.png,train,False,
data/training_data/training_data/611.png,train,False,
data/training_data/training_data/6110.png,train,False,
data/training_data/training_data/6111.png,train,False,
data/training_data/training_data/6112.png,train,False,
data/training_data/training_data/6113.png,train,False,
data/training_data/training_data/6114.png,train,False,
data/training_data/training_data/6115.png,train,False,
data/training_data/training_data/6116.png,train,False,
data/training_data/training_data/6117.png,train,False,
data/training_data/training_data/6118.png,train,False,
data/training_data/training_data/6119.png,train,False,
data/training_data/training_data/612.png,train,False,
data/training_data/training_data/6120.png,train,False,
data/training_data/training_data/6121.png,train,False,
data/training_data/training_data/6122.png,train,False,
data/training_data/training_data/6123.png,train,False,
data/training_data/training_data/6124.png,train,False,
data/training_data/training_data/6125.png,train,False,
data/training_data/training_data/6126.png,train,False,
data/training_data/training_data/6127.png,train,False,
data/training_data/training_data/6128.png,train,False,
data/training_data/training_data/6129.png,train,False,
data/training_data/training_data/613.png,train,False,
data/training_data/training_data/6130.png,train,False,
data/training_data/training_data/6131.png,train,False,
data/training_data/training_data/6132.png,train,False,
data/training_data/training_data/6133.png,train,False,
data/training_data/training_data/6134.png,train,False,
data/training_data/training_data/6135.png,train,False,
data/training_data/training_data/6136.png,train,False,
data/training_data/training_data/6137.png,train,False,
data/training_data/training_data/6138.png,train,False,
data/training_data/training_data/6139.png,train,False,
data/training_data/training_data/614.png,train,False,
data/training_data/training_data/6140.png,train,False,
data/training_data/training_data/6141.png,train,False,
data/training_data/training_data/6142.png,train,False,
data/training_data/training_data/6143.png,train,False,
data/training_data/training_data/6144.png,train,False,
data/training_data/training_data/6145.png,train,False,
data/training_data/training_data/6146.png,train,False,
data/training_data/training_data/6147.png,train,False,
data/training_data/training_data/6148.png,train,False,
data/training_data/training_data/6149.png,train,False,
data/training_data/training_data/615.png,train,False,
data/training_data/training_data/6150.png,train,False,
data/training_data/training_data/6151.png,train,False,
data/training_data/training_data/6152.png,train,False,
data/training_data/training_data/6153.png,train,False,
data/training_data/training_data/6154.png,train,False,
data/training_data/training_data/6155.png,train,False,
data/training_data/training_data/6156.png,train,False,
data/training_data/training_data/6157.png,train,False,
data/training_data/training_data/6158.png,train,False,
data/training_data/training_data/6159.png,train,False,
data/training_data/training_data/616.png,train,False,
data/training_data/training_data/6160.png,train,False,
data/training_data/training_data/6161.png,train,False,
data/training_data/training_data/6162.png,train,False,
data/training_data/training_data/6163.png,train,False,
data/training_data/training_data/6164.png,train,False,
data/training_data/training_data/6165.png,train,False,
data/training_data/training_data/6166.png,train,False,
data/training_data/training_data/6167.png,train,False,
data/training_data/training_data/6168.png,train,False,
data/training_data/training_data/6169.png,train,False,
data/training_data/training_data/617.png,train,False,
data/training_data/training_data/6170.png,train,False,
data/training_data/training_data/6171.png,train,False,
data/training_data/training_data/6172.png,train,False,
data/training_data/training_data/6173.png,train,False,
data/training_data/training_data/6174.png,train,False,
data/training_data/training_data/6175.png,train,False,
data/training_data/training_data/6176.png,train,False,
data/training_data/training_data/6177.png,train,False,
data/training_data/training_data/6178.png,train,False,
data/training_data/training_data/6179.png,train,False,
data/training_data/training_data/618.png,train,False,
data/training_data/training_data/6180.png,train,False,
data/training_data/training_data/6181.png,train,False,
data/training_data/training_data/6182.png,train,False,
data/training_data/training_data/6183.png,train,False,
data/training_data/training_data/6184.png,train,False,
data/training_data/training_data/6185.png,train,False,
data/training_data/training_data/6186.png,train,False,
data/training_data/training_data/6187.png,train,False,
data/training_data/training_data/6188.png,train,False,
data/training_data/training_data/6189.png,train,False,
data/training_data/training_data/619.png,train,False,
data/training_data/training_data/6190.png,train,False,
data/training_data/training_data/6191.png,train,False,
data/training_data/training_data/6192.png,train,False,
data/training_data/training_data/6193.png,train,False,
data/training_data/training_data/6194.png,train,False,
data/training_data/training_data/6195.png,train,False,
data/training_data/training_data/6196.png,train,False,
data/training_data/training_data/6197.png,train,False,
data/training_data/training_data/6198.png,train,False,
data/training_data/training_data/6199.png,train,False,
data/training_data/training_data/62.png,train,False,
data/training_data/training_data/620.png,train,False,
data/training_data/training_data/6200.png,train,False,
data/training_data/training_data/6201.png,train,False,
data/training_data/training_data/6202.png,train,False,
data/training_data/training_data/6203.png,train,False,
data/training_data/training_data/6204.png,train,False,
data/training_data/training_data/6205.png,train,False,
data/training_data/training_data/6206.png,train,False,
data/training_data/training_data/6207.png,train,False,
data/training_data/training_data/6208.png,train,False,
data/training_data/training_data/6209.png,train,False,
data/training_data/training_data/621.png,train,False,
data/training_data/training_data/6210.png,train,False,
data/training_data/training_data/6211.png,train,False,
data/training_data/training_data/6212.png,train,False,
data/training_data/training_data/6213.png,train,False,
data/training_data/training_data/6214.png,train,False,
data/training_data/training_data/6215.png,train,False,
data/training_data/training_data/6216.png,train,False,
data/training_data/training_data/6217.png,train,False,
data/training_data/training_data/6218.png,train,False,
data/training_data/training_data/6219.png,train,False,
data/training_data/training_data/622.png,train,False,
data/training_data/training_data/6220.png,train,False,
data/training_data/training_data/6221.png,train,False,
data/training_data/training_data/6222.png,train,False,
data/training_data/training_data/6223.png,train,False,
data/training_data/training_data/6224.png,train,False,
data/training_data/training_data/6225.png,train,False,
data/training_data/training_data/6226.png,train,False,
data/training_data/training_data/6227.png,train,False,
data/training_data/training_data/6228.png,train,False,
data/training_data/training_data/6229.png,train,False,
data/training_data/training_data/623.png,train,False,
data/training_data/training_data/6230.png,train,False,
data/training_data/training_data/6231.png,train,False,
data/training_data/training_data/6232.png,train,False,
data/training_data/training_data/6233.png,train,False,
data/training_data/training_data/6234.png,train,False,
data/training_data/training_data/6235.png,train,False,
data/training_data/training_data/6236.png,train,False,
data/training_data/training_data/6237.png,train,False,
data/training_data/training_data/6238.png,train,False,
data/training_data/training_data/6239.png,train,False,
data/training_data/training_data/624.png,train,False,
data/training_data/training_data/6240.png,train,False,
data/training_data/training_data/6241.png,train,False,
data/training_data/training_data/6242.png,train,False,
data/training_data/training_data/6243.png,train,False,
data/training_data/training_data/6244.png,train,False,
data/training_data/training_data/6245.png,train,False,
data/training_data/training_data/6246.png,train,False,
data/training_data/training_data/6247.png,train,False,
data/training_data/training_data/6248.png,train,False,
data/training_data/training_data/6249.png,train,False,
data/training_data/training_data/625.png,train,False,
data/training_data/training_data/6250.png,train,False,
data/training_data/training_data/6251.png,train,False,
data/training_data/training_data/6252.png,train,False,
data/training_data/training_data/6253.png,train,False,
data/training_data/training_data/6254.png,train,False,
data/training_data/training_data/6255.png,train,False,
data/training_data/training_data/6256.png,train,False,
data/training_data/training_data/6257.png,train,False,
data/training_data/training_data/6258.png,train,False,
data/training_data/training_data/6259.png,train,False,
data/training_data/training_data/626.png,train,False,
data/training_data/training_data/6260.png,train,False,
data/training_data/training_data/6261.png,train,False,
data/training_data/training_data/6262.png,train,False,
data/training_data/training_data/6263.png,train,False,
data/training_data/training_data/6264.png,train,False,
data/training_data/training_data/6265.png,train,False,
data/training_data/training_data/6266.png,train,False,
data/training_data/training_data/6267.png,train,False,
data/training_data/training_data/6268.png,train,False,
data/training_data/training_data/6269.png,train,False,
data/training_data/training_data/627.png,train,False,
data/training_data/training_data/6270.png,train,False,
data/training_data/training_data/6271.png,train,False,
data/training_data/training_data/6272.png,train,False,
data/training_data/training_data/6273.png,train,False,
data/training_data/training_data/6274.png,train,False,
data/training_data/training_data/6275.png,train,False,
data/training_data/training_data/6276.png,train,False,
data/training_data/training_data/6277.png,train,False,
data/training_data/training_data/6278.png,train,False,
data/training_data/training_data/6279.png,train,False,
data/training_data/training_data/628.png,train,False,
data/training_data/training_data/6280.png,train,False,
data/training_data/training_data/6281.png,train,False,
data/training_data/training_data/6282.png,train,False,
data/training_data/training_data/6283.png,train,False,
data/training_data/training_data/6284.png,train,False,
data/training_data/training_data/6285.png,train,False,
data/training_data/training_data/6286.png,train,False,
data/training_data/training_data/6287.png,train,False,
data/training_data/training_data/6288.png,train,False,
data/training_data/training_data/6289.png,train,False,
data/training_data/training_data/629.png,train,False,
data/training_data/training_data/6290.png,train,False,
data/training_data/training_data/6291.png,train,False,
data/training_data/training_data/6292.png,train,False,
data/training_data/training_data/6293.png,train,False,
data/training_data/training_data/6294.png,train,False,
data/training_data/training_data/6295.png,train,False,
data/training_data/training_data/6296.png,train,False,
data/training_data/training_data/6297.png,train,False,
data/training_data/training_data/6298.png,train,False,
data/training_data/training_data/6299.png,train,False,
data/training_data/training_data/63.png,train,False,
data/training_data/training_data/630.png,train,False,
data/training_data/training_data/6300.png,train,False,
data/training_data/training_data/6301.png,train,False,
data/training_data/training_data/6302.png,train,False,
data/training_data/training_data/6303.png,train,False,
data/training_data/training_data/6304.png,train,False,
data/training_data/training_data/6305.png,train,False,
data/training_data/training_data/6306.png,train,False,
data/training_data/training_data/6307.png,train,False,
data/training_data/training_data/6308.png,train,False,
data/training_data/training_data/6309.png,train,False,
data/training_data/training_data/631.png,train,False,
data/training_data/training_data/6310.png,train,False,
data/training_data/training_data/6311.png,train,False,
data/training_data/training_data/6312.png,train,False,
data/training_data/training_data/6313.png,train,False,
data/training_data/training_data/6314.png,train,False,
data/training_data/training_data/6315.png,train,False,
data/training_data/training_data/6316.png,train,False,
data/training_data/training_data/6317.png,train,False,
data/training_data/training_data/6318.png,train,False,
data/training_data/training_data/6319.png,train,False,
data/training_data/training_data/632.png,train,False,
data/training_data/training_data/6320.png,train,False,
data/training_data/training_data/6321.png,train,False,
data/training_data/training_data/6322.png,train,False,
data/training_data/training_data/6323.png,train,False,
data/training_data/training_data/6324.png,train,False,
data/training_data/training_data/6325.png,train,False,
data/training_data/training_data/6326.png,train,False,
data/training_data/training_data/6327.png,train,False,
data/training_data/training_data/6328.png,train,False,
data/training_data/training_data/6329.png,train,False,
data/training_data/training_data/633.png,train,False,
data/training_data/training_data/6330.png,train,False,
data/training_data/training_data/6331.png,train,False,
data/training_data/training_data/6332.png,train,False,
data/training_data/training_data/6333.png,train,False,
data/training_data/training_data/6334.png,train,False,
data/training_data/training_data/6335.png,train,False,
data/training_data/training_data/6336.png,train,False,
data/training_data/training_data/6337.png,train,False,
data/training_data/training_data/6338.png,train,False,
data/training_data/training_data/6339.png,train,False,
data/training_data/training_data/634.png,train,False,
data/training_data/training_data/6340.png,train,False,
data/training_data/training_data/6341.png,train,False,
data/training_data/training_data/6342.png,train,False,
data/training_data/training_data/6343.png,train,False,
data/training_data/training_data/6344.png,train,False,
data/training_data/training_data/6345.png,train,False,
data/training_data/training_data/6346.png,train,False,
data/training_data/training_data/6347.png,train,False,
data/training_data/training_data/6348.png,train,False,
data/training_data/training_data/6349.png,train,False,
data/training_data/training_data/635.png,train,False,
data/training_data/training_data/6350.png,train,False,
data/training_data/training_data/6351.png,train,False,
data/training_data/training_data/6352.png,train,False,
data/training_data/training_data/6353.png,train,False,
data/training_data/training_data/6354.png,train,False,
data/training_data/training_data/6355.png,train,False,
data/training_data/training_data/6356.png,train,False,
data/training_data/training_data/6357.png,train,False,
data/training_data/training_data/6358.png,train,False,
data/training_data/training_data/6359.png,train,False,
data/training_data/training_data/636.png,train,False,
data/training_data/training_data/6360.png,train,False,
data/training_data/training_data/6361.png,train,False,
data/training_data/training_data/6362.png,train,False,
data/training_data/training_data/6363.png,train,False,
data/training_data/training_data/6364.png,train,False,
data/training_data/training_data/6365.png,train,False,
data/training_data/training_data/6366.png,train,False,
data/training_data/training_data/6368.png,train,False,
data/training_data/training_data/6369.png,train,False,
data/training_data/training_data/637.png,train,False,
data/training_data/training_data/6370.png,train,False,
data/training_data/training_data/6371.png,train,False,
data/training_data/training_data/6372.png,train,False,
data/training_data/training_data/6373.png,train,False,
data/training_data/training_data/6374.png,train,False,
data/training_data/training_data/6375.png,train,False,
data/training_data/training_data/6376.png,train,False,
data/training_data/training_data/6377.png,train,False,
data/training_data/training_data/6378.png,train,False,
data/training_data/training_data/6379.png,train,False,
data/training_data/training_data/638.png,train,False,
data/training_data/training_data/6380.png,train,False,
data/training_data/training_data/6381.png,train,False,
data/training_data/training_data/6382.png,train,False,
data/training_data/training_data/6383.png,train,False,
data/training_data/training_data/6384.png,train,False,
data/training_data/training_data/6385.png,train,False,
data/training_data/training_data/6386.png,train,False,
data/training_data/training_data/6387.png,train,False,
data/training_data/training_data/6388.png,train,False,
data/training_data/training_data/6389.png,train,False,
data/training_data/training_data/639.png,train,False,
data/training_data/training_data/6390.png,train,False,
data/training_data/training_data/6391.png,train,False,
data/training_data/training_data/6392.png,train,False,
data/training_data/training_data/6393.png,train,False,
data/training_data/training_data/6394.png,train,False,
data/training_data/training_data/6395.png,train,False,
data/training_data/training_data/6396.png,train,False,
data/training_data/training_data/6397.png,train,False,
data/training_data/training_data/6398.png,train,False,
data/training_data/training_data/6399.png,train,False,
data/training_data/training_data/64.png,train,False,
data/training_data/training_data/640.png,train,False,
data/training_data/training_data/6400.png,train,False,
data/training_data/training_data/6401.png,train,False,
data/training_data/training_data/6402.png,train,False,
data/training_data/training_data/6403.png,train,False,
data/training_data/training_data/6404.png,train,False,
data/training_data/training_data/6405.png,train,False,
data/training_data/training_data/6406.png,train,False,
data/training_data/training_data/6407.png,train,False,
data/training_data/training_data/6408.png,train,False,
data/training_data/training_data/6409.png,train,False,
data/training_data/training_data/641.png,train,False,
data/training_data/training_data/6410.png,train,False,
data/training_data/training_data/6411.png,train,False,
data/training_data/training_data/6412.png,train,False,
data/training_data/training_data/6413.png,train,False,
data/training_data/training_data/6414.png,train,False,
data/training_data/training_data/6415.png,train,False,
data/training_data/training_data/6416.png,train,False,
data/training_data/training_data/6417.png,train,False,
data/training_data/training_data/6418.png,train,False,
data/training_data/training_data/6419.png,train,False,
data/training_data/training_data/642.png,train,False,
data/training_data/training_data/6420.png,train,False,
data/training_data/training_data/6421.png,train,False,
data/training_data/training_data/6422.png,train,False,
data/training_data/training_data/6423.png,train,False,
data/training_data/training_data/6424.png,train,False,
data/training_data/training_data/6425.png,train,False,
data/training_data/training_data/6426.png,train,False,
data/training_data/training_data/6427.png,train,False,
data/training_data/training_data/6428.png,train,False,
data/training_data/training_data/6429.png,train,False,
data/training_data/training_data/643.png,train,False,
data/training_data/training_data/6430.png,train,False,
data/training_data/training_data/6431.png,train,False,
data/training_data/training_data/6432.png,train,False,
data/training_data/training_data/6433.png,train,False,
data/training_data/training_data/6434.png,train,False,
data/training_data/training_data/6435.png,train,False,
data/training_data/training_data/6436.png,train,False,
data/training_data/training_data/6437.png,train,False,
data/training_data/training_data/6438.png,train,False,
data/training_data/training_data/6439.png,train,False,
data/training_data/training_data/644.png,train,False,
data/training_data/training_data/6440.png,train,False,
data/training_data/training_data/6441.png,train,False,
data/training_data/training_data/6442.png,train,False,
data/training_data/training_data/6443.png,train,False,
data/training_data/training_data/6444.png,train,False,
data/training_data/training_data/6445.png,train,False,
data/training_data/training_data/6446.png,train,False,
data/training_data/training_data/6447.png,train,False,
data/training_data/training_data/6448.png,train,False,
data/training_data/training_data/6449.png,train,False,
data/training_data/training_data/645.png,train,False,
data/training_data/training_data/6450.png,train,False,
data/training_data/training_data/6451.png,train,False,
data/training_data/training_data/6452.png,train,False,
data/training_data/training_data/6453.png,train,False,
data/training_data/training_data/6454.png,train,False,
data/training_data/training_data/6455.png,train,False,
data/training_data/training_data/6456.png,train,False,
data/training_data/training_data/6457.png,train,False,
data/training_data/training_data/6458.png,train,False,
data/training_data/training_data/6459.png,train,False,
data/training_data/training_data/646.png,train,False,
data/training_data/training_data/6460.png,train,False,
data/training_data/training_data/6461.png,train,False,
data/training_data/training_data/6462.png,train,False,
data/training_data/training_data/6463.png,train,False,
data/training_data/training_data/6464.png,train,False,
data/training_data/training_data/6465.png,train,False,
data/training_data/training_data/6466.png,train,False,
data/training_data/training_data/6467.png,train,False,
data/training_data/training_data/6468.png,train,False,
data/training_data/training_data/6469.png,train,False,
data/training_data/training_data/647.png,train,False,
data/training_data/training_data/6470.png,train,False,
data/training_data/training_data/6471.png,train,False,
data/training_data/training_data/6472.png,train,False,
data/training_data/training_data/6473.png,train,False,
data/training_data/training_data/6474.png,train,False,
data/training_data/training_data/6475.png,train,False,
data/training_data/training_data/6476.png,train,False,
data/training_data/training_data/6477.png,train,False,
data/training_data/training_data/6478.png,train,False,
data/training_data/training_data/6479.png,train,False,
data/training_data/training_data/648.png,train,False,
data/training_data/training_data/6480.png,train,False,
data/training_data/training_data/6481.png,train,False,
data/training_data/training_data/6482.png,train,False,
data/training_data/training_data/6483.png,train,False,
data/training_data/training_data/6484.png,train,False,
data/training_data/training_data/6485.png,train,False,
data/training_data/training_data/6486.png,train,False,
data/training_data/training_data/6487.png,train,False,
data/training_data/training_data/6488.png,train,False,
data/training_data/training_data/6489.png,train,False,
data/training_data/training_data/649.png,train,False,
data/training_data/training_data/6490.png,train,False,
data/training_data/training_data/6491.png,train,False,
data/training_data/training_data/6492.png,train,False,
data/training_data/training_data/6493.png,train,False,
data/training_data/training_data/6494.png,train,False,
data/training_data/training_data/6495.png,train,False,
data/training_data/training_data/6496.png,train,False,
data/training_data/training_data/6497.png,train,False,
data/training_data/training_data/6498.png,train,False,
data/training_data/training_data/6499.png,train,False,
data/training_data/training_data/65.png,train,False,
data/training_data/training_data/650.png,train,False,
data/training_data/training_data/6500.png,train,False,
data/training_data/training_data/6501.png,train,False,
data/training_data/training_data/6502.png,train,False,
data/training_data/training_data/6503.png,train,False,
data/training_data/training_data/6504.png,train,False,
data/training_data/training_data/6505.png,train,False,
data/training_data/training_data/6506.png,train,False,
data/training_data/training_data/6507.png,train,False,
data/training_data/training_data/6508.png,train,False,
data/training_data/training_data/6509.png,train,False,
data/training_data/training_data/651.png,train,False,
data/training_data/training_data/6510.png,train,False,
data/training_data/training_data/6511.png,train,False,
data/training_data/training_data/6512.png,train,False,
data/training_data/training_data/6513.png,train,False,
data/training_data/training_data/6514.png,train,False,
data/training_data/training_data/6515.png,train,False,
data/training_data/training_data/6516.png,train,False,
data/training_data/training_data/6517.png,train,False,
data/training_data/training_data/6518.png,train,False,
data/training_data/training_data/6519.png,train,False,
data/training_data/training_data/652.png,train,False,
data/training_data/training_data/6520.png,train,False,
data/training_data/training_data/6521.png,train,False,
data/training_data/training_data/6522.png,train,False,
data/training_data/training_data/6523.png,train,False,
data/training_data/training_data/6524.png,train,False,
data/training_data/training_data/6525.png,train,False,
data/training_data/training_data/6526.png,train,False,
data/training_data/training_data/6527.png,train,False,
data/training_data/training_data/6528.png,train,False,
data/training_data/training_data/6529.png,train,False,
data/training_data/training_data/653.png,train,False,
data/training_data/training_data/6530.png,train,False,
data/training_data/training_data/6531.png,train,False,
data/training_data/training_data/6532.png,train,False,
data/training_data/training_data/6533.png,train,False,
data/training_data/training_data/6534.png,train,False,
data/training_data/training_data/6535.png,train,False,
data/training_data/training_data/6536.png,train,False,
data/training_data/training_data/6537.png,train,False,
data/training_data/training_data/6538.png,train,False,
data/training_data/training_data/6539.png,train,False,
data/training_data/training_data/654.png,train,False,
data/training_data/training_data/6540.png,train,False,
data/training_data/training_data/6541.png,train,False,
data/training_data/training_data/6542.png,train,False,
data/training_data/training_data/6543.png,train,False,
data/training_data/training_data/6544.png,train,False,
data/training_data/training_data/6545.png,train,False,
data/training_data/training_data/6546.png,train,False,
data/training_data/training_data/6547.png,train,False,
data/training_data/training_data/6548.png,train,False,
data/training_data/training_data/6549.png,train,False,
data/training_data/training_data/655.png,train,False,
data/training_data/training_data/6550.png,train,False,
data/training_data/training_data/6551.png,train,False,
data/training_data/training_data/6552.png,train,False,
data/training_data/training_data/6553.png,train,False,
data/training_data/training_data/6554.png,train,False,
data/training_data/training_data/6555.png,train,False,
data/training_data/training_data/6556.png,train,False,
data/training_data/training_data/6557.png,train,False,
data/training_data/training_data/6558.png,train,False,
data/training_data/training_data/6559.png,train,False,
data/training_data/training_data/656.png,train,False,
data/training_data/training_data/6560.png,train,False,
data/training_data/training_data/6561.png,train,False,
data/training_data/training_data/6562.png,train,False,
data/training_data/training_data/6563.png,train,False,
data/training_data/training_data/6564.png,train,False,
data/training_data/training_data/6565.png,train,False,
data/training_data/training_data/6566.png,train,False,
data/training_data/training_data/6567.png,train,False,
data/training_data/training_data/6568.png,train,False,
data/training_data/training_data/6569.png,train,False,
data/training_data/training_data/657.png,train,False,
data/training_data/training_data/6570.png,train,False,
data/training_data/training_data/6571.png,train,False,
data/training_data/training_data/6572.png,train,False,
data/training_data/training_data/6573.png,train,False,
data/training_data/training_data/6574.png,train,False,
data/training_data/training_data/6575.png,train,False,
data/training_data/training_data/6576.png,train,False,
data/training_data/training_data/6577.png,train,False,
data/training_data/training_data/6578.png,train,False,
data/training_data/training_data/6579.png,train,False,
data/training_data/training_data/658.png,train,False,
data/training_data/training_data/6580.png,train,False,
data/training_data/training_data/6581.png,train,False,
data/training_data/training_data/6582.png,train,False,
data/training_data/training_data/6583.png,train,False,
data/training_data/training_data/6584.png,train,False,
data/training_data/training_data/6585.png,train,False,
data/training_data/training_data/6586.png,train,False,
data/training_data/training_data/6587.png,train,False,
data/training_data/training_data/6588.png,train,False,
data/training_data/training_data/6589.png,train,False,
data/training_data/training_data/659.png,train,False,
data/training_data/training_data/6590.png,train,False,
data/training_data/training_data/6591.png,train,False,
data/training_data/training_data/6592.png,train,False,
data/training_data/training_data/6593.png,train,False,
data/training_data/training_data/6594.png,train,False,
data/training_data/training_data/6595.png,train,False,
data/training_data/training_data/6596.png,train,False,
data/training_data/training_data/6597.png,train,False,
data/training_data/training_data/6598.png,train,False,
data/training_data/training_data/6599.png,train,False,
data/training_data/training_data/66.png,train,False,
data/training_data/training_data/660.png,train,False,
data/training_data/training_data/6600.png,train,False,
data/training_data/training_data/6601.png,train,False,
data/training_data/training_data/6602.png,train,False,
data/training_data/training_data/6603.png,train,False,
data/training_data/training_data/6604.png,train,False,
data/training_data/training_data/6605.png,train,False,
data/training_data/training_data/6606.png,train,False,
data/training_data/training_data/6607.png,train,False,
data/training_data/training_data/6608.png,train,False,
data/training_data/training_data/6609.png,train,False,
data/training_data/training_data/661.png,train,False,
data/training_data/training_data/6610.png,train,False,
data/training_data/training_data/6611.png,train,False,
data/training_data/training_data/6612.png,train,False,
data/training_data/training_data/6613.png,train,False,
data/training_data/training_data/6614.png,train,False,
data/training_data/training_data/6615.png,train,False,
data/training_data/training_data/6616.png,train,False,
data/training_data/training_data/6617.png,train,False,
data/training_data/training_data/6618.png,train,False,
data/training_data/training_data/6619.png,train,False,
data/training_data/training_data/662.png,train,False,
data/training_data/training_data/6620.png,train,False,
data/training_data/training_data/6621.png,train,False,
data/training_data/training_data/6622.png,train,False,
data/training_data/training_data/6623.png,train,False,
data/training_data/training_data/6624.png,train,False,
data/training_data/training_data/6625.png,train,False,
data/training_data/training_data/6626.png,train,False,
data/training_data/training_data/6627.png,train,False,
data/training_data/training_data/6628.png,train,False,
data/training_data/training_data/6629.png,train,False,
data/training_data/training_data/663.png,train,False,
data/training_data/training_data/6630.png,train,False,
data/training_data/training_data/6631.png,train,False,
data/training_data/training_data/6632.png,train,False,
data/training_data/training_data/6633.png,train,False,
data/training_data/training_data/6634.png,train,False,
data/training_data/training_data/6635.png,train,False,
data/training_data/training_data/6636.png,train,False,
data/training_data/training_data/6637.png,train,False,
data/training_data/training_data/6638.png,train,False,
data/training_data/training_data/6639.png,train,False,
data/training_data/training_data/664.png,train,False,
data/training_data/training_data/6640.png,train,False,
data/training_data/training_data/6641.png,train,False,
data/training_data/training_data/6642.png,train,False,
data/training_data/training_data/6643.png,train,False,
data/training_data/training_data/6644.png,train,False,
data/training_data/training_data/6645.png,train,False,
data/training_data/training_data/6646.png,train,False,
data/training_data/training_data/6647.png,train,False,
data/training_data/training_data/6648.png,train,False,
data/training_data/training_data/6649.png,train,False,
data/training_data/training_data/665.png,train,False,
data/training_data/training_data/6650.png,train,False,
data/training_data/training_data/6651.png,train,False,
data/training_data/training_data/6652.png,train,False,
data/training_data/training_data/6653.png,train,False,
data/training_data/training_data/6654.png,train,False,
data/training_data/training_data/6655.png,train,False,
data/training_data/training_data/6656.png,train,False,
data/training_data/training_data/6657.png,train,False,
data/training_data/training_data/6658.png,train,False,
data/training_data/training_data/6659.png,train,False,
data/training_data/training_data/666.png,train,False,
data/training_data/training_data/6660.png,train,False,
data/training_data/training_data/6661.png,train,False,
data/training_data/training_data/6662.png,train,False,
data/training_data/training_data/6663.png,train,False,
data/training_data/training_data/6664.png,train,False,
data/training_data/training_data/6665.png,train,False,
data/training_data/training_data/6666.png,train,False,
data/training_data/training_data/6667.png,train,False,
data/training_data/training_data/6668.png,train,False,
data/training_data/training_data/6669.png,train,False,
data/training_data/training_data/667.png,train,False,
data/training_data/training_data/6670.png,train,False,
data/training_data/training_data/6671.png,train,False,
data/training_data/training_data/6672.png,train,False,
data/training_data/training_data/6673.png,train,False,
data/training_data/training_data/6674.png,train,False,
data/training_data/training_data/6675.png,train,False,
data/training_data/training_data/6676.png,train,False,
data/training_data/training_data/6677.png,train,False,
data/training_data/training_data/6678.png,train,False,
data/training_data/training_data/6679.png,train,False,
data/training_data/training_data/668.png,train,False,
data/training_data/training_data/6680.png,train,False,
data/training_data/training_data/6681.png,train,False,
data/training_data/training_data/6682.png,train,False,
data/training_data/training_data/6683.png,train,False,
data/training_data/training_data/6684.png,train,False,
data/training_data/training_data/6685.png,train,False,
data/training_data/training_data/6686.png,train,False,
data/training_data/training_data/6687.png,train,False,
data/training_data/training_data/6688.png,train,False,
data/training_data/training_data/6689.png,train,False,
data/training_data/training_data/669.png,train,False,
data/training_data/training_data/6690.png,train,False,
data/training_data/training_data/6691.png,train,False,
data/training_data/training_data/6692.png,train,False,
data/training_data/training_data/6693.png,train,False,
data/training_data/training_data/6694.png,train,False,
data/training_data/training_data/6695.png,train,False,
data/training_data/training_data/6696.png,train,False,
data/training_data/training_data/6697.png,train,False,
data/training_data/training_data/6698.png,train,False,
data/training_data/training_data/6699.png,train,False,
data/training_data/training_data/67.png,train,False,
data/training_data/training_data/670.png,train,False,
data/training_data/training_data/6700.png,train,False,
data/training_data/training_data/6701.png,train,False,
data/training_data/training_data/6702.png,train,False,
data/training_data/training_data/6703.png,train,False,
data/training_data/training_data/6704.png,train,False,
data/training_data/training_data/6705.png,train,False,
data/training_data/training_data/6706.png,train,False,
data/training_data/training_data/6707.png,train,False,
data/training_data/training_data/6708.png,train,False,
data/training_data/training_data/6709.png,train,False,
data/training_data/training_data/671.png,train,False,
data/training_data/training_data/6710.png,train,False,
data/training_data/training_data/6711.png,train,False,
data/training_data/training_data/6712.png,train,False,
data/training_data/training_data/6713.png,train,False,
data/training_data/training_data/6714.png,train,False,
data/training_data/training_data/6715.png,train,False,
data/training_data/training_data/6716.png,train,False,
data/training_data/training_data/6717.png,train,False,
data/training_data/training_data/6718.png,train,False,
data/training_data/training_data/6719.png,train,False,
data/training_data/training_data/672.png,train,False,
data/training_data/training_data/6720.png,train,False,
data/training_data/training_data/6721.png,train,False,
data/training_data/training_data/6722.png,train,False,
data/training_data/training_data/6723.png,train,False,
data/training_data/training_data/6724.png,train,False,
data/training_data/training_data/6725.png,train,False,
data/training_data/training_data/6726.png,train,False,
data/training_data/training_data/6727.png,train,False,
data/training_data/training_data/6728.png,train,False,
data/training_data/training_data/6729.png,train,False,
data/training_data/training_data/673.png,train,False,
data/training_data/training_data/6730.png,train,False,
data/training_data/training_data/6731.png,train,False,
data/training_data/training_data/6732.png,train,False,
data/training_data/training_data/6733.png,train,False,
data/training_data/training_data/6734.png,train,False,
data/training_data/training_data/6735.png,train,False,
data/training_data/training_data/6736.png,train,False,
data/training_data/training_data/6737.png,train,False,
data/training_data/training_data/6738.png,train,False,
data/training_data/training_data/6739.png,train,False,
data/training_data/training_data/674.png,train,False,
data/training_data/training_data/6740.png,train,False,
data/training_data/training_data/6741.png,train,False,
data/training_data/training_data/6742.png,train,False,
data/training_data/training_data/6743.png,train,False,
data/training_data/training_data/6744.png,train,False,
data/training_data/training_data/6745.png,train,False,
data/training_data/training_data/6746.png,train,False,
data/training_data/training_data/6747.png,train,False,
data/training_data/training_data/6748.png,train,False,
data/training_data/training_data/6749.png,train,False,
data/training_data/training_data/675.png,train,False,
data/training_data/training_data/6750.png,train,False,
data/training_data/training_data/6751.png,train,False,
data/training_data/training_data/6752.png,train,False,
data/training_data/training_data/6753.png,train,False,
data/training_data/training_data/6754.png,train,False,
data/training_data/training_data/6755.png,train,False,
data/training_data/training_data/6756.png,train,False,
data/training_data/training_data/6757.png,train,False,
data/training_data/training_data/6758.png,train,False,
data/training_data/training_data/6759.png,train,False,
data/training_data/training_data/676.png,train,False,
data/training_data/training_data/6760.png,train,False,
data/training_data/training_data/6761.png,train,False,
data/training_data/training_data/6762.png,train,False,
data/training_data/training_data/6763.png,train,False,
data/training_data/training_data/6764.png,train,False,
data/training_data/training_data/6765.png,train,False,
data/training_data/training_data/6766.png,train,False,
data/training_data/training_data/6767.png,train,False,
data/training_data/training_data/6768.png,train,False,
data/training_data/training_data/6769.png,train,False,
data/training_data/training_data/677.png,train,False,
data/training_data/training_data/6770.png,train,False,
data/training_data/training_data/6771.png,train,False,
data/training_data/training_data/6772.png,train,False,
data/training_data/training_data/6773.png,train,False,
data/training_data/training_data/6774.png,train,False,
data/training_data/training_data/6775.png,train,False,
data/training_data/training_data/6776.png,train,False,
data/training_data/training_data/6777.png,train,False,
data/training_data/training_data/6778.png,train,False,
data/training_data/training_data/6779.png,train,False,
data/training_data/training_data/678.png,train,False,
data/training_data/training_data/6780.png,train,False,
data/training_data/training_data/6781.png,train,False,
data/training_data/training_data/6782.png,train,False,
data/training_data/training_data/6783.png,train,False,
data/training_data/training_data/6784.png,train,False,
data/training_data/training_data/6785.png,train,False,
data/training_data/training_data/6786.png,train,False,
data/training_data/training_data/6787.png,train,False,
data/training_data/training_data/6788.png,train,False,
data/training_data/training_data/6789.png,train,False,
data/training_data/training_data/679.png,train,False,
data/training_data/training_data/6790.png,train,False,
data/training_data/training_data/6791.png,train,False,
data/training_data/training_data/6792.png,train,False,
data/training_data/training_data/6793.png,train,False,
data/training_data/training_data/6794.png,train,False,
data/training_data/training_data/6795.png,train,False,
data/training_data/training_data/6796.png,train,False,
data/training_data/training_data/6797.png,train,False,
data/training_data/training_data/6798.png,train,False,
data/training_data/training_data/6799.png,train,False,
data/training_data/training_data/68.png,train,False,
data/training_data/training_data/680.png,train,False,
data/training_data/training_data/6800.png,train,False,
data/training_data/training_data/6801.png,train,False,
data/training_data/training_data/6802.png,train,False,
data/training_data/training_data/6803.png,train,False,
data/training_data/training_data/6804.png,train,False,
data/training_data/training_data/6805.png,train,False,
data/training_data/training_data/6806.png,train,False,
data/training_data/training_data/6807.png,train,False,
data/training_data/training_data/6808.png,train,False,
data/training_data/training_data/6809.png,train,False,
data/training_data/training_data/681.png,train,False,
data/training_data/training_data/6810.png,train,False,
data/training_data/training_data/6811.png,train,False,
data/training_data/training_data/6812.png,train,False,
data/training_data/training_data/6813.png,train,False,
data/training_data/training_data/6814.png,train,False,
data/training_data/training_data/6815.png,train,False,
data/training_data/training_data/6816.png,train,False,
data/training_data/training_data/6817.png,train,False,
data/training_data/training_data/6818.png,train,False,
data/training_data/training_data/6819.png,train,False,
data/training_data/training_data/682.png,train,False,
data/training_data/training_data/6820.png,train,False,
data/training_data/training_data/6821.png,train,False,
data/training_data/training_data/6822.png,train,False,
data/training_data/training_data/6823.png,train,False,
data/training_data/training_data/6824.png,train,False,
data/training_data/training_data/6825.png,train,False,
data/training_data/training_data/6826.png,train,False,
data/training_data/training_data/6827.png,train,False,
data/training_data/training_data/6828.png,train,False,
data/training_data/training_data/6829.png,train,False,
data/training_data/training_data/683.png,train,False,
data/training_data/training_data/6830.png,train,False,
data/training_data/training_data/6831.png,train,False,
data/training_data/training_data/6832.png,train,False,
data/training_data/training_data/6833.png,train,False,
data/training_data/training_data/6834.png,train,False,
data/training_data/training_data/6835.png,train,False,
data/training_data/training_data/6836.png,train,False,
data/training_data/training_data/6837.png,train,False,
data/training_data/training_data/6838.png,train,False,
data/training_data/training_data/6839.png,train,False,
data/training_data/training_data/684.png,train,False,
data/training_data/training_data/6840.png,train,False,
data/training_data/training_data/6841.png,train,False,
data/training_data/training_data/6842.png,train,False,
data/training_data/training_data/6843.png,train,False,
data/training_data/training_data/6844.png,train,False,
data/training_data/training_data/6845.png,train,False,
data/training_data/training_data/6846.png,train,False,
data/training_data/training_data/6847.png,train,False,
data/training_data/training_data/6848.png,train,False,
data/training_data/training_data/6849.png,train,False,
data/training_data/training_data/685.png,train,False,
data/training_data/training_data/6850.png,train,False,
data/training_data/training_data/6851.png,train,False,
data/training_data/training_data/6852.png,train,False,
data/training_data/training_data/6853.png,train,False,
data/training_data/training_data/6854.png,train,False,
data/training_data/training_data/6855.png,train,False,
data/training_data/training_data/6856.png,train,False,
data/training_data/training_data/6857.png,train,False,
data/training_data/training_data/6858.png,train,False,
data/training_data/training_data/6859.png,train,False,
data/training_data/training_data/686.png,train,False,
data/training_data/training_data/6860.png,train,False,
data/training_data/training_data/6861.png,train,False,
data/training_data/training_data/6862.png,train,False,
data/training_data/training_data/6863.png,train,False,
data/training_data/training_data/6864.png,train,False,
data/training_data/training_data/6865.png,train,False,
data/training_data/training_data/6866.png,train,False,
data/training_data/training_data/6867.png,train,False,
data/training_data/training_data/6868.png,train,False,
data/training_data/training_data/6869.png,train,False,
data/training_data/training_data/687.png,train,False,
data/training_data/training_data/6870.png,train,False,
data/training_data/training_data/6871.png,train,False,
data/training_data/training_data/6872.png,train,False,
data/training_data/training_data/6873.png,train,False,
data/training_data/training_data/6874.png,train,False,
data/training_data/training_data/6875.png,train,False,
data/training_data/training_data/6876.png,train,False,
data/training_data/training_data/6877.png,train,False,
data/training_data/training_data/6878.png,train,False,
data/training_data/training_data/6879.png,train,False,
data/training_data/training_data/688.png,train,False,
data/training_data/training_data/6880.png,train,False,
data/training_data/training_data/6881.png,train,False,
data/training_data/training_data/6882.png,train,False,
data/training_data/training_data/6883.png,train,False,
data/training_data/training_data/6884.png,train,False,
data/training_data/training_data/6885.png,train,False,
data/training_data/training_data/6886.png,train,False,
data/training_data/training_data/6887.png,train,False,
data/training_data/training_data/6888.png,train,False,
data/training_data/training_data/6889.png,train,False,
data/training_data/training_data/689.png,train,False,
data/training_data/training_data/6890.png,train,False,
data/training_data/training_data/6891.png,train,False,
data/training_data/training_data/6892.png,train,False,
data/training_data/training_data/6893.png,train,False,
data/training_data/training_data/6894.png,train,False,
data/training_data/training_data/6895.png,train,False,
data/training_data/training_data/6896.png,train,False,
data/training_data/training_data/6897.png,train,False,
data/training_data/training_data/6898.png,train,False,
data/training_data/training_data/6899.png,train,False,
data/training_data/training_data/69.png,train,False,
data/training_data/training_data/690.png,train,False,
data/training_data/training_data/6900.png,train,False,
data/training_data/training_data/6901.png,train,False,
data/training_data/training_data/6902.png,train,False,
data/training_data/training_data/6903.png,train,False,
data/training_data/training_data/6904.png,train,False,
data/training_data/training_data/6905.png,train,False,
data/training_data/training_data/6906.png,train,False,
data/training_data/training_data/6907.png,train,False,
data/training_data/training_data/6908.png,train,False,
data/training_data/training_data/6909.png,train,False,
data/training_data/training_data/691.png,train,False,
data/training_data/training_data/6910.png,train,False,
data/training_data/training_data/6911.png,train,False,
data/training_data/training_data/6912.png,train,False,
data/training_data/training_data/6913.png,train,False,
data/training_data/training_data/6914.png,train,False,
data/training_data/training_data/6915.png,train,False,
data/training_data/training_data/6916.png,train,False,
data/training_data/training_data/6917.png,train,False,
data/training_data/training_data/6918.png,train,False,
data/training_data/training_data/6919.png,train,False,
data/training_data/training_data/692.png,train,False,
data/training_data/training_data/6920.png,train,False,
data/training_data/training_data/6921.png,train,False,
data/training_data/training_data/6922.png,train,False,
data/training_data/training_data/6923.png,train,False,
data/training_data/training_data/6924.png,train,False,
data/training_data/training_data/6925.png,train,False,
data/training_data/training_data/6926.png,train,False,
data/training_data/training_data/6927.png,train,False,
data/training_data/training_data/6928.png,train,False,
data/training_data/training_data/6929.png,train,False,
data/training_data/training_data/693.png,train,False,
data/training_data/training_data/6930.png,train,False,
data/training_data/training_data/6931.png,train,False,
data/training_data/training_data/6932.png,train,False,
data/training_data/training_data/6933.png,train,False,
data/training_data/training_data/6934.png,train,False,
data/training_data/training_data/6935.png,train,False,
data/training_data/training_data/6936.png,train,False,
data/training_data/training_data/6937.png,train,False,
data/training_data/training_data/6938.png,train,False,
data/training_data/training_data/6939.png,train,False,
data/training_data/training_data/694.png,train,False,
data/training_data/training_data/6940.png,train,False,
data/training_data/training_data/6941.png,train,False,
data/training_data/training_data/6942.png,train,False,
data/training_data/training_data/6943.png,train,False,
data/training_data/training_data/6944.png,train,False,
data/training_data/training_data/6945.png,train,False,
data/training_data/training_data/6946.png,train,False,
data/training_data/training_data/6947.png,train,False,
data/training_data/training_data/6948.png,train,False,
data/training_data/training_data/6949.png,train,False,
data/training_data/training_data/695.png,train,False,
data/training_data/training_data/6950.png,train,False,
data/training_data/training_data/6951.png,train,False,
data/training_data/training_data/6952.png,train,False,
data/training_data/training_data/6953.png,train,False,
data/training_data/training_data/6954.png,train,False,
data/training_data/training_data/6955.png,train,False,
data/training_data/training_data/6956.png,train,False,
data/training_data/training_data/6957.png,train,False,
data/training_data/training_data/6958.png,train,False,
data/training_data/training_data/6959.png,train,False,
data/training_data/training_data/696.png,train,False,
data/training_data/training_data/6960.png,train,False,
data/training_data/training_data/6961.png,train,False,
data/training_data/training_data/6962.png,train,False,
data/training_data/training_data/6963.png,train,False,
data/training_data/training_data/6964.png,train,False,
data/training_data/training_data/6965.png,train,False,
data/training_data/training_data/6966.png,train,False,
data/training_data/training_data/6967.png,train,False,
data/training_data/training_data/6968.png,train,False,
data/training_data/training_data/6969.png,train,False,
data/training_data/training_data/697.png,train,False,
data/training_data/training_data/6970.png,train,False,
data/training_data/training_data/6971.png,train,False,
data/training_data/training_data/6972.png,train,False,
data/training_data/training_data/6973.png,train,False,
data/training_data/training_data/6974.png,train,False,
data/training_data/training_data/6975.png,train,False,
data/training_data/training_data/6976.png,train,False,
data/training_data/training_data/6977.png,train,False,
data/training_data/training_data/6978.png,train,False,
data/training_data/training_data/6979.png,train,False,
data/training_data/training_data/698.png,train,False,
data/training_data/training_data/6980.png,train,False,
data/training_data/training_data/6981.png,train,False,
data/training_data/training_data/6982.png,train,False,
data/training_data/training_data/6983.png,train,False,
data/training_data/training_data/6984.png,train,False,
data/training_data/training_data/6985.png,train,False,
data/training_data/training_data/6986.png,train,False,
data/training_data/training_data/6987.png,train,False,
data/training_data/training_data/6988.png,train,False,
data/training_data/training_data/6989.png,train,False,
data/training_data/training_data/699.png,train,False,
data/training_data/training_data/6990.png,train,False,
data/training_data/training_data/6991.png,train,False,
data/training_data/training_data/6992.png,train,False,
data/training_data/training_data/6993.png,train,False,
data/training_data/training_data/6994.png,train,False,
data/training_data/training_data/6995.png,train,False,
data/training_data/training_data/6996.png,train,False,
data/training_data/training_data/6997.png,train,False,
data/training_data/training_data/6998.png,train,False,
data/training_data/training_data/6999.png,train,False,
data/training_data/training_data/7.png,train,False,
data/training_data/training_data/70.png,train,False,
data/training_data/training_data/700.png,train,False,
data/training_data/training_data/7000.png,train,False,
data/training_data/training_data/7001.png,train,False,
data/training_data/training_data/7002.png,train,False,
data/training_data/training_data/7003.png,train,False,
data/training_data/training_data/7004.png,train,False,
data/training_data/training_data/7005.png,train,False,
data/training_data/training_data/7006.png,train,False,
data/training_data/training_data/7007.png,train,False,
data/training_data/training_data/7008.png,train,False,
data/training_data/training_data/7009.png,train,False,
data/training_data/training_data/701.png,train,False,
data/training_data/training_data/7010.png,train,False,
data/training_data/training_data/7011.png,train,False,
data/training_data/training_data/7012.png,train,False,
data/training_data/training_data/7013.png,train,False,
data/training_data/training_data/7014.png,train,False,
data/training_data/training_data/7015.png,train,False,
data/training_data/training_data/7016.png,train,False,
data/training_data/training_data/7017.png,train,False,
data/training_data/training_data/7018.png,train,False,
data/training_data/training_data/7019.png,train,False,
data/training_data/training_data/702.png,train,False,
data/training_data/training_data/7020.png,train,False,
data/training_data/training_data/7021.png,train,False,
data/training_data/training_data/7022.png,train,False,
data/training_data/training_data/7023.png,train,False,
data/training_data/training_data/7024.png,train,False,
data/training_data/training_data/7025.png,train,False,
data/training_data/training_data/7026.png,train,False,
data/training_data/training_data/7027.png,train,False,
data/training_data/training_data/7028.png,train,False,
data/training_data/training_data/7029.png,train,False,
data/training_data/training_data/703.png,train,False,
data/training_data/training_data/7030.png,train,False,
data/training_data/training_data/7031.png,train,False,
data/training_data/training_data/7032.png,train,False,
data/training_data/training_data/7033.png,train,False,
data/training_data/training_data/7034.png,train,False,
data/training_data/training_data/7035.png,train,False,
data/training_data/training_data/7036.png,train,False,
data/training_data/training_data/7038.png,train,False,
data/training_data/training_data/7039.png,train,False,
data/training_data/training_data/704.png,train,False,
data/training_data/training_data/7040.png,train,False,
data/training_data/training_data/7041.png,train,False,
data/training_data/training_data/7042.png,train,False,
data/training_data/training_data/7043.png,train,False,
data/training_data/training_data/7044.png,train,False,
data/training_data/training_data/7045.png,train,False,
data/training_data/training_data/7046.png,train,False,
data/training_data/training_data/7047.png,train,False,
data/training_data/training_data/7048.png,train,False,
data/training_data/training_data/7049.png,train,False,
data/training_data/training_data/705.png,train,False,
data/training_data/training_data/7050.png,train,False,
data/training_data/training_data/7051.png,train,False,
data/training_data/training_data/7052.png,train,False,
data/training_data/training_data/7053.png,train,False,
data/training_data/training_data/7054.png,train,False,
data/training_data/training_data/7055.png,train,False,
data/training_data/training_data/7056.png,train,False,
data/training_data/training_data/7057.png,train,False,
data/training_data/training_data/7058.png,train,False,
data/training_data/training_data/7059.png,train,False,
data/training_data/training_data/706.png,train,False,
data/training_data/training_data/7060.png,train,False,
data/training_data/training_data/7061.png,train,False,
data/training_data/training_data/7062.png,train,False,
data/training_data/training_data/7063.png,train,False,
data/training_data/training_data/7064.png,train,False,
data/training_data/training_data/7065.png,train,False,
data/training_data/training_data/7066.png,train,False,
data/training_data/training_data/7067.png,train,False,
data/training_data/training_data/7068.png,train,False,
data/training_data/training_data/7069.png,train,False,
data/training_data/training_data/707.png,train,False,
data/training_data/training_data/7070.png,train,False,
data/training_data/training_data/7071.png,train,False,
data/training_data/training_data/7072.png,train,False,
data/training_data/training_data/7073.png,train,False,
data/training_data/training_data/7074.png,train,False,
data/training_data/training_data/7075.png,train,False,
data/training_data/training_data/7076.png,train,False,
data/training_data/training_data/7077.png,train,False,
data/training_data/training_data/7078.png,train,False,
data/training_data/training_data/7079.png,train,False,
data/training_data/training_data/708.png,train,False,
data/training_data/training_data/7080.png,train,False,
data/training_data/training_data/7081.png,train,False,
data/training_data/training_data/7082.png,train,False,
data/training_data/training_data/7083.png,train,False,
data/training_data/training_data/7084.png,train,False,
data/training_data/training_data/7085.png,train,False,
data/training_data/training_data/7086.png,train,False,
data/training_data/training_data/7087.png,train,False,
data/training_data/training_data/7088.png,train,False,
data/training_data/training_data/7089.png,train,False,
data/training_data/training_data/709.png,train,False,
data/training_data/training_data/7090.png,train,False,
data/training_data/training_data/7091.png,train,False,
data/training_data/training_data/7092.png,train,False,
data/training_data/training_data/7093.png,train,False,
data/training_data/training_data/7094.png,train,False,
data/training_data/training_data/7095.png,train,False,
data/training_data/training_data/7096.png,train,False,
data/training_data/training_data/7097.png,train,False,
data/training_data/training_data/7098.png,train,False,
data/training_data/training_data/7099.png,train,False,
data/training_data/training_data/710.png,train,False,
data/training_data/training_data/7100.png,train,False,
data/training_data/training_data/7101.png,train,False,
data/training_data/training_data/7102.png,train,False,
data/training_data/training_data/7103.png,train,False,
data/training_data/training_data/7104.png,train,False,
data/training_data/training_data/7105.png,train,False,
data/training_data/training_data/7106.png,train,False,
data/training_data/training_data/7107.png,train,False,
data/training_data/training_data/7108.png,train,False,
data/training_data/training_data/7109.png,train,False,
data/training_data/training_data/711.png,train,False,
data/training_data/training_data/7110.png,train,False,
data/training_data/training_data/7111.png,train,False,
data/training_data/training_data/7112.png,train,False,
data/training_data/training_data/7113.png,train,False,
data/training_data/training_data/7114.png,train,False,
data/training_data/training_data/7115.png,train,False,
data/training_data/training_data/7116.png,train,False,
data/training_data/training_data/7117.png,train,False,
data/training_data/training_data/7118.png,train,False,
data/training_data/training_data/7119.png,train,False,
data/training_data/training_data/712.png,train,False,
data/training_data/training_data/7120.png,train,False,
data/training_data/training_data/7121.png,train,False,
data/training_data/training_data/7122.png,train,False,
data/training_data/training_data/7123.png,train,False,
data/training_data/training_data/7124.png,train,False,
data/training_data/training_data/7125.png,train,False,
data/training_data/training_data/7126.png,train,False,
data/training_data/training_data/7127.png,train,False,
data/training_data/training_data/7128.png,train,False,
data/training_data/training_data/7129.png,train,False,
data/training_data/training_data/713.png,train,False,
data/training_data/training_data/7130.png,train,False,
data/training_data/training_data/7131.png,train,False,
data/training_data/training_data/7132.png,train,False,
data/training_data/training_data/7133.png,train,False,
data/training_data/training_data/7134.png,train,False,
data/training_data/training_data/7135.png,train,False,
data/training_data/training_data/7136.png,train,False,
data/training_data/training_data/7137.png,train,False,
data/training_data/training_data/7138.png,train,False,
data/training_data/training_data/7139.png,train,False,
data/training_data/training_data/714.png,train,False,
data/training_data/training_data/7140.png,train,False,
data/training_data/training_data/7141.png,train,False,
data/training_data/training_data/7142.png,train,False,
data/training_data/training_data/7143.png,train,False,
data/training_data/training_data/7144.png,train,False,
data/training_data/training_data/7145.png,train,False,
data/training_data/training_data/7146.png,train,False,
data/training_data/training_data/7147.png,train,False,
data/training_data/training_data/7148.png,train,False,
data/training_data/training_data/7149.png,train,False,
data/training_data/training_data/715.png,train,False,
data/training_data/training_data/7150.png,train,False,
data/training_data/training_data/7151.png,train,False,
data/training_data/training_data/7152.png,train,False,
data/training_data/training_data/7153.png,train,False,
data/training_data/training_data/7154.png,train,False,
data/training_data/training_data/7155.png,train,False,
data/training_data/training_data/7156.png,train,False,
data/training_data/training_data/7157.png,train,False,
data/training_data/training_data/7158.png,train,False,
data/training_data/training_data/7159.png,train,False,
data/training_data/training_data/716.png,train,False,
data/training_data/training_data/7160.png,train,False,
data/training_data/training_data/7161.png,train,False,
data/training_data/training_data/7162.png,train,False,
data/training_data/training_data/7163.png,train,False,
data/training_data/training_data/7164.png,train,False,
data/training_data/training_data/7165.png,train,False,
data/training_data/training_data/7166.png,train,False,
data/training_data/training_data/7167.png,train,False,
data/training_data/training_data/7168.png,train,False,
data/training_data/training_data/7169.png,train,False,
data/training_data/training_data/717.png,train,False,
data/training_data/training_data/7170.png,train,False,
data/training_data/training_data/7171.png,train,False,
data/training_data/training_data/7172.png,train,False,
data/training_data/training_data/7173.png,train,False,
data/training_data/training_data/7174.png,train,False,
data/training_data/training_data/7175.png,train,False,
data/training_data/training_data/7176.png,train,False,
data/training_data/training_data/7177.png,train,False,
data/training_data/training_data/7178.png,train,False,
data/training_data/training_data/7179.png,train,False,
data/training_data/training_data/718.png,train,False,
data/training_data/training_data/7180.png,train,False,
data/training_data/training_data/7181.png,train,False,
data/training_data/training_data/7182.png,train,False,
data/training_data/training_data/7183.png,train,False,
data/training_data/training_data/7184.png,train,False,
data/training_data/training_data/7185.png,train,False,
data/training_data/training_data/7186.png,train,False,
data/training_data/training_data/7187.png,train,False,
data/training_data/training_data/7188.png,train,False,
data/training_data/training_data/7189.png,train,False,
data/training_data/training_data/719.png,train,False,
data/training_data/training_data/7190.png,train,False,
data/training_data/training_data/7191.png,train,False,
data/training_data/training_data/7192.png,train,False,
data/training_data/training_data/7193.png,train,False,
data/training_data/training_data/7194.png,train,False,
data/training_data/training_data/7195.png,train,False,
data/training_data/training_data/7196.png,train,False,
data/training_data/training_data/7197.png,train,False,
data/training_data/training_data/7198.png,train,False,
data/training_data/training_data/7199.png,train,False,
data/training_data/training_data/72.png,train,False,
data/training_data/training_data/720.png,train,False,
data/training_data/training_data/7200.png,train,False,
data/training_data/training_data/7201.png,train,False,
data/training_data/training_data/7202.png,train,False,
data/training_data/training_data/7203.png,train,False,
data/training_data/training_data/7204.png,train,False,
data/training_data/training_data/7205.png,train,False,
data/training_data/training_data/7206.png,train,False,
data/training_data/training_data/7207.png,train,False,
data/training_data/training_data/7208.png,train,False,
data/training_data/training_data/7209.png,train,False,
data/training_data/training_data/721.png,train,False,
data/training_data/training_data/7210.png,train,False,
data/training_data/training_data/7211.png,train,False,
data/training_data/training_data/7212.png,train,False,
data/training_data/training_data/7213.png,train,False,
data/training_data/training_data/7214.png,train,False,
data/training_data/training_data/7215.png,train,False,
data/training_data/training_data/7216.png,train,False,
data/training_data/training_data/7217.png,train,False,
data/training_data/training_data/7218.png,train,False,
data/training_data/training_data/7219.png,train,False,
data/training_data/training_data/722.png,train,False,
data/training_data/training_data/7220.png,train,False,
data/training_data/training_data/7221.png,train,False,
data/training_data/training_data/7222.png,train,False,
data/training_data/training_data/7223.png,train,False,
data/training_data/training_data/7224.png,train,False,
data/training_data/training_data/7225.png,train,False,
data/training_data/training_data/7226.png,train,False,
data/training_data/training_data/7227.png,train,False,
data/training_data/training_data/7228.png,train,False,
data/training_data/training_data/7229.png,train,False,
data/training_data/training_data/723.png,train,False,
data/training_data/training_data/7230.png,train,False,
data/training_data/training_data/7231.png,train,False,
data/training_data/training_data/7232.png,train,False,
data/training_data/training_data/7233.png,train,False,
data/training_data/training_data/7234.png,train,False,
data/training_data/training_data/7235.png,train,False,
data/training_data/training_data/7236.png,train,False,
data/training_data/training_data/7237.png,train,False,
data/training_data/training_data/7238.png,train,False,
data/training_data/training_data/7239.png,train,False,
data/training_data/training_data/724.png,train,False,
data/training_data/training_data/7240.png,train,False,
data/training_data/training_data/7241.png,train,False,
data/training_data/training_data/7242.png,train,False,
data/training_data/training_data/7243.png,train,False,
data/training_data/training_data/7244.png,train,False,
data/training_data/training_data/7245.png,train,False,
data/training_data/training_data/7246.png,train,False,
data/training_data/training_data/7247.png,train,False,
data/training_data/training_data/7248.png,train,False,
data/training_data/training_data/7249.png,train,False,
data/training_data/training_data/725.png,train,False,
data/training_data/training_data/7250.png,train,False,
data/training_data/training_data/7251.png,train,False,
data/training_data/training_data/7252.png,train,False,
data/training_data/training_data/7253.png,train,False,
data/training_data/training_data/7254.png,train,False,
data/training_data/training_data/7255.png,train,False,
data/training_data/training_data/7256.png,train,False,
data/training_data/training_data/7257.png,train,False,
data/training_data/training_data/7258.png,train,False,
data/training_data/training_data/7259.png,train,False,
data/training_data/training_data/726.png,train,False,
data/training_data/training_data/7260.png,train,False,
data/training_data/training_data/7261.png,train,False,
data/training_data/training_data/7262.png,train,False,
data/training_data/training_data/7263.png,train,False,
data/training_data/training_data/7264.png,train,False,
data/training_data/training_data/7265.png,train,False,
data/training_data/training_data/7266.png,train,False,
data/training_data/training_data/7267.png,train,False,
data/training_data/training_data/7268.png,train,False,
data/training_data/training_data/7269.png,train,False,
data/training_data/training_data/727.png,train,False,
data/training_data/training_data/7270.png,train,False,
data/training_data/training_data/7271.png,train,False,
data/training_data/training_data/7272.png,train,False,
data/training_data/training_data/7273.png,train,False,
data/training_data/training_data/7274.png,train,False,
data/training_data/training_data/7275.png,train,False,
data/training_data/training_data/7276.png,train,False,
data/training_data/training_data/7277.png,train,False,
data/training_data/training_data/7278.png,train,False,
data/training_data/training_data/7279.png,train,False,
data/training_data/training_data/728.png,train,False,
data/training_data/training_data/7280.png,train,False,
data/training_data/training_data/7281.png,train,False,
data/training_data/training_data/7282.png,train,False,
data/training_data/training_data/7283.png,train,False,
data/training_data/training_data/7284.png,train,False,
data/training_data/training_data/7285.png,train,False,
data/training_data/training_data/7286.png,train,False,
data/training_data/training_data/7287.png,train,False,
data/training_data/training_data/7288.png,train,False,
data/training_data/training_data/7289.png,train,False,
data/training_data/training_data/729.png,train,False,
data/training_data/training_data/7290.png,train,False,
data/training_data/training_data/7291.png,train,False,
data/training_data/training_data/7292.png,train,False,
data/training_data/training_data/7293.png,train,False,
data/training_data/training_data/7294.png,train,False,
data/training_data/training_data/7295.png,train,False,
data/training_data/training_data/7296.png,train,False,
data/training_data/training_data/7297.png,train,False,
data/training_data/training_data/7298.png,train,False,
data/training_data/training_data/7299.png,train,False,
data/training_data/training_data/73.png,train,False,
data/training_data/training_data/730.png,train,False,
data/training_data/training_data/7300.png,train,False,
data/training_data/training_data/7301.png,train,False,
data/training_data/training_data/7302.png,train,False,
data/training_data/training_data/7303.png,train,False,
data/training_data/training_data/7304.png,train,False,
data/training_data/training_data/7305.png,train,False,
data/training_data/training_data/7306.png,train,False,
data/training_data/training_data/7307.png,train,False,
data/training_data/training_data/7308.png,train,False,
data/training_data/training_data/7309.png,train,False,
data/training_data/training_data/731.png,train,False,
data/training_data/training_data/7310.png,train,False,
data/training_data/training_data/7311.png,train,False,
data/training_data/training_data/7312.png,train,False,
data/training_data/training_data/7313.png,train,False,
data/training_data/training_data/7314.png,train,False,
data/training_data/training_data/7315.png,train,False,
data/training_data/training_data/7316.png,train,False,
data/training_data/training_data/7317.png,train,False,
data/training_data/training_data/7318.png,train,False,
data/training_data/training_data/7319.png,train,False,
data/training_data/training_data/732.png,train,False,
data/training_data/training_data/7320.png,train,False,
data/training_data/training_data/7321.png,train,False,
data/training_data/training_data/7322.png,train,False,
data/training_data/training_data/7323.png,train,False,
data/training_data/training_data/7324.png,train,False,
data/training_data/training_data/7325.png,train,False,
data/training_data/training_data/7326.png,train,False,
data/training_data/training_data/7327.png,train,False,
data/training_data/training_data/7328.png,train,False,
data/training_data/training_data/7329.png,train,False,
data/training_data/training_data/733.png,train,False,
data/training_data/training_data/7330.png,train,False,
data/training_data/training_data/7331.png,train,False,
data/training_data/training_data/7332.png,train,False,
data/training_data/training_data/7333.png,train,False,
data/training_data/training_data/7334.png,train,False,
data/training_data/training_data/7335.png,train,False,
data/training_data/training_data/7336.png,train,False,
data/training_data/training_data/7337.png,train,False,
data/training_data/training_data/7338.png,train,False,
data/training_data/training_data/7339.png,train,False,
data/training_data/training_data/734.png,train,False,
data/training_data/training_data/7340.png,train,False,
data/training_data/training_data/7341.png,train,False,
data/training_data/training_data/7342.png,train,False,
data/training_data/training_data/7343.png,train,False,
data/training_data/training_data/7344.png,train,False,
data/training_data/training_data/7345.png,train,False,
data/training_data/training_data/7346.png,train,False,
data/training_data/training_data/7347.png,train,False,
data/training_data/training_data/7348.png,train,False,
data/training_data/training_data/7349.png,train,False,
data/training_data/training_data/735.png,train,False,
data/training_data/training_data/7350.png,train,False,
data/training_data/training_data/7351.png,train,False,
data/training_data/training_data/7352.png,train,False,
data/training_data/training_data/7353.png,train,False,
data/training_data/training_data/7354.png,train,False,
data/training_data/training_data/7355.png,train,False,
data/training_data/training_data/7356.png,train,False,
data/training_data/training_data/7357.png,train,False,
data/training_data/training_data/7358.png,train,False,
data/training_data/training_data/7359.png,train,False,
data/training_data/training_data/736.png,train,False,
data/training_data/training_data/7360.png,train,False,
data/training_data/training_data/7361.png,train,False,
data/training_data/training_data/7362.png,train,False,
data/training_data/training_data/7363.png,train,False,
data/training_data/training_data/7364.png,train,False,
data/training_data/training_data/7365.png,train,False,
data/training_data/training_data/7366.png,train,False,
data/training_data/training_data/7367.png,train,False,
data/training_data/training_data/7368.png,train,False,
data/training_data/training_data/7369.png,train,False,
data/training_data/training_data/737.png,train,False,
data/training_data/training_data/7370.png,train,False,
data/training_data/training_data/7371.png,train,False,
data/training_data/training_data/7372.png,train,False,
data/training_data/training_data/7373.png,train,False,
data/training_data/training_data/7374.png,train,False,
data/training_data/training_data/7375.png,train,False,
data/training_data/training_data/7376.png,train,False,
data/training_data/training_data/7377.png,train,False,
data/training_data/training_data/7378.png,train,False,
data/training_data/training_data/7379.png,train,False,
data/training_data/training_data/738.png,train,False,
data/training_data/training_data/7380.png,train,False,
data/training_data/training_data/7381.png,train,False,
data/training_data/training_data/7382.png,train,False,
data/training_data/training_data/7383.png,train,False,
data/training_data/training_data/7384.png,train,False,
data/training_data/training_data/7385.png,train,False,
data/training_data/training_data/7386.png,train,False,
data/training_data/training_data/7387.png,train,False,
data/training_data/training_data/7388.png,train,False,
data/training_data/training_data/7389.png,train,False,
data/training_data/training_data/739.png,train,False,
data/training_data/training_data/7390.png,train,False,
data/training_data/training_data/7391.png,train,False,
data/training_data/training_data/7392.png,train,False,
data/training_data/training_data/7393.png,train,False,
data/training_data/training_data/7394.png,train,False,
data/training_data/training_data/7395.png,train,False,
data/training_data/training_data/7396.png,train,False,
data/training_data/training_data/7397.png,train,False,
data/training_data/training_data/7398.png,train,False,
data/training_data/training_data/7399.png,train,False,
data/training_data/training_data/74.png,train,False,
data/training_data/training_data/740.png,train,False,
data/training_data/training_data/7400.png,train,False,
data/training_data/training_data/7401.png,train,False,
data/training_data/training_data/7402.png,train,False,
data/training_data/training_data/7403.png,train,False,
data/training_data/training_data/7404.png,train,False,
data/training_data/training_data/7405.png,train,False,
data/training_data/training_data/7406.png,train,False,
data/training_data/training_data/7407.png,train,False,
data/training_data/training_data/7408.png,train,False,
data/training_data/training_data/7409.png,train,False,
data/training_data/training_data/741.png,train,False,
data/training_data/training_data/7410.png,train,False,
data/training_data/training_data/7411.png,train,False,
data/training_data/training_data/7412.png,train,False,
data/training_data/training_data/7413.png,train,False,
data/training_data/training_data/7414.png,train,False,
data/training_data/training_data/7415.png,train,False,
data/training_data/training_data/7416.png,train,False,
data/training_data/training_data/7417.png,train,False,
data/training_data/training_data/7418.png,train,False,
data/training_data/training_data/7419.png,train,False,
data/training_data/training_data/742.png,train,False,
data/training_data/training_data/7420.png,train,False,
data/training_data/training_data/7421.png,train,False,
data/training_data/training_data/7422.png,train,False,
data/training_data/training_data/7423.png,train,False,
data/training_data/training_data/7424.png,train,False,
data/training_data/training_data/7425.png,train,False,
data/training_data/training_data/7426.png,train,False,
data/training_data/training_data/7427.png,train,False,
data/training_data/training_data/7428.png,train,False,
data/training_data/training_data/7429.png,train,False,
data/training_data/training_data/743.png,train,False,
data/training_data/training_data/7430.png,train,False,
data/training_data/training_data/7431.png,train,False,
data/training_data/training_data/7432.png,train,False,
data/training_data/training_data/7433.png,train,False,
data/training_data/training_data/7434.png,train,False,
data/training_data/training_data/7435.png,train,False,
data/training_data/training_data/7436.png,train,False,
data/training_data/training_data/7437.png,train,False,
data/training_data/training_data/7438.png,train,False,
data/training_data/training_data/7439.png,train,False,
data/training_data/training_data/744.png,train,False,
data/training_data/training_data/7440.png,train,False,
data/training_data/training_data/7441.png,train,False,
data/training_data/training_data/7442.png,train,False,
data/training_data/training_data/7443.png,train,False,
data/training_data/training_data/7444.png,train,False,
data/training_data/training_data/7445.png,train,False,
data/training_data/training_data/7446.png,train,False,
data/training_data/training_data/7447.png,train,False,
data/training_data/training_data/7448.png,train,False,
data/training_data/training_data/7449.png,train,False,
data/training_data/training_data/745.png,train,False,
data/training_data/training_data/7450.png,train,False,
data/training_data/training_data/7451.png,train,False,
data/training_data/training_data/7452.png,train,False,
data/training_data/training_data/7453.png,train,False,
data/training_data/training_data/7454.png,train,False,
data/training_data/training_data/7455.png,train,False,
data/training_data/training_data/7456.png,train,False,
data/training_data/training_data/7457.png,train,False,
data/training_data/training_data/7458.png,train,False,
data/training_data/training_data/7459.png,train,False,
data/training_data/training_data/746.png,train,False,
data/training_data/training_data/7460.png,train,False,
data/training_data/training_data/7461.png,train,False,
data/training_data/training_data/7462.png,train,False,
data/training_data/training_data/7463.png,train,False,
data/training_data/training_data/7464.png,train,False,
data/training_data/training_data/7465.png,train,False,
data/training_data/training_data/7466.png,train,False,
data/training_data/training_data/7467.png,train,False,
data/training_data/training_data/7468.png,train,False,
data/training_data/training_data/7469.png,train,False,
data/training_data/training_data/747.png,train,False,
data/training_data/training_data/7470.png,train,False,
data/training_data/training_data/7471.png,train,False,
data/training_data/training_data/7472.png,train,False,
data/training_data/training_data/7473.png,train,False,
data/training_data/training_data/7474.png,train,False,
data/training_data/training_data/7475.png,train,False,
data/training_data/training_data/7476.png,train,False,
data/training_data/training_data/7477.png,train,False,
data/training_data/training_data/7478.png,train,False,
data/training_data/training_data/7479.png,train,False,
data/training_data/training_data/748.png,train,False,
data/training_data/training_data/7480.png,train,False,
data/training_data/training_data/7481.png,train,False,
data/training_data/training_data/7482.png,train,False,
data/training_data/training_data/7483.png,train,False,
data/training_data/training_data/7484.png,train,False,
data/training_data/training_data/7485.png,train,False,
data/training_data/training_data/7486.png,train,False,
data/training_data/training_data/7487.png,train,False,
data/training_data/training_data/7488.png,train,False,
data/training_data/training_data/7489.png,train,False,
data/training_data/training_data/749.png,train,False,
data/training_data/training_data/7490.png,train,False,
data/training_data/training_data/7491.png,train,False,
data/training_data/training_data/7492.png,train,False,
data/training_data/training_data/7493.png,train,False,
data/training_data/training_data/7494.png,train,False,
data/training_data/training_data/7495.png,train,False,
data/training_data/training_data/7496.png,train,False,
data/training_data/training_data/7497.png,train,False,
data/training_data/training_data/7498.png,train,False,
data/training_data/training_data/7499.png,train,False,
data/training_data/training_data/75.png,train,False,
data/training_data/training_data/750.png,train,False,
data/training_data/training_data/7500.png,train,False,
data/training_data/training_data/7501.png,train,False,
data/training_data/training_data/7502.png,train,False,
data/training_data/training_data/7503.png,train,False,
data/training_data/training_data/7504.png,train,False,
data/training_data/training_data/7505.png,train,False,
data/training_data/training_data/7506.png,train,False,
data/training_data/training_data/7507.png,train,False,
data/training_data/training_data/7508.png,train,False,
data/training_data/training_data/7509.png,train,False,
data/training_data/training_data/751.png,train,False,
data/training_data/training_data/7510.png,train,False,
data/training_data/training_data/7511.png,train,False,
data/training_data/training_data/7512.png,train,False,
data/training_data/training_data/7513.png,train,False,
data/training_data/training_data/7514.png,train,False,
data/training_data/training_data/7515.png,train,False,
data/training_data/training_data/7516.png,train,False,
data/training_data/training_data/7517.png,train,False,
data/training_data/training_data/7518.png,train,False,
data/training_data/training_data/7519.png,train,False,
data/training_data/training_data/752.png,train,False,
data/training_data/training_data/7520.png,train,False,
data/training_data/training_data/7521.png,train,False,
data/training_data/training_data/7522.png,train,False,
data/training_data/training_data/7523.png,train,False,
data/training_data/training_data/7524.png,train,False,
data/training_data/training_data/7525.png,train,False,
data/training_data/training_data/7526.png,train,False,
data/training_data/training_data/7527.png,train,False,
data/training_data/training_data/7528.png,train,False,
data/training_data/training_data/7529.png,train,False,
data/training_data/training_data/753.png,train,False,
data/training_data/training_data/7530.png,train,False,
data/training_data/training_data/7531.png,train,False,
data/training_data/training_data/7532.png,train,False,
data/training_data/training_data/7533.png,train,False,
data/training_data/training_data/7534.png,train,False,
data/training_data/training_data/7535.png,train,False,
data/training_data/training_data/7536.png,train,False,
data/training_data/training_data/7537.png,train,False,
data/training_data/training_data/7538.png,train,False,
data/training_data/training_data/7539.png,train,False,
data/training_data/training_data/754.png,train,False,
data/training_data/training_data/7540.png,train,False,
data/training_data/training_data/7541.png,train,False,
data/training_data/training_data/7542.png,train,False,
data/training_data/training_data/7543.png,train,False,
data/training_data/training_data/7544.png,train,False,
data/training_data/training_data/7545.png,train,False,
data/training_data/training_data/7546.png,train,False,
data/training_data/training_data/7547.png,train,False,
data/training_data/training_data/7548.png,train,False,
data/training_data/training_data/7549.png,train,False,
data/training_data/training_data/755.png,train,False,
data/training_data/training_data/7550.png,train,False,
data/training_data/training_data/7551.png,train,False,
data/training_data/training_data/7552.png,train,False,
data/training_data/training_data/7553.png,train,False,
data/training_data/training_data/7554.png,train,False,
data/training_data/training_data/7555.png,train,False,
data/training_data/training_data/7556.png,train,False,
data/training_data/training_data/7557.png,train,False,
data/training_data/training_data/7558.png,train,False,
data/training_data/training_data/7559.png,train,False,
data/training_data/training_data/756.png,train,False,
data/training_data/training_data/7560.png,train,False,
data/training_data/training_data/7561.png,train,False,
data/training_data/training_data/7562.png,train,False,
data/training_data/training_data/7563.png,train,False,
data/training_data/training_data/7564.png,train,False,
data/training_data/training_data/7565.png,train,False,
data/training_data/training_data/7566.png,train,False,
data/training_data/training_data/7567.png,train,False,
data/training_data/training_data/7568.png,train,False,
data/training_data/training_data/7569.png,train,False,
data/training_data/training_data/757.png,train,False,
data/training_data/training_data/7570.png,train,False,
data/training_data/training_data/7571.png,train,False,
data/training_data/training_data/7572.png,train,False,
data/training_data/training_data/7573.png,train,False,
data/training_data/training_data/7574.png,train,False,
data/training_data/training_data/7575.png,train,False,
data/training_data/training_data/7576.png,train,False,
data/training_data/training_data/7577.png,train,False,
data/training_data/training_data/7578.png,train,False,
data/training_data/training_data/7579.png,train,False,
data/training_data/training_data/758.png,train,False,
data/training_data/training_data/7580.png,train,False,
data/training_data/training_data/7581.png,train,False,
data/training_data/training_data/7582.png,train,False,
data/training_data/training_data/7583.png,train,False,
data/training_data/training_data/7584.png,train,False,
data/training_data/training_data/7585.png,train,False,
data/training_data/training_data/7586.png,train,False,
data/training_data/training_data/7587.png,train,False,
data/training_data/training_data/7588.png,train,False,
data/training_data/training_data/7589.png,train,False,
data/training_data/training_data/759.png,train,False,
data/training_data/training_data/7590.png,train,False,
data/training_data/training_data/7591.png,train,False,
data/training_data/training_data/7592.png,train,False,
data/training_data/training_data/7593.png,train,False,
data/training_data/training_data/7594.png,train,False,
data/training_data/training_data/7595.png,train,False,
data/training_data/training_data/7596.png,train,False,
data/training_data/training_data/7597.png,train,False,
data/training_data/training_data/7598.png,train,False,
data/training_data/training_data/7599.png,train,False,
data/training_data/training_data/76.png,train,False,
data/training_data/training_data/760.png,train,False,
data/training_data/training_data/7600.png,train,False,
data/training_data/training_data/7601.png,train,False,
data/training_data/training_data/7602.png,train,False,
data/training_data/training_data/7603.png,train,False,
data/training_data/training_data/7604.png,train,False,
data/training_data/training_data/7605.png,train,False,
data/training_data/training_data/7606.png,train,False,
data/training_data/training_data/7607.png,train,False,
data/training_data/training_data/7608.png,train,False,
data/training_data/training_data/7609.png,train,False,
data/training_data/training_data/761.png,train,False,
data/training_data/training_data/7610.png,train,False,
data/training_data/training_data/7611.png,train,False,
data/training_data/training_data/7612.png,train,False,
data/training_data/training_data/7613.png,train,False,
data/training_data/training_data/7614.png,train,False,
data/training_data/training_data/7615.png,train,False,
data/training_data/training_data/7616.png,train,False,
data/training_data/training_data/7617.png,train,False,
data/training_data/training_data/7618.png,train,False,
data/training_data/training_data/7619.png,train,False,
data/training_data/training_data/762.png,train,False,
data/training_data/training_data/7620.png,train,False,
data/training_data/training_data/7621.png,train,False,
data/training_data/training_data/7622.png,train,False,
data/training_data/training_data/7623.png,train,False,
data/training_data/training_data/7624.png,train,False,
data/training_data/training_data/7625.png,train,False,
data/training_data/training_data/7626.png,train,False,
data/training_data/training_data/7627.png,train,False,
data/training_data/training_data/7628.png,train,False,
data/training_data/training_data/7629.png,train,False,
data/training_data/training_data/763.png,train,False,
data/training_data/training_data/7630.png,train,False,
data/training_data/training_data/7631.png,train,False,
data/training_data/training_data/7632.png,train,False,
data/training_data/training_data/7633.png,train,False,
data/training_data/training_data/7634.png,train,False,
data/training_data/training_data/7635.png,train,False,
data/training_data/training_data/7636.png,train,False,
data/training_data/training_data/7637.png,train,False,
data/training_data/training_data/7638.png,train,False,
data/training_data/training_data/7639.png,train,False,
data/training_data/training_data/764.png,train,False,
data/training_data/training_data/7640.png,train,False,
data/training_data/training_data/7641.png,train,False,
data/training_data/training_data/7642.png,train,False,
data/training_data/training_data/7643.png,train,False,
data/training_data/training_data/7644.png,train,False,
data/training_data/training_data/7645.png,train,False,
data/training_data/training_data/7646.png,train,False,
data/training_data/training_data/7647.png,train,False,
data/training_data/training_data/7648.png,train,False,
data/training_data/training_data/7649.png,train,False,
data/training_data/training_data/765.png,train,False,
data/training_data/training_data/7650.png,train,False,
data/training_data/training_data/7651.png,train,False,
data/training_data/training_data/7652.png,train,False,
data/training_data/training_data/7653.png,train,False,
data/training_data/training_data/7654.png,train,False,
data/training_data/training_data/7655.png,train,False,
data/training_data/training_data/7656.png,train,False,
data/training_data/training_data/7657.png,train,False,
data/training_data/training_data/7658.png,train,False,
data/training_data/training_data/7659.png,train,False,
data/training_data/training_data/766.png,train,False,
data/training_data/training_data/7660.png,train,False,
data/training_data/training_data/7661.png,train,False,
data/training_data/training_data/7662.png,train,False,
data/training_data/training_data/7663.png,train,False,
data/training_data/training_data/7664.png,train,False,
data/training_data/training_data/7665.png,train,False,
data/training_data/training_data/7666.png,train,False,
data/training_data/training_data/7667.png,train,False,
data/training_data/training_data/7668.png,train,False,
data/training_data/training_data/7669.png,train,False,
data/training_data/training_data/767.png,train,False,
data/training_data/training_data/7670.png,train,False,
data/training_data/training_data/7671.png,train,False,
data/training_data/training_data/7672.png,train,False,
data/training_data/training_data/7673.png,train,False,
data/training_data/training_data/7674.png,train,False,
data/training_data/training_data/7675.png,train,False,
data/training_data/training_data/7676.png,train,False,
data/training_data/training_data/7677.png,train,False,
data/training_data/training_data/7678.png,train,False,
data/training_data/training_data/7679.png,train,False,
data/training_data/training_data/768.png,train,False,
data/training_data/training_data/7680.png,train,False,
data/training_data/training_data/7681.png,train,False,
data/training_data/training_data/7682.png,train,False,
data/training_data/training_data/7683.png,train,False,
data/training_data/training_data/7684.png,train,False,
data/training_data/training_data/7685.png,train,False,
data/training_data/training_data/7686.png,train,False,
data/training_data/training_data/7687.png,train,False,
data/training_data/training_data/7688.png,train,False,
data/training_data/training_data/7689.png,train,False,
data/training_data/training_data/769.png,train,False,
data/training_data/training_data/7690.png,train,False,
data/training_data/training_data/7691.png,train,False,
data/training_data/training_data/7692.png,train,False,
data/training_data/training_data/7693.png,train,False,
data/training_data/training_data/7694.png,train,False,
data/training_data/training_data/7695.png,train,False,
data/training_data/training_data/7696.png,train,False,
data/training_data/training_data/7697.png,train,False,
data/training_data/training_data/7698.png,train,False,
data/training_data/training_data/7699.png,train,False,
data/training_data/training_data/77.png,train,False,
data/training_data/training_data/770.png,train,False,
data/training_data/training_data/7700.png,train,False,
data/training_data/training_data/7701.png,train,False,
data/training_data/training_data/7702.png,train,False,
data/training_data/training_data/7703.png,train,False,
data/training_data/training_data/7704.png,train,False,
data/training_data/training_data/7705.png,train,False,
data/training_data/training_data/7706.png,train,False,
data/training_data/training_data/7707.png,train,False,
data/training_data/training_data/7708.png,train,False,
data/training_data/training_data/7709.png,train,False,
data/training_data/training_data/771.png,train,False,
data/training_data/training_data/7710.png,train,False,
data/training_data/training_data/7711.png,train,False,
data/training_data/training_data/7712.png,train,False,
data/training_data/training_data/7713.png,train,False,
data/training_data/training_data/7714.png,train,False,
data/training_data/training_data/7715.png,train,False,
data/training_data/training_data/7716.png,train,False,
data/training_data/training_data/7717.png,train,False,
data/training_data/training_data/7718.png,train,False,
data/training_data/training_data/7719.png,train,False,
data/training_data/training_data/772.png,train,False,
data/training_data/training_data/7720.png,train,False,
data/training_data/training_data/7721.png,train,False,
data/training_data/training_data/7722.png,train,False,
data/training_data/training_data/7723.png,train,False,
data/training_data/training_data/7724.png,train,False,
data/training_data/training_data/7725.png,train,False,
data/training_data/training_data/7726.png,train,False,
data/training_data/training_data/7727.png,train,False,
data/training_data/training_data/7728.png,train,False,
data/training_data/training_data/7729.png,train,False,
data/training_data/training_data/773.png,train,False,
data/training_data/training_data/7730.png,train,False,
data/training_data/training_data/7731.png,train,False,
data/training_data/training_data/7732.png,train,False,
data/training_data/training_data/7733.png,train,False,
data/training_data/training_data/7734.png,train,False,
data/training_data/training_data/7735.png,train,False,
data/training_data/training_data/7736.png,train,False,
data/training_data/training_data/7737.png,train,False,
data/training_data/training_data/7738.png,train,False,
data/training_data/training_data/7739.png,train,False,
data/training_data/training_data/774.png,train,False,
data/training_data/training_data/7740.png,train,False,
data/training_data/training_data/7741.png,train,False,
data/training_data/training_data/7742.png,train,False,
data/training_data/training_data/7743.png,train,False,
data/training_data/training_data/7744.png,train,False,
data/training_data/training_data/7745.png,train,False,
data/training_data/training_data/7746.png,train,False,
data/training_data/training_data/7747.png,train,False,
data/training_data/training_data/7748.png,train,False,
data/training_data/training_data/7749.png,train,False,
data/training_data/training_data/775.png,train,False,
data/training_data/training_data/7750.png,train,False,
data/training_data/training_data/7751.png,train,False,
data/training_data/training_data/7752.png,train,False,
data/training_data/training_data/7753.png,train,False,
data/training_data/training_data/7754.png,train,False,
data/training_data/training_data/7755.png,train,False,
data/training_data/training_data/7756.png,train,False,
data/training_data/training_data/7757.png,train,False,
data/training_data/training_data/7758.png,train,False,
data/training_data/training_data/7759.png,train,False,
data/training_data/training_data/776.png,train,False,
data/training_data/training_data/7760.png,train,False,
data/training_data/training_data/7761.png,train,False,
data/training_data/training_data/7762.png,train,False,
data/training_data/training_data/7763.png,train,False,
data/training_data/training_data/7764.png,train,False,
data/training_data/training_data/7765.png,train,False,
data/training_data/training_data/7766.png,train,False,
data/training_data/training_data/7767.png,train,False,
data/training_data/training_data/7768.png,train,False,
data/training_data/training_data/7769.png,train,False,
data/training_data/training_data/777.png,train,False,
data/training_data/training_data/7770.png,train,False,
data/training_data/training_data/7771.png,train,False,
data/training_data/training_data/7772.png,train,False,
data/training_data/training_data/7773.png,train,False,
data/training_data/training_data/7774.png,train,False,
data/training_data/training_data/7775.png,train,False,
data/training_data/training_data/7776.png,train,False,
data/training_data/training_data/7777.png,train,False,
data/training_data/training_data/7778.png,train,False,
data/training_data/training_data/7779.png,train,False,
data/training_data/training_data/778.png,train,False,
data/training_data/training_data/7780.png,train,False,
data/training_data/training_data/7781.png,train,False,
data/training_data/training_data/7782.png,train,False,
data/training_data/training_data/7783.png,train,False,
data/training_data/training_data/7784.png,train,False,
data/training_data/training_data/7785.png,train,False,
data/training_data/training_data/7786.png,train,False,
data/training_data/training_data/7787.png,train,False,
data/training_data/training_data/7788.png,train,False,
data/training_data/training_data/7789.png,train,False,
data/training_data/training_data/779.png,train,False,
data/training_data/training_data/7790.png,train,False,
data/training_data/training_data/7791.png,train,False,
data/training_data/training_data/7792.png,train,False,
data/training_data/training_data/7793.png,train,False,
data/training_data/training_data/7794.png,train,False,
data/training_data/training_data/7795.png,train,False,
data/training_data/training_data/7796.png,train,False,
data/training_data/training_data/7797.png,train,False,
data/training_data/training_data/7798.png,train,False,
data/training_data/training_data/7799.png,train,False,
data/training_data/training_data/78.png,train,False,
data/training_data/training_data/780.png,train,False,
data/training_data/training_data/7800.png,train,False,
data/training_data/training_data/7801.png,train,False,
data/training_data/training_data/7802.png,train,False,
data/training_data/training_data/7803.png,train,False,
data/training_data/training_data/7804.png,train,False,
data/training_data/training_data/7805.png,train,False,
data/training_data/training_data/7806.png,train,False,
data/training_data/training_data/7807.png,train,False,
data/training_data/training_data/7808.png,train,False,
data/training_data/training_data/7809.png,train,False,
data/training_data/training_data/781.png,train,False,
data/training_data/training_data/7810.png,train,False,
data/training_data/training_data/7811.png,train,False,
data/training_data/training_data/7812.png,train,False,
data/training_data/training_data/7813.png,train,False,
data/training_data/training_data/7814.png,train,False,
data/training_data/training_data/7815.png,train,False,
data/training_data/training_data/7816.png,train,False,
data/training_data/training_data/7817.png,train,False,
data/training_data/training_data/7818.png,train,False,
data/training_data/training_data/7819.png,train,False,
data/training_data/training_data/782.png,train,False,
data/training_data/training_data/7820.png,train,False,
data/training_data/training_data/7821.png,train,False,
data/training_data/training_data/7822.png,train,False,
data/training_data/training_data/7823.png,train,False,
data/training_data/training_data/7824.png,train,False,
data/training_data/training_data/7825.png,train,False,
data/training_data/training_data/7826.png,train,False,
data/training_data/training_data/7827.png,train,False,
data/training_data/training_data/7828.png,train,False,
data/training_data/training_data/7829.png,train,False,
data/training_data/training_data/783.png,train,False,
data/training_data/training_data/7830.png,train,False,
data/training_data/training_data/7831.png,train,False,
data/training_data/training_data/7832.png,train,False,
data/training_data/training_data/7833.png,train,False,
data/training_data/training_data/7834.png,train,False,
data/training_data/training_data/7835.png,train,False,
data/training_data/training_data/7836.png,train,False,
data/training_data/training_data/7837.png,train,False,
data/training_data/training_data/7838.png,train,False,
data/training_data/training_data/7839.png,train,False,
data/training_data/training_data/784.png,train,False,
data/training_data/training_data/7840.png,train,False,
data/training_data/training_data/7841.png,train,False,
data/training_data/training_data/7842.png,train,False,
data/training_data/training_data/7843.png,train,False,
data/training_data/training_data/7844.png,train,False,
data/training_data/training_data/7845.png,train,False,
data/training_data/training_data/7846.png,train,False,
data/training_data/training_data/7847.png,train,False,
data/training_data/training_data/7848.png,train,False,
data/training_data/training_data/7849.png,train,False,
data/training_data/training_data/785.png,train,False,
data/training_data/training_data/7850.png,train,False,
data/training_data/training_data/7851.png,train,False,
data/training_data/training_data/7852.png,train,False,
data/training_data/training_data/7853.png,train,False,
data/training_data/training_data/7854.png,train,True,data/training_data/training_data/11158.png
data/training_data/training_data/7855.png,train,False,
data/training_data/training_data/7856.png,train,False,
data/training_data/training_data/7857.png,train,False,
data/training_data/training_data/7858.png,train,False,
data/training_data/training_data/7859.png,train,False,
data/training_data/training_data/786.png,train,False,
data/training_data/training_data/7860.png,train,False,
data/training_data/training_data/7861.png,train,False,
data/training_data/training_data/7862.png,train,False,
data/training_data/training_data/7863.png,train,False,
data/training_data/training_data/7864.png,train,False,
data/training_data/training_data/7865.png,train,False,
data/training_data/training_data/7866.png,train,False,
data/training_data/training_data/7867.png,train,False,
data/training_data/training_data/7868.png,train,False,
data/training_data/training_data/7869.png,train,False,
data/training_data/training_data/787.png,train,False,
data/training_data/training_data/7870.png,train,False,
data/training_data/training_data/7871.png,train,False,
data/training_data/training_data/7872.png,train,False,
data/training_data/training_data/7873.png,train,False,
data/training_data/training_data/7874.png,train,False,
data/training_data/training_data/7875.png,train,False,
data/training_data/training_data/7876.png,train,False,
data/training_data/training_data/7877.png,train,False,
data/training_data/training_data/7878.png,train,False,
data/training_data/training_data/7879.png,train,False,
data/training_data/training_data/788.png,train,False,
data/training_data/training_data/7880.png,train,False,
data/training_data/training_data/7881.png,train,False,
data/training_data/training_data/7882.png,train,False,
data/training_data/training_data/7883.png,train,False,
data/training_data/training_data/7884.png,train,False,
data/training_data/training_data/7885.png,train,False,
data/training_data/training_data/7886.png,train,False,
data/training_data/training_data/7887.png,train,False,
data/training_data/training_data/7888.png,train,False,
data/training_data/training_data/7889.png,train,False,
data/training_data/training_data/789.png,train,False,
data/training_data/training_data/7890.png,train,False,
data/training_data/training_data/7891.png,train,False,
data/training_data/training_data/7892.png,train,False,
data/training_data/training_data/7893.png,train,False,
data/training_data/training_data/7894.png,train,False,
data/training_data/training_data/7895.png,train,False,
data/training_data/training_data/7896.png,train,False,
data/training_data/training_data/7897.png,train,False,
data/training_data/training_data/7898.png,train,False,
data/training_data/training_data/7899.png,train,False,
data/training_data/training_data/79.png,train,False,
data/training_data/training_data/790.png,train,False,
data/training_data/training_data/7900.png,train,False,
data/training_data/training_data/7901.png,train,False,
data/training_data/training_data/7902.png,train,False,
data/training_data/training_data/7903.png,train,False,
data/training_data/training_data/7904.png,train,False,
data/training_data/training_data/7905.png,train,False,
data/training_data/training_data/7906.png,train,False,
data/training_data/training_data/7907.png,train,False,
data/training_data/training_data/7908.png,train,False,
data/training_data/training_data/7909.png,train,False,
data/training_data/training_data/791.png,train,False,
data/training_data/training_data/7910.png,train,False,
data/training_data/training_data/7911.png,train,False,
data/training_data/training_data/7912.png,train,False,
data/training_data/training_data/7913.png,train,False,
data/training_data/training_data/7914.png,train,False,
data/training_data/training_data/7915.png,train,False,
data/training_data/training_data/7916.png,train,False,
data/training_data/training_data/7917.png,train,False,
data/training_data/training_data/7918.png,train,False,
data/training_data/training_data/7919.png,train,False,
data/training_data/training_data/792.png,train,False,
data/training_data/training_data/7920.png,train,False,
data/training_data/training_data/7921.png,train,False,
data/training_data/training_data/7922.png,train,False,
data/training_data/training_data/7923.png,train,False,
data/training_data/training_data/7924.png,train,False,
data/training_data/training_data/7925.png,train,False,
data/training_data/training_data/7926.png,train,False,
data/training_data/training_data/7927.png,train,False,
data/training_data/training_data/7928.png,train,False,
data/training_data/training_data/7929.png,train,False,
data/training_data/training_data/793.png,train,False,
data/training_data/training_data/7930.png,train,False,
data/training_data/training_data/7931.png,train,False,
data/training_data/training_data/7932.png,train,False,
data/training_data/training_data/7933.png,train,False,
data/training_data/training_data/7934.png,train,False,
data/training_data/training_data/7935.png,train,False,
data/training_data/training_data/7936.png,train,False,
data/training_data/training_data/7937.png,train,False,
data/training_data/training_data/7938.png,train,False,
data/training_data/training_data/7939.png,train,False,
data/training_data/training_data/794.png,train,False,
data/training_data/training_data/7940.png,train,False,
data/training_data/training_data/7941.png,train,False,
data/training_data/training_data/7942.png,train,False,
data/training_data/training_data/7943.png,train,False,
data/training_data/training_data/7944.png,train,False,
data/training_data/training_data/7945.png,train,False,
data/training_data/training_data/7946.png,train,False,
data/training_data/training_data/7947.png,train,False,
data/training_data/training_data/7948.png,train,False,
data/training_data/training_data/7949.png,train,False,
data/training_data/training_data/795.png,train,False,
data/training_data/training_data/7950.png,train,False,
data/training_data/training_data/7951.png,train,False,
data/training_data/training_data/7952.png,train,False,
data/training_data/training_data/7953.png,train,False,
data/training_data/training_data/7954.png,train,False,
data/training_data/training_data/7955.png,train,False,
data/training_data/training_data/7956.png,train,False,
data/training_data/training_data/7957.png,train,False,
data/training_data/training_data/7958.png,train,False,
data/training_data/training_data/7959.png,train,False,
data/training_data/training_data/796.png,train,False,
data/training_data/training_data/7960.png,train,False,
data/training_data/training_data/7961.png,train,False,
data/training_data/training_data/7962.png,train,False,
data/training_data/training_data/7963.png,train,False,
data/training_data/training_data/7964.png,train,False,
data/training_data/training_data/7965.png,train,False,
data/training_data/training_data/7966.png,train,False,
data/training_data/training_data/7967.png,train,False,
data/training_data/training_data/7968.png,train,False,
data/training_data/training_data/7969.png,train,False,
data/training_data/training_data/797.png,train,False,
data/training_data/training_data/7970.png,train,False,
data/training_data/training_data/7971.png,train,False,
data/training_data/training_data/7972.png,train,False,
data/training_data/training_data/7973.png,train,False,
data/training_data/training_data/7974.png,train,False,
data/training_data/training_data/7975.png,train,False,
data/training_data/training_data/7976.png,train,False,
data/training_data/training_data/7977.png,train,False,
data/training_data/training_data/7978.png,train,False,
data/training_data/training_data/7979.png,train,False,
data/training_data/training_data/798.png,train,False,
data/training_data/training_data/7980.png,train,False,
data/training_data/training_data/7981.png,train,False,
data/training_data/training_data/7982.png,train,False,
data/training_data/training_data/7983.png,train,False,
data/training_data/training_data/7984.png,train,False,
data/training_data/training_data/7985.png,train,False,
data/training_data/training_data/7986.png,train,False,
data/training_data/training_data/7987.png,train,False,
data/training_data/training_data/7988.png,train,False,
data/training_data/training_data/7989.png,train,False,
data/training_data/training_data/799.png,train,False,
data/training_data/training_data/7990.png,train,False,
data/training_data/training_data/7991.png,train,False,
data/training_data/training_data/7992.png,train,False,
data/training_data/training_data/7993.png,train,False,
data/training_data/training_data/7994.png,train,False,
data/training_data/training_data/7995.png,train,False,
data/training_data/training_data/7996.png,train,False,
data/training_data/training_data/7997.png,train,False,
data/training_data/training_data/7998.png,train,False,
data/training_data/training_data/7999.png,train,False,
data/training_data/training_data/8.png,train,False,
data/training_data/training_data/80.png,train,False,
data/training_data/training_data/800.png,train,False,
data/training_data/training_data/8000.png,train,False,
data/training_data/training_data/8001.png,train,False,
data/training_data/training_data/8002.png,train,False,
data/training_data/training_data/8003.png,train,False,
data/training_data/training_data/8004.png,train,False,
data/training_data/training_data/8005.png,train,False,
data/training_data/training_data/8006.png,train,False,
data/training_data/training_data/8007.png,train,False,
data/training_data/training_data/8008.png,train,False,
data/training_data/training_data/8009.png,train,False,
data/training_data/training_data/801.png,train,False,
data/training_data/training_data/8010.png,train,False,
data/training_data/training_data/8011.png,train,False,
data/training_data/training_data/8012.png,train,False,
data/training_data/training_data/8013.png,train,False,
data/training_data/training_data/8014.png,train,False,
data/training_data/training_data/8015.png,train,False,
data/training_data/training_data/8016.png,train,False,
data/training_data/training_data/8017.png,train,False,
data/training_data/training_data/8018.png,train,False,
data/training_data/training_data/8019.png,train,False,
data/training_data/training_data/802.png,train,False,
data/training_data/training_data/8020.png,train,False,
data/training_data/training_data/8021.png,train,False,
data/training_data/training_data/8022.png,train,False,
data/training_data/training_data/8023.png,train,False,
data/training_data/training_data/8024.png,train,False,
data/training_data/training_data/8025.png,train,False,
data/training_data/training_data/8026.png,train,False,
data/training_data/training_data/8027.png,train,False,
data/training_data/training_data/8028.png,train,False,
data/training_data/training_data/8029.png,train,False,
data/training_data/training_data/803.png,train,False,
data/training_data/training_data/8030.png,train,False,
data/training_data/training_data/8031.png,train,False,
data/training_data/training_data/8032.png,train,False,
data/training_data/training_data/8033.png,train,False,
data/training_data/training_data/8034.png,train,False,
data/training_data/training_data/8035.png,train,False,
data/training_data/training_data/8036.png,train,False,
data/training_data/training_data/8037.png,train,False,
data/training_data/training_data/8038.png,train,False,
data/training_data/training_data/8039.png,train,False,
data/training_data/training_data/804.png,train,False,
data/training_data/training_data/8040.png,train,False,
data/training_data/training_data/8041.png,train,False,
data/training_data/training_data/8042.png,train,False,
data/training_data/training_data/8043.png,train,False,
data/training_data/training_data/8044.png,train,False,
data/training_data/training_data/8045.png,train,False,
data/training_data/training_data/8046.png,train,False,
data/training_data/training_data/8047.png,train,False,
data/training_data/training_data/8048.png,train,False,
data/training_data/training_data/8049.png,train,False,
data/training_data/training_data/805.png,train,False,
data/training_data/training_data/8050.png,train,False,
data/training_data/training_data/8051.png,train,False,
data/training_data/training_data/8052.png,train,False,
data/training_data/training_data/8053.png,train,False,
data/training_data/training_data/8054.png,train,False,
data/training_data/training_data/8055.png,train,False,
data/training_data/training_data/8056.png,train,False,
data/training_data/training_data/8057.png,train,False,
data/training_data/training_data/8058.png,train,False,
data/training_data/training_data/8059.png,train,False,
data/training_data/training_data/806.png,train,False,
data/training_data/training_data/8060.png,train,False,
data/training_data/training_data/8061.png,train,False,
data/training_data/training_data/8062.png,train,False,
data/training_data/training_data/8063.png,train,False,
data/training_data/training_data/8064.png,train,False,
data/training_data/training_data/8065.png,train,False,
data/training_data/training_data/8066.png,train,False,
data/training_data/training_data/8067.png,train,False,
data/training_data/training_data/8068.png,train,False,
data/training_data/training_data/8069.png,train,False,
data/training_data/training_data/807.png,train,False,
data/training_data/training_data/8070.png,train,False,
data/training_data/training_data/8071.png,train,False,
data/training_data/training_data/8072.png,train,False,
data/training_data/training_data/8073.png,train,False,
data/training_data/training_data/8074.png,train,False,
data/training_data/training_data/8075.png,train,False,
data/training_data/training_data/8076.png,train,False,
data/training_data/training_data/8077.png,train,False,
data/training_data/training_data/8078.png,train,False,
data/training_data/training_data/8079.png,train,False,
data/training_data/training_data/808.png,train,False,
data/training_data/training_data/8080.png,train,False,
data/training_data/training_data/8081.png,train,False,
data/training_data/training_data/8082.png,train,False,
data/training_data/training_data/8083.png,train,False,
data/training_data/training_data/8084.png,train,False,
data/training_data/training_data/8085.png,train,False,
data/training_data/training_data/8086.png,train,False,
data/training_data/training_data/8087.png,train,False,
data/training_data/training_data/8088.png,train,False,
data/training_data/training_data/8089.png,train,False,
data/training_data/training_data/809.png,train,False,
data/training_data/training_data/8090.png,train,False,
data/training_data/training_data/8091.png,train,False,
data/training_data/training_data/8092.png,train,False,
data/training_data/training_data/8093.png,train,False,
data/training_data/training_data/8094.png,train,False,
data/training_data/training_data/8095.png,train,False,
data/training_data/training_data/8096.png,train,False,
data/training_data/training_data/8097.png,train,False,
data/training_data/training_data/8098.png,train,False,
data/training_data/training_data/8099.png,train,False,
data/training_data/training_data/81.png,train,False,
data/training_data/training_data/810.png,train,False,
data/training_data/training_data/8100.png,train,False,
data/training_data/training_data/8101.png,train,False,
data/training_data/training_data/8102.png,train,False,
data/training_data/training_data/8103.png,train,False,
data/training_data/training_data/8104.png,train,False,
data/training_data/training_data/8105.png,train,False,
data/training_data/training_data/8106.png,train,False,
data/training_data/training_data/8107.png,train,False,
data/training_data/training_data/8108.png,train,False,
data/training_data/training_data/8109.png,train,False,
data/training_data/training_data/811.png,train,False,
data/training_data/training_data/8110.png,train,False,
data/training_data/training_data/8111.png,train,False,
data/training_data/training_data/8112.png,train,False,
data/training_data/training_data/8113.png,train,False,
data/training_data/training_data/8114.png,train,False,
data/training_data/training_data/8115.png,train,False,
data/training_data/training_data/8116.png,train,False,
data/training_data/training_data/8117.png,train,False,
data/training_data/training_data/8118.png,train,False,
data/training_data/training_data/8119.png,train,False,
data/training_data/training_data/812.png,train,False,
data/training_data/training_data/8120.png,train,False,
data/training_data/training_data/8121.png,train,False,
data/training_data/training_data/8122.png,train,False,
data/training_data/training_data/8123.png,train,False,
data/training_data/training_data/8124.png,train,False,
data/training_data/training_data/8125.png,train,False,
data/training_data/training_data/8126.png,train,False,
data/training_data/training_data/8127.png,train,False,
data/training_data/training_data/8128.png,train,False,
data/training_data/training_data/8129.png,train,False,
data/training_data/training_data/813.png,train,False,
data/training_data/training_data/8130.png,train,False,
data/training_data/training_data/8131.png,train,False,
data/training_data/training_data/8132.png,train,False,
data/training_data/training_data/8133.png,train,False,
data/training_data/training_data/8134.png,train,False,
data/training_data/training_data/8135.png,train,False,
data/training_data/training_data/8136.png,train,False,
data/training_data/training_data/8137.png,train,False,
data/training_data/training_data/8138.png,train,False,
data/training_data/training_data/8139.png,train,False,
data/training_data/training_data/814.png,train,False,
data/training_data/training_data/8140.png,train,False,
data/training_data/training_data/8141.png,train,False,
data/training_data/training_data/8142.png,train,False,
data/training_data/training_data/8143.png,train,False,
data/training_data/training_data/8144.png,train,False,
data/training_data/training_data/8145.png,train,False,
data/training_data/training_data/8146.png,train,False,
data/training_data/training_data/8147.png,train,False,
data/training_data/training_data/8148.png,train,False,
data/training_data/training_data/8149.png,train,False,
data/training_data/training_data/815.png,train,False,
data/training_data/training_data/8150.png,train,False,
data/training_data/training_data/8151.png,train,False,
data/training_data/training_data/8152.png,train,False,
data/training_data/training_data/8153.png,train,False,
data/training_data/training_data/8154.png,train,False,
data/training_data/training_data/8155.png,train,False,
data/training_data/training_data/8156.png,train,False,
data/training_data/training_data/8157.png,train,False,
data/training_data/training_data/8158.png,train,False,
data/training_data/training_data/8159.png,train,False,
data/training_data/training_data/816.png,train,False,
data/training_data/training_data/8160.png,train,False,
data/training_data/training_data/8161.png,train,False,
data/training_data/training_data/8162.png,train,False,
data/training_data/training_data/8163.png,train,False,
data/training_data/training_data/8164.png,train,False,
data/training_data/training_data/8165.png,train,False,
data/training_data/training_data/8166.png,train,False,
data/training_data/training_data/8167.png,train,False,
data/training_data/training_data/8168.png,train,False,
data/training_data/training_data/8169.png,train,False,
data/training_data/training_data/817.png,train,False,
data/training_data/training_data/8170.png,train,False,
data/training_data/training_data/8171.png,train,False,
data/training_data/training_data/8172.png,train,False,
data/training_data/training_data/8173.png,train,False,
data/training_data/training_data/8174.png,train,False,
data/training_data/training_data/8175.png,train,False,
data/training_data/training_data/8176.png,train,False,
data/training_data/training_data/8177.png,train,False,
data/training_data/training_data/8178.png,train,False,
data/training_data/training_data/8179.png,train,False,
data/training_data/training_data/818.png,train,False,
data/training_data/training_data/8180.png,train,False,
data/training_data/training_data/8181.png,train,False,
data/training_data/training_data/8182.png,train,False,
data/training_data/training_data/8183.png,train,False,
data/training_data/training_data/8184.png,train,False,
data/training_data/training_data/8185.png,train,False,
data/training_data/training_data/8186.png,train,False,
data/training_data/training_data/8187.png,train,False,
data/training_data/training_data/8188.png,train,False,
data/training_data/training_data/8189.png,train,False,
data/training_data/training_data/819.png,train,False,
data/training_data/training_data/8190.png,train,False,
data/training_data/training_data/8191.png,train,False,
data/training_data/training_data/8192.png,train,False,
data/training_data/training_data/8193.png,train,False,
data/training_data/training_data/8194.png,train,False,
data/training_data/training_data/8195.png,train,False,
data/training_data/training_data/8196.png,train,False,
data/training_data/training_data/8197.png,train,False,
data/training_data/training_data/8198.png,train,False,
data/training_data/training_data/8199.png,train,False,
data/training_data/training_data/82.png,train,False,
data/training_data/training_data/820.png,train,False,
data/training_data/training_data/8200.png,train,False,
data/training_data/training_data/8201.png,train,False,
data/training_data/training_data/8202.png,train,False,
data/training_data/training_data/8203.png,train,False,
data/training_data/training_data/8204.png,train,False,
data/training_data/training_data/8205.png,train,False,
data/training_data/training_data/8206.png,train,False,
data/training_data/training_data/8207.png,train,False,
data/training_data/training_data/8208.png,train,False,
data/training_data/training_data/8209.png,train,False,
data/training_data/training_data/821.png,train,False,
data/training_data/training_data/8210.png,train,False,
data/training_data/training_data/8211.png,train,False,
data/training_data/training_data/8212.png,train,False,
data/training_data/training_data/8213.png,train,False,
data/training_data/training_data/8214.png,train,False,
data/training_data/training_data/8215.png,train,False,
data/training_data/training_data/8216.png,train,False,
data/training_data/training_data/8217.png,train,False,
data/training_data/training_data/8218.png,train,False,
data/training_data/training_data/8219.png,train,False,
data/training_data/training_data/822.png,train,False,
data/training_data/training_data/8220.png,train,False,
data/training_data/training_data/8221.png,train,False,
data/training_data/training_data/8222.png,train,False,
data/training_data/training_data/8223.png,train,False,
data/training_data/training_data/8224.png,train,False,
data/training_data/training_data/8225.png,train,False,
data/training_data/training_data/8226.png,train,False,
data/training_data/training_data/8227.png,train,False,
data/training_data/training_data/8228.png,train,False,
data/training_data/training_data/8229.png,train,False,
data/training_data/training_data/823.png,train,False,
data/training_data/training_data/8230.png,train,False,
data/training_data/training_data/8231.png,train,False,
data/training_data/training_data/8232.png,train,False,
data/training_data/training_data/8233.png,train,False,
data/training_data/training_data/8234.png,train,False,
data/training_data/training_data/8235.png,train,False,
data/training_data/training_data/8236.png,train,False,
data/training_data/training_data/8237.png,train,False,
data/training_data/training_data/8238.png,train,False,
data/training_data/training_data/8239.png,train,False,
data/training_data/training_data/824.png,train,False,
data/training_data/training_data/8240.png,train,False,
data/training_data/training_data/8241.png,train,False,
data/training_data/training_data/8242.png,train,False,
data/training_data/training_data/8243.png,train,False,
data/training_data/training_data/8244.png,train,False,
data/training_data/training_data/8245.png,train,False,
data/training_data/training_data/8246.png,train,False,
data/training_data/training_data/8247.png,train,False,
data/training_data/training_data/8248.png,train,False,
data/training_data/training_data/8249.png,train,False,
data/training_data/training_data/825.png,train,False,
data/training_data/training_data/8250.png,train,False,
data/training_data/training_data/8251.png,train,False,
data/training_data/training_data/8252.png,train,False,
data/training_data/training_data/8253.png,train,False,
data/training_data/training_data/8254.png,train,False,
data/training_data/training_data/8255.png,train,False,
data/training_data/training_data/8256.png,train,False,
data/training_data/training_data/8257.png,train,False,
data/training_data/training_data/8258.png,train,False,
data/training_data/training_data/8259.png,train,False,
data/training_data/training_data/826.png,train,False,
data/training_data/training_data/8260.png,train,False,
data/training_data/training_data/8261.png,train,False,
data/training_data/training_data/8262.png,train,False,
data/training_data/training_data/8263.png,train,False,
data/training_data/training_data/8264.png,train,False,
data/training_data/training_data/8265.png,train,False,
data/training_data/training_data/8266.png,train,False,
data/training_data/training_data/8267.png,train,False,
data/training_data/training_data/8268.png,train,False,
data/training_data/training_data/8269.png,train,False,
data/training_data/training_data/827.png,train,False,
data/training_data/training_data/8270.png,train,False,
data/training_data/training_data/8271.png,train,False,
data/training_data/training_data/8272.png,train,False,
data/training_data/training_data/8273.png,train,False,
data/training_data/training_data/8274.png,train,False,
data/training_data/training_data/8275.png,train,False,
data/training_data/training_data/8276.png,train,False,
data/training_data/training_data/8277.png,train,False,
data/training_data/training_data/8278.png,train,False,
data/training_data/training_data/8279.png,train,False,
data/training_data/training_data/828.png,train,False,
data/training_data/training_data/8280.png,train,False,
data/training_data/training_data/8281.png,train,False,
data/training_data/training_data/8282.png,train,False,
data/training_data/training_data/8283.png,train,False,
data/training_data/training_data/8284.png,train,False,
data/training_data/training_data/8285.png,train,False,
data/training_data/training_data/8286.png,train,False,
data/training_data/training_data/8287.png,train,False,
data/training_data/training_data/8288.png,train,False,
data/training_data/training_data/8289.png,train,False,
data/training_data/training_data/829.png,train,False,
data/training_data/training_data/8290.png,train,False,
data/training_data/training_data/8291.png,train,False,
data/training_data/training_data/8292.png,train,False,
data/training_data/training_data/8293.png,train,False,
data/training_data/training_data/8294.png,train,False,
data/training_data/training_data/8295.png,train,False,
data/training_data/training_data/8296.png,train,False,
data/training_data/training_data/8297.png,train,False,
data/training_data/training_data/8298.png,train,False,
data/training_data/training_data/8299.png,train,False,
data/training_data/training_data/83.png,train,False,
data/training_data/training_data/830.png,train,False,
data/training_data/training_data/8300.png,train,False,
data/training_data/training_data/8301.png,train,False,
data/training_data/training_data/8302.png,train,False,
data/training_data/training_data/8303.png,train,False,
data/training_data/training_data/8304.png,train,False,
data/training_data/training_data/8305.png,train,False,
data/training_data/training_data/8306.png,train,False,
data/training_data/training_data/8307.png,train,False,
data/training_data/training_data/8308.png,train,False,
data/training_data/training_data/8309.png,train,False,
data/training_data/training_data/831.png,train,False,
data/training_data/training_data/8310.png,train,False,
data/training_data/training_data/8311.png,train,False,
data/training_data/training_data/8312.png,train,False,
data/training_data/training_data/8313.png,train,False,
data/training_data/training_data/8314.png,train,False,
data/training_data/training_data/8315.png,train,False,
data/training_data/training_data/8316.png,train,False,
data/training_data/training_data/8317.png,train,False,
data/training_data/training_data/8318.png,train,False,
data/training_data/training_data/8319.png,train,False,
data/training_data/training_data/832.png,train,False,
data/training_data/training_data/8320.png,train,False,
data/training_data/training_data/8321.png,train,False,
data/training_data/training_data/8322.png,train,False,
data/training_data/training_data/8323.png,train,False,
data/training_data/training_data/8324.png,train,False,
data/training_data/training_data/8325.png,train,False,
data/training_data/training_data/8326.png,train,False,
data/training_data/training_data/8327.png,train,False,
data/training_data/training_data/8328.png,train,False,
data/training_data/training_data/8329.png,train,False,
data/training_data/training_data/833.png,train,False,
data/training_data/training_data/8330.png,train,False,
data/training_data/training_data/8331.png,train,False,
data/training_data/training_data/8332.png,train,False,
data/training_data/training_data/8333.png,train,False,
data/training_data/training_data/8334.png,train,False,
data/training_data/training_data/8335.png,train,False,
data/training_data/training_data/8336.png,train,False,
data/training_data/training_data/8337.png,train,False,
data/training_data/training_data/8338.png,train,False,
data/training_data/training_data/8339.png,train,False,
data/training_data/training_data/834.png,train,False,
data/training_data/training_data/8340.png,train,False,
data/training_data/training_data/8341.png,train,False,
data/training_data/training_data/8342.png,train,False,
data/training_data/training_data/8343.png,train,False,
data/training_data/training_data/8344.png,train,False,
data/training_data/training_data/8345.png,train,False,
data/training_data/training_data/8346.png,train,False,
data/training_data/training_data/8347.png,train,False,
data/training_data/training_data/8348.png,train,False,
data/training_data/training_data/8349.png,train,False,
data/training_data/training_data/835.png,train,False,
data/training_data/training_data/8350.png,train,False,
data/training_data/training_data/8351.png,train,False,
data/training_data/training_data/8352.png,train,False,
data/training_data/training_data/8353.png,train,False,
data/training_data/training_data/8354.png,train,False,
data/training_data/training_data/8355.png,train,False,
data/training_data/training_data/8356.png,train,False,
data/training_data/training_data/8357.png,train,False,
data/training_data/training_data/8358.png,train,False,
data/training_data/training_data/8359.png,train,False,
data/training_data/training_data/836.png,train,False,
data/training_data/training_data/8360.png,train,False,
data/training_data/training_data/8361.png,train,False,
data/training_data/training_data/8362.png,train,False,
data/training_data/training_data/8363.png,train,False,
data/training_data/training_data/8364.png,train,False,
data/training_data/training_data/8365.png,train,False,
data/training_data/training_data/8366.png,train,False,
data/training_data/training_data/8367.png,train,False,
data/training_data/training_data/8368.png,train,False,
data/training_data/training_data/8369.png,train,False,
data/training_data/training_data/837.png,train,False,
data/training_data/training_data/8370.png,train,False,
data/training_data/training_data/8371.png,train,False,
data/training_data/training_data/8372.png,train,False,
data/training_data/training_data/8373.png,train,False,
data/training_data/training_data/8374.png,train,False,
data/training_data/training_data/8375.png,train,False,
data/training_data/training_data/8376.png,train,False,
data/training_data/training_data/8377.png,train,False,
data/training_data/training_data/8378.png,train,False,
data/training_data/training_data/8379.png,train,False,
data/training_data/training_data/838.png,train,False,
data/training_data/training_data/8380.png,train,False,
data/training_data/training_data/8381.png,train,False,
data/training_data/training_data/8382.png,train,False,
data/training_data/training_data/8383.png,train,False,
data/training_data/training_data/8384.png,train,False,
data/training_data/training_data/8385.png,train,False,
data/training_data/training_data/8386.png,train,False,
data/training_data/training_data/8387.png,train,False,
data/training_data/training_data/8388.png,train,False,
data/training_data/training_data/8389.png,train,False,
data/training_data/training_data/839.png,train,False,
data/training_data/training_data/8390.png,train,False,
data/training_data/training_data/8391.png,train,False,
data/training_data/training_data/8392.png,train,False,
data/training_data/training_data/8393.png,train,False,
data/training_data/training_data/8394.png,train,False,
data/training_data/training_data/8395.png,train,False,
data/training_data/training_data/8396.png,train,False,
data/training_data/training_data/8397.png,train,False,
data/training_data/training_data/8398.png,train,False,
data/training_data/training_data/8399.png,train,False,
data/training_data/training_data/84.png,train,False,
data/training_data/training_data/840.png,train,False,
data/training_data/training_data/8400.png,train,False,
data/training_data/training_data/8401.png,train,False,
data/training_data/training_data/8402.png,train,False,
data/training_data/training_data/8403.png,train,False,
data/training_data/training_data/8404.png,train,False,
data/training_data/training_data/8405.png,train,False,
data/training_data/training_data/8406.png,train,False,
data/training_data/training_data/8407.png,train,False,
data/training_data/training_data/8408.png,train,False,
data/training_data/training_data/8409.png,train,False,
data/training_data/training_data/841.png,train,False,
data/training_data/training_data/8410.png,train,False,
data/training_data/training_data/8411.png,train,False,
data/training_data/training_data/8412.png,train,False,
data/training_data/training_data/8413.png,train,False,
data/training_data/training_data/8414.png,train,False,
data/training_data/training_data/8415.png,train,False,
data/training_data/training_data/8416.png,train,False,
data/training_data/training_data/8417.png,train,False,
data/training_data/training_data/8418.png,train,False,
data/training_data/training_data/8419.png,train,False,
data/training_data/training_data/842.png,train,False,
data/training_data/training_data/8420.png,train,False,
data/training_data/training_data/8421.png,train,False,
data/training_data/training_data/8422.png,train,False,
data/training_data/training_data/8423.png,train,False,
data/training_data/training_data/8424.png,train,False,
data/training_data/training_data/8425.png,train,False,
data/training_data/training_data/8426.png,train,False,
data/training_data/training_data/8427.png,train,False,
data/training_data/training_data/8428.png,train,False,
data/training_data/training_data/8429.png,train,False,
data/training_data/training_data/843.png,train,False,
data/training_data/training_data/8430.png,train,False,
data/training_data/training_data/8431.png,train,False,
data/training_data/training_data/8432.png,train,False,
data/training_data/training_data/8433.png,train,False,
data/training_data/training_data/8434.png,train,False,
data/training_data/training_data/8435.png,train,False,
data/training_data/training_data/8436.png,train,False,
data/training_data/training_data/8437.png,train,False,
data/training_data/training_data/8438.png,train,False,
data/training_data/training_data/8439.png,train,False,
data/training_data/training_data/844.png,train,False,
data/training_data/training_data/8440.png,train,False,
data/training_data/training_data/8441.png,train,False,
data/training_data/training_data/8442.png,train,False,
data/training_data/training_data/8443.png,train,False,
data/training_data/training_data/8444.png,train,False,
data/training_data/training_data/8445.png,train,False,
data/training_data/training_data/8446.png,train,False,
data/training_data/training_data/8447.png,train,False,
data/training_data/training_data/8448.png,train,False,
data/training_data/training_data/8449.png,train,False,
data/training_data/training_data/845.png,train,False,
data/training_data/training_data/8450.png,train,False,
data/training_data/training_data/8451.png,train,False,
data/training_data/training_data/8452.png,train,False,
data/training_data/training_data/8453.png,train,False,
data/training_data/training_data/8454.png,train,False,
data/training_data/training_data/8455.png,train,False,
data/training_data/training_data/8456.png,train,False,
data/training_data/training_data/8457.png,train,False,
data/training_data/training_data/8458.png,train,False,
data/training_data/training_data/8459.png,train,False,
data/training_data/training_data/846.png,train,False,
data/training_data/training_data/8460.png,train,False,
data/training_data/training_data/8461.png,train,False,
data/training_data/training_data/8462.png,train,False,
data/training_data/training_data/8463.png,train,False,
data/training_data/training_data/8464.png,train,False,
data/training_data/training_data/8465.png,train,False,
data/training_data/training_data/8466.png,train,False,
data/training_data/training_data/8467.png,train,False,
data/training_data/training_data/8468.png,train,False,
data/training_data/training_data/8469.png,train,False,
data/training_data/training_data/847.png,train,False,
data/training_data/training_data/8470.png,train,False,
data/training_data/training_data/8471.png,train,False,
data/training_data/training_data/8472.png,train,False,
data/training_data/training_data/8473.png,train,False,
data/training_data/training_data/8474.png,train,False,
data/training_data/training_data/8475.png,train,False,
data/training_data/training_data/8476.png,train,False,
data/training_data/training_data/8477.png,train,False,
data/training_data/training_data/8478.png,train,False,
data/training_data/training_data/8479.png,train,False,
data/training_data/training_data/848.png,train,False,
data/training_data/training_data/8480.png,train,False,
data/training_data/training_data/8481.png,train,False,
data/training_data/training_data/8482.png,train,False,
data/training_data/training_data/8483.png,train,False,
data/training_data/training_data/8484.png,train,False,
data/training_data/training_data/8485.png,train,False,
data/training_data/training_data/8486.png,train,False,
data/training_data/training_data/8487.png,train,False,
data/training_data/training_data/8488.png,train,False,
data/training_data/training_data/8489.png,train,False,
data/training_data/training_data/849.png,train,False,
data/training_data/training_data/8490.png,train,False,
data/training_data/training_data/8491.png,train,False,
data/training_data/training_data/8492.png,train,False,
data/training_data/training_data/8493.png,train,False,
data/training_data/training_data/8494.png,train,False,
data/training_data/training_data/8495.png,train,False,
data/training_data/training_data/8496.png,train,False,
data/training_data/training_data/8497.png,train,False,
data/training_data/training_data/8498.png,train,False,
data/training_data/training_data/8499.png,train,False,
data/training_data/training_data/85.png,train,False,
data/training_data/training_data/850.png,train,False,
data/training_data/training_data/8500.png,train,False,
data/training_data/training_data/8502.png,train,False,
data/training_data/training_data/8503.png,train,False,
data/training_data/training_data/8504.png,train,False,
data/training_data/training_data/8505.png,train,False,
data/training_data/training_data/8506.png,train,False,
data/training_data/training_data/8507.png,train,False,
data/training_data/training_data/8508.png,train,False,
data/training_data/training_data/8509.png,train,False,
data/training_data/training_data/851.png,train,False,
data/training_data/training_data/8510.png,train,False,
data/training_data/training_data/8511.png,train,False,
data/training_data/training_data/8512.png,train,False,
data/training_data/training_data/8513.png,train,False,
data/training_data/training_data/8514.png,train,False,
data/training_data/training_data/8515.png,train,False,
data/training_data/training_data/8516.png,train,False,
data/training_data/training_data/8517.png,train,False,
data/training_data/training_data/8518.png,train,False,
data/training_data/training_data/8519.png,train,False,
data/training_data/training_data/852.png,train,False,
data/training_data/training_data/8520.png,train,False,
data/training_data/training_data/8521.png,train,False,
data/training_data/training_data/8522.png,train,False,
data/training_data/training_data/8523.png,train,False,
data/training_data/training_data/8524.png,train,False,
data/training_data/training_data/8525.png,train,False,
data/training_data/training_data/8526.png,train,False,
data/training_data/training_data/8527.png,train,False,
data/training_data/training_data/8528.png,train,False,
data/training_data/training_data/8529.png,train,False,
data/training_data/training_data/853.png,train,False,
data/training_data/training_data/8530.png,train,False,
data/training_data/training_data/8531.png,train,False,
data/training_data/training_data/8532.png,train,False,
data/training_data/training_data/8533.png,train,False,
data/training_data/training_data/8534.png,train,False,
data/training_data/training_data/8535.png,train,False,
data/training_data/training_data/8536.png,train,False,
data/training_data/training_data/8537.png,train,False,
data/training_data/training_data/8538.png,train,False,
data/training_data/training_data/8539.png,train,False,
data/training_data/training_data/854.png,train,False,
data/training_data/training_data/8540.png,train,False,
data/training_data/training_data/8541.png,train,False,
data/training_data/training_data/8542.png,train,False,
data/training_data/training_data/8543.png,train,False,
data/training_data/training_data/8544.png,train,False,
data/training_data/training_data/8545.png,train,False,
data/training_data/training_data/8546.png,train,False,
data/training_data/training_data/8547.png,train,False,
data/training_data/training_data/8548.png,train,False,
data/training_data/training_data/8549.png,train,False,
data/training_data/training_data/855.png,train,False,
data/training_data/training_data/8550.png,train,False,
data/training_data/training_data/8551.png,train,False,
data/training_data/training_data/8552.png,train,False,
data/training_data/training_data/8553.png,train,False,
data/training_data/training_data/8554.png,train,False,
data/training_data/training_data/8555.png,train,False,
data/training_data/training_data/8556.png,train,False,
data/training_data/training_data/8557.png,train,False,
data/training_data/training_data/8558.png,train,False,
data/training_data/training_data/8559.png,train,False,
data/training_data/training_data/856.png,train,False,
data/training_data/training_data/8560.png,train,False,
data/training_data/training_data/8561.png,train,False,
data/training_data/training_data/8562.png,train,False,
data/training_data/training_data/8563.png,train,False,
data/training_data/training_data/8564.png,train,False,
data/training_data/training_data/8565.png,train,False,
data/training_data/training_data/8566.png,train,False,
data/training_data/training_data/8567.png,train,False,
data/training_data/training_data/8568.png,train,False,
data/training_data/training_data/8569.png,train,False,
data/training_data/training_data/857.png,train,False,
data/training_data/training_data/8570.png,train,False,
data/training_data/training_data/8571.png,train,False,
data/training_data/training_data/8572.png,train,False,
data/training_data/training_data/8573.png,train,False,
data/training_data/training_data/8574.png,train,False,
data/training_data/training_data/8575.png,train,False,
data/training_data/training_data/8576.png,train,False,
data/training_data/training_data/8577.png,train,False,
data/training_data/training_data/8578.png,train,False,
data/training_data/training_data/8579.png,train,False,
data/training_data/training_data/858.png,train,False,
data/training_data/training_data/8580.png,train,False,
data/training_data/training_data/8581.png,train,False,
data/training_data/training_data/8582.png,train,False,
data/training_data/training_data/8583.png,train,False,
data/training_data/training_data/8584.png,train,False,
data/training_data/training_data/8585.png,train,False,
data/training_data/training_data/8586.png,train,False,
data/training_data/training_data/8587.png,train,False,
data/training_data/training_data/8588.png,train,False,
data/training_data/training_data/8589.png,train,False,
data/training_data/training_data/859.png,train,False,
data/training_data/training_data/8590.png,train,False,
data/training_data/training_data/8591.png,train,False,
data/training_data/training_data/8592.png,train,False,
data/training_data/training_data/8593.png,train,False,
data/training_data/training_data/8594.png,train,False,
data/training_data/training_data/8595.png,train,False,
data/training_data/training_data/8596.png,train,False,
data/training_data/training_data/8597.png,train,False,
data/training_data/training_data/8598.png,train,False,
data/training_data/training_data/8599.png,train,False,
data/training_data/training_data/86.png,train,False,
data/training_data/training_data/860.png,train,False,
data/training_data/training_data/8600.png,train,False,
data/training_data/training_data/8601.png,train,False,
data/training_data/training_data/8602.png,train,False,
data/training_data/training_data/8604.png,train,False,
data/training_data/training_data/8605.png,train,False,
data/training_data/training_data/8606.png,train,False,
data/training_data/training_data/8607.png,train,False,
data/training_data/training_data/8608.png,train,False,
data/training_data/training_data/8609.png,train,False,
data/training_data/training_data/861.png,train,False,
data/training_data/training_data/8610.png,train,False,
data/training_data/training_data/8611.png,train,False,
data/training_data/training_data/8612.png,train,False,
data/training_data/training_data/8613.png,train,False,
data/training_data/training_data/8614.png,train,False,
data/training_data/training_data/8615.png,train,False,
data/training_data/training_data/8616.png,train,False,
data/training_data/training_data/8617.png,train,False,
data/training_data/training_data/8618.png,train,False,
data/training_data/training_data/8619.png,train,False,
data/training_data/training_data/862.png,train,False,
data/training_data/training_data/8620.png,train,False,
data/training_data/training_data/8621.png,train,False,
data/training_data/training_data/8622.png,train,False,
data/training_data/training_data/8623.png,train,False,
data/training_data/training_data/8624.png,train,False,
data/training_data/training_data/8625.png,train,False,
data/training_data/training_data/8626.png,train,False,
data/training_data/training_data/8627.png,train,False,
data/training_data/training_data/8628.png,train,False,
data/training_data/training_data/8629.png,train,False,
data/training_data/training_data/863.png,train,False,
data/training_data/training_data/8630.png,train,False,
data/training_data/training_data/8631.png,train,False,
data/training_data/training_data/8632.png,train,False,
data/training_data/training_data/8633.png,train,False,
data/training_data/training_data/8634.png,train,False,
data/training_data/training_data/8635.png,train,False,
data/training_data/training_data/8636.png,train,False,
data/training_data/training_data/8637.png,train,False,
data/training_data/training_data/8638.png,train,False,
data/training_data/training_data/8639.png,train,False,
data/training_data/training_data/864.png,train,False,
data/training_data/training_data/8640.png,train,False,
data/training_data/training_data/8641.png,train,False,
data/training_data/training_data/8642.png,train,False,
data/training_data/training_data/8643.png,train,False,
data/training_data/training_data/8644.png,train,False,
data/training_data/training_data/8645.png,train,False,
data/training_data/training_data/8646.png,train,False,
data/training_data/training_data/8647.png,train,False,
data/training_data/training_data/8648.png,train,False,
data/training_data/training_data/8649.png,train,False,
data/training_data/training_data/865.png,train,False,
data/training_data/training_data/8650.png,train,False,
data/training_data/training_data/8651.png,train,False,
data/training_data/training_data/8652.png,train,False,
data/training_data/training_data/8653.png,train,False,
data/training_data/training_data/8654.png,train,False,
data/training_data/training_data/8655.png,train,False,
data/training_data/training_data/8656.png,train,False,
data/training_data/training_data/8657.png,train,False,
data/training_data/training_data/8658.png,train,False,
data/training_data/training_data/8659.png,train,False,
data/training_data/training_data/866.png,train,False,
data/training_data/training_data/8660.png,train,False,
data/training_data/training_data/8661.png,train,False,
data/training_data/training_data/8662.png,train,False,
data/training_data/training_data/8663.png,train,False,
data/training_data/training_data/8664.png,train,False,
data/training_data/training_data/8665.png,train,False,
data/training_data/training_data/8666.png,train,False,
data/training_data/training_data/8667.png,train,False,
data/training_data/training_data/8668.png,train,False,
data/training_data/training_data/8669.png,train,False,
data/training_data/training_data/867.png,train,False,
data/training_data/training_data/8670.png,train,False,
data/training_data/training_data/8671.png,train,False,
data/training_data/training_data/8672.png,train,False,
data/training_data/training_data/8673.png,train,False,
data/training_data/training_data/8674.png,train,False,
data/training_data/training_data/8675.png,train,False,
data/training_data/training_data/8676.png,train,False,
data/training_data/training_data/8677.png,train,False,
data/training_data/training_data/8678.png,train,False,
data/training_data/training_data/8679.png,train,False,
data/training_data/training_data/868.png,train,False,
data/training_data/training_data/8680.png,train,False,
data/training_data/training_data/8681.png,train,False,
data/training_data/training_data/8682.png,train,False,
data/training_data/training_data/8683.png,train,False,
data/training_data/training_data/8684.png,train,False,
data/training_data/training_data/8685.png,train,False,
data/training_data/training_data/8686.png,train,False,
data/training_data/training_data/8687.png,train,False,
data/training_data/training_data/8688.png,train,False,
data/training_data/training_data/8689.png,train,False,
data/training_data/training_data/869.png,train,False,
data/training_data/training_data/8690.png,train,False,
data/training_data/training_data/8691.png,train,False,
data/training_data/training_data/8692.png,train,False,
data/training_data/training_data/8693.png,train,False,
data/training_data/training_data/8694.png,train,False,
data/training_data/training_data/8695.png,train,False,
data/training_data/training_data/8696.png,train,False,
data/training_data/training_data/8697.png,train,False,
data/training_data/training_data/8698.png,train,False,
data/training_data/training_data/8699.png,train,False,
data/training_data/training_data/87.png,train,False,
data/training_data/training_data/870.png,train,False,
data/training_data/training_data/8700.png,train,False,
data/training_data/training_data/8701.png,train,False,
data/training_data/training_data/8702.png,train,False,
data/training_data/training_data/8703.png,train,False,
data/training_data/training_data/8704.png,train,False,
data/training_data/training_data/8705.png,train,False,
data/training_data/training_data/8706.png,train,False,
data/training_data/training_data/8707.png,train,False,
data/training_data/training_data/8708.png,train,False,
data/training_data/training_data/8709.png,train,False,
data/training_data/training_data/871.png,train,False,
data/training_data/training_data/8710.png,train,False,
data/training_data/training_data/8711.png,train,False,
data/training_data/training_data/8712.png,train,False,
data/training_data/training_data/8713.png,train,False,
data/training_data/training_data/8714.png,train,False,
data/training_data/training_data/8715.png,train,False,
data/training_data/training_data/8716.png,train,False,
data/training_data/training_data/8717.png,train,False,
data/training_data/training_data/8718.png,train,False,
data/training_data/training_data/8719.png,train,False,
data/training_data/training_data/872.png,train,False,
data/training_data/training_data/8720.png,train,False,
data/training_data/training_data/8721.png,train,False,
data/training_data/training_data/8722.png,train,False,
data/training_data/training_data/8723.png,train,False,
data/training_data/training_data/8724.png,train,False,
data/training_data/training_data/8725.png,train,False,
data/training_data/training_data/8726.png,train,False,
data/training_data/training_data/8727.png,train,False,
data/training_data/training_data/8728.png,train,False,
data/training_data/training_data/8729.png,train,False,
data/training_data/training_data/873.png,train,False,
data/training_data/training_data/8730.png,train,False,
data/training_data/training_data/8731.png,train,False,
data/training_data/training_data/8732.png,train,False,
data/training_data/training_data/8733.png,train,False,
data/training_data/training_data/8734.png,train,False,
data/training_data/training_data/8735.png,train,False,
data/training_data/training_data/8736.png,train,False,
data/training_data/training_data/8737.png,train,False,
data/training_data/training_data/8738.png,train,False,
data/training_data/training_data/8739.png,train,False,
data/training_data/training_data/874.png,train,False,
data/training_data/training_data/8740.png,train,False,
data/training_data/training_data/8741.png,train,False,
data/training_data/training_data/8742.png,train,False,
data/training_data/training_data/8743.png,train,False,
data/training_data/training_data/8744.png,train,False,
data/training_data/training_data/8745.png,train,False,
data/training_data/training_data/8746.png,train,False,
data/training_data/training_data/8747.png,train,False,
data/training_data/training_data/8748.png,train,False,
data/training_data/training_data/8749.png,train,False,
data/training_data/training_data/875.png,train,False,
data/training_data/training_data/8750.png,train,False,
data/training_data/training_data/8751.png,train,False,
data/training_data/training_data/8752.png,train,False,
data/training_data/training_data/8753.png,train,False,
data/training_data/training_data/8754.png,train,False,
data/training_data/training_data/8755.png,train,False,
data/training_data/training_data/8756.png,train,False,
data/training_data/training_data/8757.png,train,False,
data/training_data/training_data/8758.png,train,False,
data/training_data/training_data/8759.png,train,False,
data/training_data/training_data/876.png,train,False,
data/training_data/training_data/8760.png,train,False,
data/training_data/training_data/8761.png,train,False,
data/training_data/training_data/8762.png,train,False,
data/training_data/training_data/8763.png,train,False,
data/training_data/training_data/8764.png,train,False,
data/training_data/training_data/8765.png,train,False,
data/training_data/training_data/8766.png,train,False,
data/training_data/training_data/8767.png,train,False,
data/training_data/training_data/8768.png,train,False,
data/training_data/training_data/8769.png,train,False,
data/training_data/training_data/877.png,train,False,
data/training_data/training_data/8770.png,train,False,
data/training_data/training_data/8771.png,train,False,
data/training_data/training_data/8772.png,train,False,
data/training_data/training_data/8773.png,train,False,
data/training_data/training_data/8774.png,train,False,
data/training_data/training_data/8775.png,train,False,
data/training_data/training_data/8776.png,train,False,
data/training_data/training_data/8777.png,train,False,
data/training_data/training_data/8778.png,train,False,
data/training_data/training_data/8779.png,train,False,
data/training_data/training_data/878.png,train,False,
data/training_data/training_data/8780.png,train,False,
data/training_data/training_data/8781.png,train,False,
data/training_data/training_data/8782.png,train,False,
data/training_data/training_data/8783.png,train,False,
data/training_data/training_data/8784.png,train,False,
data/training_data/training_data/8785.png,train,False,
data/training_data/training_data/8786.png,train,False,
data/training_data/training_data/8787.png,train,False,
data/training_data/training_data/8788.png,train,False,
data/training_data/training_data/8789.png,train,False,
data/training_data/training_data/879.png,train,False,
data/training_data/training_data/8790.png,train,False,
data/training_data/training_data/8791.png,train,False,
data/training_data/training_data/8792.png,train,False,
data/training_data/training_data/8793.png,train,False,
data/training_data/training_data/8794.png,train,False,
data/training_data/training_data/8795.png,train,False,
data/training_data/training_data/8796.png,train,False,
data/training_data/training_data/8797.png,train,False,
data/training_data/training_data/8798.png,train,False,
data/training_data/training_data/8799.png,train,False,
data/training_data/training_data/88.png,train,False,
data/training_data/training_data/880.png,train,False,
data/training_data/training_data/8800.png,train,False,
data/training_data/training_data/8801.png,train,False,
data/training_data/training_data/8802.png,train,False,
data/training_data/training_data/8803.png,train,False,
data/training_data/training_data/8804.png,train,False,
data/training_data/training_data/8805.png,train,False,
data/training_data/training_data/8806.png,train,False,
data/training_data/training_data/8807.png,train,False,
data/training_data/training_data/8808.png,train,False,
data/training_data/training_data/8809.png,train,False,
data/training_data/training_data/881.png,train,False,
data/training_data/training_data/8810.png,train,False,
data/training_data/training_data/8811.png,train,False,
data/training_data/training_data/8812.png,train,False,
data/training_data/training_data/8813.png,train,False,
data/training_data/training_data/8814.png,train,False,
data/training_data/training_data/8815.png,train,False,
data/training_data/training_data/8816.png,train,False,
data/training_data/training_data/8817.png,train,False,
data/training_data/training_data/8818.png,train,False,
data/training_data/training_data/8819.png,train,False,
data/training_data/training_data/882.png,train,False,
data/training_data/training_data/8820.png,train,False,
data/training_data/training_data/8821.png,train,False,
data/training_data/training_data/8822.png,train,False,
data/training_data/training_data/8823.png,train,False,
data/training_data/training_data/8824.png,train,False,
data/training_data/training_data/8825.png,train,False,
data/training_data/training_data/8826.png,train,False,
data/training_data/training_data/8827.png,train,False,
data/training_data/training_data/8828.png,train,False,
data/training_data/training_data/8829.png,train,False,
data/training_data/training_data/883.png,train,False,
data/training_data/training_data/8830.png,train,False,
data/training_data/training_data/8831.png,train,False,
data/training_data/training_data/8832.png,train,False,
data/training_data/training_data/8833.png,train,False,
data/training_data/training_data/8834.png,train,False,
data/training_data/training_data/8835.png,train,False,
data/training_data/training_data/8836.png,train,False,
data/training_data/training_data/8837.png,train,False,
data/training_data/training_data/8838.png,train,False,
data/training_data/training_data/8839.png,train,False,
data/training_data/training_data/884.png,train,False,
data/training_data/training_data/8840.png,train,False,
data/training_data/training_data/8841.png,train,False,
data/training_data/training_data/8842.png,train,False,
data/training_data/training_data/8843.png,train,False,
data/training_data/training_data/8844.png,train,False,
data/training_data/training_data/8845.png,train,False,
data/training_data/training_data/8846.png,train,False,
data/training_data/training_data/8847.png,train,False,
data/training_data/training_data/8848.png,train,False,
data/training_data/training_data/8849.png,train,False,
data/training_data/training_data/885.png,train,False,
data/training_data/training_data/8850.png,train,False,
data/training_data/training_data/8851.png,train,False,
data/training_data/training_data/8852.png,train,False,
data/training_data/training_data/8853.png,train,False,
data/training_data/training_data/8854.png,train,False,
data/training_data/training_data/8855.png,train,False,
data/training_data/training_data/8856.png,train,False,
data/training_data/training_data/8857.png,train,False,
data/training_data/training_data/8858.png,train,False,
data/training_data/training_data/8859.png,train,False,
data/training_data/training_data/886.png,train,False,
data/training_data/training_data/8860.png,train,False,
data/training_data/training_data/8861.png,train,False,
data/training_data/training_data/8862.png,train,False,
data/training_data/training_data/8863.png,train,False,
data/training_data/training_data/8864.png,train,False,
data/training_data/training_data/8865.png,train,False,
data/training_data/training_data/8866.png,train,False,
data/training_data/training_data/8867.png,train,False,
data/training_data/training_data/8868.png,train,False,
data/training_data/training_data/8869.png,train,False,
data/training_data/training_data/887.png,train,False,
data/training_data/training_data/8870.png,train,False,
data/training_data/training_data/8871.png,train,False,
data/training_data/training_data/8872.png,train,False,
data/training_data/training_data/8873.png,train,False,
data/training_data/training_data/8874.png,train,False,
data/training_data/training_data/8875.png,train,False,
data/training_data/training_data/8876.png,train,False,
data/training_data/training_data/8877.png,train,False,
data/training_data/training_data/8878.png,train,False,
data/training_data/training_data/8879.png,train,False,
data/training_data/training_data/888.png,train,False,
data/training_data/training_data/8880.png,train,False,
data/training_data/training_data/8881.png,train,False,
data/training_data/training_data/8882.png,train,False,
data/training_data/training_data/8883.png,train,False,
data/training_data/training_data/8884.png,train,False,
data/training_data/training_data/8885.png,train,False,
data/training_data/training_data/8886.png,train,False,
data/training_data/training_data/8887.png,train,False,
data/training_data/training_data/8888.png,train,False,
data/training_data/training_data/8889.png,train,False,
data/training_data/training_data/889.png,train,False,
data/training_data/training_data/8890.png,train,False,
data/training_data/training_data/8891.png,train,False,
data/training_data/training_data/8892.png,train,False,
data/training_data/training_data/8893.png,train,False,
data/training_data/training_data/8894.png,train,False,
data/training_data/training_data/8895.png,train,False,
data/training_data/training_data/8896.png,train,False,
data/training_data/training_data/8897.png,train,False,
data/training_data/training_data/8898.png,train,False,
data/training_data/training_data/8899.png,train,False,
data/training_data/training_data/89.png,train,False,
data/training_data/training_data/890.png,train,False,
data/training_data/training_data/8900.png,train,False,
data/training_data/training_data/8901.png,train,False,
data/training_data/training_data/8902.png,train,False,
data/training_data/training_data/8903.png,train,False,
data/training_data/training_data/8904.png,train,False,
data/training_data/training_data/8905.png,train,False,
data/training_data/training_data/8906.png,train,False,
data/training_data/training_data/8907.png,train,False,
data/training_data/training_data/8908.png,train,False,
data/training_data/training_data/8909.png,train,False,
data/training_data/training_data/891.png,train,False,
data/training_data/training_data/8910.png,train,False,
data/training_data/training_data/8911.png,train,False,
data/training_data/training_data/8912.png,train,False,
data/training_data/training_data/8913.png,train,False,
data/training_data/training_data/8914.png,train,False,
data/training_data/training_data/8915.png,train,False,
data/training_data/training_data/8916.png,train,False,
data/training_data/training_data/8917.png,train,False,
data/training_data/training_data/8918.png,train,False,
data/training_data/training_data/8919.png,train,False,
data/training_data/training_data/892.png,train,False,
data/training_data/training_data/8920.png,train,False,
data/training_data/training_data/8921.png,train,False,
data/training_data/training_data/8922.png,train,False,
data/training_data/training_data/8923.png,train,False,
data/training_data/training_data/8924.png,train,False,
data/training_data/training_data/8925.png,train,False,
data/training_data/training_data/8926.png,train,False,
data/training_data/training_data/8927.png,train,False,
data/training_data/training_data/8928.png,train,False,
data/training_data/training_data/8929.png,train,False,
data/training_data/training_data/893.png,train,False,
data/training_data/training_data/8930.png,train,False,
data/training_data/training_data/8931.png,train,False,
data/training_data/training_data/8932.png,train,False,
data/training_data/training_data/8933.png,train,False,
data/training_data/training_data/8934.png,train,False,
data/training_data/training_data/8935.png,train,False,
data/training_data/training_data/8936.png,train,False,
data/training_data/training_data/8937.png,train,False,
data/training_data/training_data/8938.png,train,False,
data/training_data/training_data/8939.png,train,False,
data/training_data/training_data/894.png,train,False,
data/training_data/training_data/8940.png,train,False,
data/training_data/training_data/8941.png,train,False,
data/training_data/training_data/8942.png,train,False,
data/training_data/training_data/8943.png,train,False,
data/training_data/training_data/8944.png,train,False,
data/training_data/training_data/8945.png,train,False,
data/training_data/training_data/8946.png,train,False,
data/training_data/training_data/8947.png,train,False,
data/training_data/training_data/8948.png,train,False,
data/training_data/training_data/895.png,train,False,
data/training_data/training_data/8950.png,train,False,
data/training_data/training_data/8951.png,train,False,
data/training_data/training_data/8952.png,train,False,
data/training_data/training_data/8953.png,train,False,
data/training_data/training_data/8954.png,train,False,
data/training_data/training_data/8955.png,train,False,
data/training_data/training_data/8956.png,train,False,
data/training_data/training_data/8957.png,train,False,
data/training_data/training_data/8958.png,train,False,
data/training_data/training_data/8959.png,train,False,
data/training_data/training_data/896.png,train,False,
data/training_data/training_data/8960.png,train,False,
data/training_data/training_data/8961.png,train,False,
data/training_data/training_data/8962.png,train,False,
data/training_data/training_data/8963.png,train,False,
data/training_data/training_data/8964.png,train,False,
data/training_data/training_data/8965.png,train,False,
data/training_data/training_data/8966.png,train,False,
data/training_data/training_data/8967.png,train,False,
data/training_data/training_data/8968.png,train,False,
data/training_data/training_data/8969.png,train,False,
data/training_data/training_data/897.png,train,False,
data/training_data/training_data/8970.png,train,False,
data/training_data/training_data/8971.png,train,False,
data/training_data/training_data/8972.png,train,False,
data/training_data/training_data/8973.png,train,False,
data/training_data/training_data/8974.png,train,False,
data/training_data/training_data/8975.png,train,False,
data/training_data/training_data/8976.png,train,False,
data/training_data/training_data/8977.png,train,False,
data/training_data/training_data/8978.png,train,False,
data/training_data/training_data/8979.png,train,False,
data/training_data/training_data/898.png,train,False,
data/training_data/training_data/8980.png,train,False,
data/training_data/training_data/8981.png,train,False,
data/training_data/training_data/8982.png,train,False,
data/training_data/training_data/8983.png,train,False,
data/training_data/training_data/8984.png,train,False,
data/training_data/training_data/8985.png,train,False,
data/training_data/training_data/8986.png,train,False,
data/training_data/training_data/8987.png,train,False,
data/training_data/training_data/8988.png,train,False,
data/training_data/training_data/8989.png,train,False,
data/training_data/training_data/899.png,train,False,
data/training_data/training_data/8990.png,train,False,
data/training_data/training_data/8991.png,train,False,
data/training_data/training_data/8992.png,train,False,
data/training_data/training_data/8993.png,train,False,
data/training_data/training_data/8994.png,train,False,
data/training_data/training_data/8995.png,train,False,
data/training_data/training_data/8996.png,train,False,
data/training_data/training_data/8997.png,train,False,
data/training_data/training_data/8998.png,train,False,
data/training_data/training_data/8999.png,train,False,
data/training_data/training_data/9.png,train,False,
data/training_data/training_data/90.png,train,False,
data/training_data/training_data/900.png,train,False,
data/training_data/training_data/9000.png,train,False,
data/training_data/training_data/9001.png,train,False,
data/training_data/training_data/9002.png,train,False,
data/training_data/training_data/9003.png,train,False,
data/training_data/training_data/9004.png,train,False,
data/training_data/training_data/9005.png,train,False,
data/training_data/training_data/9006.png,train,False,
data/training_data/training_data/9007.png,train,False,
data/training_data/training_data/9008.png,train,False,
data/training_data/training_data/9009.png,train,False,
data/training_data/training_data/901.png,train,False,
data/training_data/training_data/9010.png,train,False,
data/training_data/training_data/9011.png,train,False,
data/training_data/training_data/9012.png,train,False,
data/training_data/training_data/9013.png,train,False,
data/training_data/training_data/9014.png,train,False,
data/training_data/training_data/9015.png,train,False,
data/training_data/training_data/9016.png,train,False,
data/training_data/training_data/9017.png,train,False,
data/training_data/training_data/9018.png,train,False,
data/training_data/training_data/9019.png,train,False,
data/training_data/training_data/902.png,train,False,
data/training_data/training_data/9020.png,train,False,
data/training_data/training_data/9021.png,train,False,
data/training_data/training_data/9022.png,train,False,
data/training_data/training_data/9023.png,train,False,
data/training_data/training_data/9024.png,train,False,
data/training_data/training_data/9025.png,train,False,
data/training_data/training_data/9026.png,train,False,
data/training_data/training_data/9027.png,train,False,
data/training_data/training_data/9028.png,train,False,
data/training_data/training_data/9029.png,train,False,
data/training_data/training_data/903.png,train,False,
data/training_data/training_data/9030.png,train,False,
data/training_data/training_data/9031.png,train,False,
data/training_data/training_data/9032.png,train,False,
data/training_data/training_data/9033.png,train,False,
data/training_data/training_data/9034.png,train,False,
data/training_data/training_data/9035.png,train,False,
data/training_data/training_data/9036.png,train,False,
data/training_data/training_data/9037.png,train,False,
data/training_data/training_data/9038.png,train,False,
data/training_data/training_data/9039.png,train,False,
data/training_data/training_data/904.png,train,False,
data/training_data/training_data/9040.png,train,False,
data/training_data/training_data/9041.png,train,False,
data/training_data/training_data/9042.png,train,False,
data/training_data/training_data/9043.png,train,False,
data/training_data/training_data/9044.png,train,False,
data/training_data/training_data/9045.png,train,False,
data/training_data/training_data/9046.png,train,False,
data/training_data/training_data/9047.png,train,False,
data/training_data/training_data/9048.png,train,False,
data/training_data/training_data/9049.png,train,False,
data/training_data/training_data/905.png,train,False,
data/training_data/training_data/9050.png,train,False,
data/training_data/training_data/9051.png,train,False,
data/training_data/training_data/9052.png,train,False,
data/training_data/training_data/9053.png,train,False,
data/training_data/training_data/9054.png,train,False,
data/training_data/training_data/9055.png,train,False,
data/training_data/training_data/9056.png,train,False,
data/training_data/training_data/9057.png,train,False,
data/training_data/training_data/9058.png,train,False,
data/training_data/training_data/9059.png,train,False,
data/training_data/training_data/906.png,train,False,
data/training_data/training_data/9060.png,train,False,
data/training_data/training_data/9061.png,train,False,
data/training_data/training_data/9062.png,train,False,
data/training_data/training_data/9063.png,train,False,
data/training_data/training_data/9064.png,train,False,
data/training_data/training_data/9065.png,train,False,
data/training_data/training_data/9066.png,train,False,
data/training_data/training_data/9067.png,train,False,
data/training_data/training_data/9068.png,train,False,
data/training_data/training_data/9069.png,train,False,
data/training_data/training_data/907.png,train,False,
data/training_data/training_data/9070.png,train,False,
data/training_data/training_data/9071.png,train,False,
data/training_data/training_data/9072.png,train,False,
data/training_data/training_data/9073.png,train,False,
data/training_data/training_data/9074.png,train,False,
data/training_data/training_data/9075.png,train,False,
data/training_data/training_data/9076.png,train,False,
data/training_data/training_data/9077.png,train,False,
data/training_data/training_data/9078.png,train,False,
data/training_data/training_data/9079.png,train,False,
data/training_data/training_data/908.png,train,False,
data/training_data/training_data/9080.png,train,False,
data/training_data/training_data/9081.png,train,False,
data/training_data/training_data/9082.png,train,False,
data/training_data/training_data/9083.png,train,False,
data/training_data/training_data/9084.png,train,False,
data/training_data/training_data/9085.png,train,False,
data/training_data/training_data/9086.png,train,False,
data/training_data/training_data/9087.png,train,False,
data/training_data/training_data/9088.png,train,False,
data/training_data/training_data/9089.png,train,False,
data/training_data/training_data/909.png,train,False,
data/training_data/training_data/9090.png,train,False,
data/training_data/training_data/9091.png,train,False,
data/training_data/training_data/9092.png,train,False,
data/training_data/training_data/9093.png,train,False,
data/training_data/training_data/9094.png,train,False,
data/training_data/training_data/9095.png,train,False,
data/training_data/training_data/9096.png,train,False,
data/training_data/training_data/9097.png,train,False,
data/training_data/training_data/9098.png,train,False,
data/training_data/training_data/9099.png,train,False,
data/training_data/training_data/91.png,train,False,
data/training_data/training_data/910.png,train,False,
data/training_data/training_data/9100.png,train,False,
data/training_data/training_data/9101.png,train,False,
data/training_data/training_data/9102.png,train,False,
data/training_data/training_data/9103.png,train,False,
data/training_data/training_data/9104.png,train,False,
data/training_data/training_data/9105.png,train,False,
data/training_data/training_data/9106.png,train,False,
data/training_data/training_data/9107.png,train,False,
data/training_data/training_data/9108.png,train,False,
data/training_data/training_data/9109.png,train,False,
data/training_data/training_data/911.png,train,False,
data/training_data/training_data/9110.png,train,False,
data/training_data/training_data/9111.png,train,False,
data/training_data/training_data/9112.png,train,False,
data/training_data/training_data/9113.png,train,False,
data/training_data/training_data/9114.png,train,False,
data/training_data/training_data/9115.png,train,False,
data/training_data/training_data/9116.png,train,False,
data/training_data/training_data/9117.png,train,False,
data/training_data/training_data/9118.png,train,False,
data/training_data/training_data/9119.png,train,False,
data/training_data/training_data/912.png,train,False,
data/training_data/training_data/9120.png,train,False,
data/training_data/training_data/9121.png,train,False,
data/training_data/training_data/9122.png,train,False,
data/training_data/training_data/9123.png,train,False,
data/training_data/training_data/9124.png,train,False,
data/training_data/training_data/9125.png,train,False,
data/training_data/training_data/9126.png,train,False,
data/training_data/training_data/9127.png,train,False,
data/training_data/training_data/9128.png,train,False,
data/training_data/training_data/9129.png,train,False,
data/training_data/training_data/913.png,train,False,
data/training_data/training_data/9130.png,train,False,
data/training_data/training_data/9131.png,train,False,
data/training_data/training_data/9132.png,train,False,
data/training_data/training_data/9133.png,train,False,
data/training_data/training_data/9134.png,train,False,
data/training_data/training_data/9135.png,train,False,
data/training_data/training_data/9136.png,train,False,
data/training_data/training_data/9137.png,train,False,
data/training_data/training_data/9138.png,train,False,
data/training_data/training_data/9139.png,train,False,
data/training_data/training_data/914.png,train,False,
data/training_data/training_data/9140.png,train,False,
data/training_data/training_data/9141.png,train,False,
data/training_data/training_data/9142.png,train,False,
data/training_data/training_data/9143.png,train,False,
data/training_data/training_data/9144.png,train,False,
data/training_data/training_data/9145.png,train,False,
data/training_data/training_data/9146.png,train,False,
data/training_data/training_data/9147.png,train,False,
data/training_data/training_data/9148.png,train,False,
data/training_data/training_data/9149.png,train,False,
data/training_data/training_data/915.png,train,False,
data/training_data/training_data/9150.png,train,False,
data/training_data/training_data/9151.png,train,False,
data/training_data/training_data/9152.png,train,False,
data/training_data/training_data/9153.png,train,False,
data/training_data/training_data/9154.png,train,False,
data/training_data/training_data/9155.png,train,False,
data/training_data/training_data/9156.png,train,False,
data/training_data/training_data/9157.png,train,False,
data/training_data/training_data/9158.png,train,False,
data/training_data/training_data/9159.png,train,False,
data/training_data/training_data/916.png,train,False,
data/training_data/training_data/9160.png,train,False,
data/training_data/training_data/9161.png,train,False,
data/training_data/training_data/9162.png,train,False,
data/training_data/training_data/9163.png,train,False,
data/training_data/training_data/9164.png,train,False,
data/training_data/training_data/9165.png,train,False,
data/training_data/training_data/9166.png,train,False,
data/training_data/training_data/9167.png,train,False,
data/training_data/training_data/9168.png,train,False,
data/training_data/training_data/9169.png,train,False,
data/training_data/training_data/917.png,train,False,
data/training_data/training_data/9170.png,train,False,
data/training_data/training_data/9171.png,train,False,
data/training_data/training_data/9172.png,train,False,
data/training_data/training_data/9173.png,train,False,
data/training_data/training_data/9174.png,train,False,
data/training_data/training_data/9175.png,train,False,
data/training_data/training_data/9176.png,train,False,
data/training_data/training_data/9177.png,train,False,
data/training_data/training_data/9178.png,train,False,
data/training_data/training_data/9179.png,train,False,
data/training_data/training_data/918.png,train,False,
data/training_data/training_data/9180.png,train,False,
data/training_data/training_data/9181.png,train,False,
data/training_data/training_data/9182.png,train,False,
data/training_data/training_data/9183.png,train,False,
data/training_data/training_data/9184.png,train,False,
data/training_data/training_data/9185.png,train,False,
data/training_data/training_data/9186.png,train,False,
data/training_data/training_data/9187.png,train,False,
data/training_data/training_data/9188.png,train,False,
data/training_data/training_data/9189.png,train,False,
data/training_data/training_data/919.png,train,False,
data/training_data/training_data/9190.png,train,False,
data/training_data/training_data/9191.png,train,False,
data/training_data/training_data/9192.png,train,False,
data/training_data/training_data/9193.png,train,False,
data/training_data/training_data/9194.png,train,False,
data/training_data/training_data/9195.png,train,False,
data/training_data/training_data/9196.png,train,False,
data/training_data/training_data/9197.png,train,False,
data/training_data/training_data/9198.png,train,False,
data/training_data/training_data/9199.png,train,False,
data/training_data/training_data/92.png,train,False,
data/training_data/training_data/920.png,train,False,
data/training_data/training_data/9200.png,train,False,
data/training_data/training_data/9201.png,train,False,
data/training_data/training_data/9202.png,train,False,
data/training_data/training_data/9203.png,train,False,
data/training_data/training_data/9204.png,train,False,
data/training_data/training_data/9205.png,train,False,
data/training_data/training_data/9206.png,train,False,
data/training_data/training_data/9207.png,train,False,
data/training_data/training_data/9208.png,train,False,
data/training_data/training_data/9209.png,train,False,
data/training_data/training_data/921.png,train,False,
data/training_data/training_data/9210.png,train,False,
data/training_data/training_data/9211.png,train,False,
data/training_data/training_data/9212.png,train,False,
data/training_data/training_data/9213.png,train,False,
data/training_data/training_data/9214.png,train,False,
data/training_data/training_data/9215.png,train,False,
data/training_data/training_data/9216.png,train,False,
data/training_data/training_data/9217.png,train,False,
data/training_data/training_data/9218.png,train,False,
data/training_data/training_data/9219.png,train,False,
data/training_data/training_data/922.png,train,False,
data/training_data/training_data/9220.png,train,False,
data/training_data/training_data/9221.png,train,False,
data/training_data/training_data/9222.png,train,False,
data/training_data/training_data/9223.png,train,False,
data/training_data/training_data/9224.png,train,False,
data/training_data/training_data/9225.png,train,False,
data/training_data/training_data/9226.png,train,False,
data/training_data/training_data/9227.png,train,False,
data/training_data/training_data/9228.png,train,False,
data/training_data/training_data/9229.png,train,False,
data/training_data/training_data/923.png,train,False,
data/training_data/training_data/9230.png,train,False,
data/training_data/training_data/9231.png,train,False,
data/training_data/training_data/9232.png,train,False,
data/training_data/training_data/9233.png,train,False,
data/training_data/training_data/9234.png,train,False,
data/training_data/training_data/9235.png,train,False,
data/training_data/training_data/9236.png,train,False,
data/training_data/training_data/9237.png,train,False,
data/training_data/training_data/9238.png,train,False,
data/training_data/training_data/9239.png,train,False,
data/training_data/training_data/924.png,train,False,
data/training_data/training_data/9240.png,train,False,
data/training_data/training_data/9241.png,train,False,
data/training_data/training_data/9242.png,train,False,
data/training_data/training_data/9243.png,train,False,
data/training_data/training_data/9244.png,train,False,
data/training_data/training_data/9245.png,train,False,
data/training_data/training_data/9246.png,train,False,
data/training_data/training_data/9247.png,train,False,
data/training_data/training_data/9248.png,train,False,
data/training_data/training_data/9249.png,train,False,
data/training_data/training_data/925.png,train,False,
data/training_data/training_data/9250.png,train,False,
data/training_data/training_data/9251.png,train,False,
data/training_data/training_data/9252.png,train,False,
data/training_data/training_data/9253.png,train,False,
data/training_data/training_data/9254.png,train,False,
data/training_data/training_data/9255.png,train,False,
data/training_data/training_data/9256.png,train,False,
data/training_data/training_data/9257.png,train,False,
data/training_data/training_data/9258.png,train,False,
data/training_data/training_data/9259.png,train,False,
data/training_data/training_data/926.png,train,False,
data/training_data/training_data/9260.png,train,False,
data/training_data/training_data/9261.png,train,False,
data/training_data/training_data/9262.png,train,False,
data/training_data/training_data/9263.png,train,False,
data/training_data/training_data/9264.png,train,False,
data/training_data/training_data/9265.png,train,False,
data/training_data/training_data/9266.png,train,False,
data/training_data/training_data/9267.png,train,False,
data/training_data/training_data/9268.png,train,False,
data/training_data/training_data/9269.png,train,False,
data/training_data/training_data/927.png,train,False,
data/training_data/training_data/9270.png,train,False,
data/training_data/training_data/9271.png,train,False,
data/training_data/training_data/9272.png,train,False,
data/training_data/training_data/9273.png,train,False,
data/training_data/training_data/9274.png,train,False,
data/training_data/training_data/9275.png,train,False,
data/training_data/training_data/9276.png,train,False,
data/training_data/training_data/9277.png,train,False,
data/training_data/training_data/9278.png,train,False,
data/training_data/training_data/9279.png,train,False,
data/training_data/training_data/928.png,train,False,
data/training_data/training_data/9280.png,train,False,
data/training_data/training_data/9281.png,train,False,
data/training_data/training_data/9282.png,train,False,
data/training_data/training_data/9283.png,train,False,
data/training_data/training_data/9284.png,train,False,
data/training_data/training_data/9285.png,train,False,
data/training_data/training_data/9286.png,train,False,
data/training_data/training_data/9287.png,train,False,
data/training_data/training_data/9288.png,train,False,
data/training_data/training_data/9289.png,train,False,
data/training_data/training_data/929.png,train,False,
data/training_data/training_data/9290.png,train,False,
data/training_data/training_data/9291.png,train,False,
data/training_data/training_data/9292.png,train,False,
data/training_data/training_data/9293.png,train,False,
data/training_data/training_data/9294.png,train,False,
data/training_data/training_data/9295.png,train,False,
data/training_data/training_data/9296.png,train,False,
data/training_data/training_data/9297.png,train,False,
data/training_data/training_data/9298.png,train,False,
data/training_data/training_data/9299.png,train,False,
data/training_data/training_data/93.png,train,False,
data/training_data/training_data/930.png,train,False,
data/training_data/training_data/9300.png,train,False,
data/training_data/training_data/9301.png,train,False,
data/training_data/training_data/9302.png,train,False,
data/training_data/training_data/9303.png,train,False,
data/training_data/training_data/9304.png,train,False,
data/training_data/training_data/9305.png,train,False,
data/training_data/training_data/9306.png,train,False,
data/training_data/training_data/9307.png,train,False,
data/training_data/training_data/9308.png,train,False,
data/training_data/training_data/9309.png,train,False,
data/training_data/training_data/931.png,train,False,
data/training_data/training_data/9310.png,train,False,
data/training_data/training_data/9311.png,train,False,
data/training_data/training_data/9312.png,train,False,
data/training_data/training_data/9313.png,train,False,
data/training_data/training_data/9314.png,train,False,
data/training_data/training_data/9315.png,train,False,
data/training_data/training_data/9316.png,train,False,
data/training_data/training_data/9317.png,train,False,
data/training_data/training_data/9318.png,train,False,
data/training_data/training_data/9319.png,train,False,
data/training_data/training_data/932.png,train,False,
data/training_data/training_data/9320.png,train,False,
data/training_data/training_data/9321.png,train,False,
data/training_data/training_data/9322.png,train,False,
data/training_data/training_data/9323.png,train,False,
data/training_data/training_data/9324.png,train,False,
data/training_data/training_data/9325.png,train,False,
data/training_data/training_data/9326.png,train,False,
data/training_data/training_data/9327.png,train,False,
data/training_data/training_data/9328.png,train,False,
data/training_data/training_data/9329.png,train,False,
data/training_data/training_data/933.png,train,False,
data/training_data/training_data/9330.png,train,False,
data/training_data/training_data/9331.png,train,False,
data/training_data/training_data/9332.png,train,False,
data/training_data/training_data/9333.png,train,False,
data/training_data/training_data/9334.png,train,False,
data/training_data/training_data/9335.png,train,False,
data/training_data/training_data/9336.png,train,False,
data/training_data/training_data/9337.png,train,False,
data/training_data/training_data/9338.png,train,False,
data/training_data/training_data/9339.png,train,False,
data/training_data/training_data/934.png,train,False,
data/training_data/training_data/9340.png,train,False,
data/training_data/training_data/9341.png,train,False,
data/training_data/training_data/9342.png,train,False,
data/training_data/training_data/9343.png,train,False,
data/training_data/training_data/9344.png,train,False,
data/training_data/training_data/9345.png,train,False,
data/training_data/training_data/9346.png,train,False,
data/training_data/training_data/9347.png,train,False,
data/training_data/training_data/9348.png,train,False,
data/training_data/training_data/9349.png,train,False,
data/training_data/training_data/935.png,train,False,
data/training_data/training_data/9350.png,train,False,
data/training_data/training_data/9351.png,train,False,
data/training_data/training_data/9352.png,train,False,
data/training_data/training_data/9353.png,train,False,
data/training_data/training_data/9354.png,train,False,
data/training_data/training_data/9355.png,train,False,
data/training_data/training_data/9356.png,train,False,
data/training_data/training_data/9357.png,train,False,
data/training_data/training_data/9358.png,train,False,
data/training_data/training_data/9359.png,train,False,
data/training_data/training_data/936.png,train,False,
data/training_data/training_data/9360.png,train,False,
data/training_data/training_data/9361.png,train,False,
data/training_data/training_data/9362.png,train,False,
data/training_data/training_data/9363.png,train,False,
data/training_data/training_data/9364.png,train,False,
data/training_data/training_data/9365.png,train,False,
data/training_data/training_data/9366.png,train,False,
data/training_data/training_data/9367.png,train,False,
data/training_data/training_data/9368.png,train,False,
data/training_data/training_data/9369.png,train,False,
data/training_data/training_data/937.png,train,False,
data/training_data/training_data/9370.png,train,False,
data/training_data/training_data/9371.png,train,False,
data/training_data/training_data/9372.png,train,False,
data/training_data/training_data/9373.png,train,False,
data/training_data/training_data/9374.png,train,False,
data/training_data/training_data/9375.png,train,False,
data/training_data/training_data/9376.png,train,False,
data/training_data/training_data/9377.png,train,False,
data/training_data/training_data/9378.png,train,False,
data/training_data/training_data/9379.png,train,False,
data/training_data/training_data/938.png,train,False,
data/training_data/training_data/9380.png,train,False,
data/training_data/training_data/9381.png,train,False,
data/training_data/training_data/9382.png,train,False,
data/training_data/training_data/9383.png,train,False,
data/training_data/training_data/9384.png,train,False,
data/training_data/training_data/9385.png,train,False,
data/training_data/training_data/9386.png,train,False,
data/training_data/training_data/9387.png,train,False,
data/training_data/training_data/9388.png,train,False,
data/training_data/training_data/9389.png,train,False,
data/training_data/training_data/939.png,train,False,
data/training_data/training_data/9390.png,train,False,
data/training_data/training_data/9391.png,train,False,
data/training_data/training_data/9392.png,train,False,
data/training_data/training_data/9393.png,train,False,
data/training_data/training_data/9394.png,train,False,
data/training_data/training_data/9395.png,train,False,
data/training_data/training_data/9396.png,train,False,
data/training_data/training_data/9397.png,train,False,
data/training_data/training_data/9398.png,train,False,
data/training_data/training_data/9399.png,train,False,
data/training_data/training_data/94.png,train,False,
data/training_data/training_data/940.png,train,False,
data/training_data/training_data/9400.png,train,False,
data/training_data/training_data/9401.png,train,False,
data/training_data/training_data/9402.png,train,False,
data/training_data/training_data/9403.png,train,False,
data/training_data/training_data/9404.png,train,False,
data/training_data/training_data/9405.png,train,False,
data/training_data/training_data/9406.png,train,False,
data/training_data/training_data/9407.png,train,False,
data/training_data/training_data/9408.png,train,False,
data/training_data/training_data/9409.png,train,False,
data/training_data/training_data/941.png,train,False,
data/training_data/training_data/9410.png,train,False,
data/training_data/training_data/9411.png,train,False,
data/training_data/training_data/9412.png,train,False,
data/training_data/training_data/9413.png,train,False,
data/training_data/training_data/9414.png,train,False,
data/training_data/training_data/9415.png,train,False,
data/training_data/training_data/9416.png,train,False,
data/training_data/training_data/9417.png,train,False,
data/training_data/training_data/9418.png,train,False,
data/training_data/training_data/9419.png,train,False,
data/training_data/training_data/942.png,train,False,
data/training_data/training_data/9421.png,train,False,
data/training_data/training_data/9422.png,train,False,
data/training_data/training_data/9423.png,train,False,
data/training_data/training_data/9424.png,train,False,
data/training_data/training_data/9425.png,train,False,
data/training_data/training_data/9426.png,train,False,
data/training_data/training_data/9427.png,train,False,
data/training_data/training_data/9428.png,train,False,
data/training_data/training_data/9429.png,train,False,
data/training_data/training_data/943.png,train,False,
data/training_data/training_data/9430.png,train,False,
data/training_data/training_data/9431.png,train,False,
data/training_data/training_data/9432.png,train,False,
data/training_data/training_data/9433.png,train,False,
data/training_data/training_data/9434.png,train,False,
data/training_data/training_data/9435.png,train,False,
data/training_data/training_data/9436.png,train,False,
data/training_data/training_data/9437.png,train,False,
data/training_data/training_data/9438.png,train,False,
data/training_data/training_data/9439.png,train,False,
data/training_data/training_data/944.png,train,False,
data/training_data/training_data/9440.png,train,False,
data/training_data/training_data/9441.png,train,False,
data/training_data/training_data/9442.png,train,False,
data/training_data/training_data/9443.png,train,False,
data/training_data/training_data/9444.png,train,False,
data/training_data/training_data/9445.png,train,False,
data/training_data/training_data/9446.png,train,False,
data/training_data/training_data/9447.png,train,False,
data/training_data/training_data/9448.png,train,False,
data/training_data/training_data/9449.png,train,False,
data/training_data/training_data/945.png,train,False,
data/training_data/training_data/9450.png,train,False,
data/training_data/training_data/9451.png,train,False,
data/training_data/training_data/9452.png,train,False,
data/training_data/training_data/9453.png,train,False,
data/training_data/training_data/9454.png,train,False,
data/training_data/training_data/9455.png,train,False,
data/training_data/training_data/9456.png,train,False,
data/training_data/training_data/9457.png,train,False,
data/training_data/training_data/9458.png,train,False,
data/training_data/training_data/9459.png,train,False,
data/training_data/training_data/946.png,train,False,
data/training_data/training_data/9460.png,train,False,
data/training_data/training_data/9461.png,train,False,
data/training_data/training_data/9462.png,train,False,
data/training_data/training_data/9463.png,train,False,
data/training_data/training_data/9464.png,train,False,
data/training_data/training_data/9465.png,train,False,
data/training_data/training_data/9466.png,train,False,
data/training_data/training_data/9467.png,train,False,
data/training_data/training_data/9468.png,train,False,
data/training_data/training_data/9469.png,train,False,
data/training_data/training_data/947.png,train,False,
data/training_data/training_data/9470.png,train,False,
data/training_data/training_data/9471.png,train,False,
data/training_data/training_data/9472.png,train,False,
data/training_data/training_data/9473.png,train,False,
data/training_data/training_data/9474.png,train,False,
data/training_data/training_data/9475.png,train,False,
data/training_data/training_data/9476.png,train,False,
data/training_data/training_data/9477.png,train,False,
data/training_data/training_data/9478.png,train,False,
data/training_data/training_data/9479.png,train,False,
data/training_data/training_data/948.png,train,False,
data/training_data/training_data/9480.png,train,False,
data/training_data/training_data/9481.png,train,False,
data/training_data/training_data/9482.png,train,False,
data/training_data/training_data/9483.png,train,False,
data/training_data/training_data/9484.png,train,False,
data/training_data/training_data/9485.png,train,False,
data/training_data/training_data/9486.png,train,False,
data/training_data/training_data/9487.png,train,False,
data/training_data/training_data/9488.png,train,False,
data/training_data/training_data/9489.png,train,False,
data/training_data/training_data/949.png,train,False,
data/training_data/training_data/9490.png,train,False,
data/training_data/training_data/9491.png,train,False,
data/training_data/training_data/9492.png,train,False,
data/training_data/training_data/9493.png,train,False,
data/training_data/training_data/9494.png,train,False,
data/training_data/training_data/9495.png,train,False,
data/training_data/training_data/9496.png,train,False,
data/training_data/training_data/9497.png,train,False,
data/training_data/training_data/9498.png,train,False,
data/training_data/training_data/9499.png,train,False,
data/training_data/training_data/95.png,train,False,
data/training_data/training_data/950.png,train,False,
data/training_data/training_data/9500.png,train,False,
data/training_data/training_data/9501.png,train,False,
data/training_data/training_data/9502.png,train,False,
data/training_data/training_data/9503.png,train,False,
data/training_data/training_data/9504.png,train,False,
data/training_data/training_data/9505.png,train,False,
data/training_data/training_data/9506.png,train,False,
data/training_data/training_data/9507.png,train,False,
data/training_data/training_data/9508.png,train,False,
data/training_data/training_data/9509.png,train,False,
data/training_data/training_data/951.png,train,False,
data/training_data/training_data/9510.png,train,False,
data/training_data/training_data/9511.png,train,False,
data/training_data/training_data/9512.png,train,False,
data/training_data/training_data/9513.png,train,False,
data/training_data/training_data/9514.png,train,False,
data/training_data/training_data/9515.png,train,False,
data/training_data/training_data/9516.png,train,False,
data/training_data/training_data/9517.png,train,False,
data/training_data/training_data/9518.png,train,False,
data/training_data/training_data/9519.png,train,False,
data/training_data/training_data/952.png,train,False,
data/training_data/training_data/9520.png,train,False,
data/training_data/training_data/9521.png,train,False,
data/training_data/training_data/9522.png,train,False,
data/training_data/training_data/9523.png,train,False,
data/training_data/training_data/9524.png,train,False,
data/training_data/training_data/9525.png,train,False,
data/training_data/training_data/9526.png,train,False,
data/training_data/training_data/9527.png,train,False,
data/training_data/training_data/9528.png,train,False,
data/training_data/training_data/9529.png,train,False,
data/training_data/training_data/953.png,train,False,
data/training_data/training_data/9530.png,train,False,
data/training_data/training_data/9531.png,train,False,
data/training_data/training_data/9532.png,train,False,
data/training_data/training_data/9533.png,train,False,
data/training_data/training_data/9534.png,train,False,
data/training_data/training_data/9535.png,train,False,
data/training_data/training_data/9536.png,train,False,
data/training_data/training_data/9537.png,train,False,
data/training_data/training_data/9538.png,train,False,
data/training_data/training_data/9539.png,train,False,
data/training_data/training_data/954.png,train,False,
data/training_data/training_data/9540.png,train,False,
data/training_data/training_data/9541.png,train,False,
data/training_data/training_data/9542.png,train,False,
data/training_data/training_data/9543.png,train,False,
data/training_data/training_data/9544.png,train,False,
data/training_data/training_data/9545.png,train,False,
data/training_data/training_data/9546.png,train,False,
data/training_data/training_data/9547.png,train,False,
data/training_data/training_data/9548.png,train,False,
data/training_data/training_data/9549.png,train,False,
data/training_data/training_data/955.png,train,False,
data/training_data/training_data/9550.png,train,False,
data/training_data/training_data/9551.png,train,False,
data/training_data/training_data/9552.png,train,False,
data/training_data/training_data/9553.png,train,False,
data/training_data/training_data/9554.png,train,False,
data/training_data/training_data/9555.png,train,False,
data/training_data/training_data/9556.png,train,False,
data/training_data/training_data/9557.png,train,False,
data/training_data/training_data/9558.png,train,False,
data/training_data/training_data/9559.png,train,False,
data/training_data/training_data/956.png,train,False,
data/training_data/training_data/9560.png,train,False,
data/training_data/training_data/9561.png,train,False,
data/training_data/training_data/9562.png,train,False,
data/training_data/training_data/9563.png,train,False,
data/training_data/training_data/9564.png,train,False,
data/training_data/training_data/9565.png,train,False,
data/training_data/training_data/9566.png,train,False,
data/training_data/training_data/9567.png,train,False,
data/training_data/training_data/9568.png,train,False,
data/training_data/training_data/9569.png,train,False,
data/training_data/training_data/957.png,train,False,
data/training_data/training_data/9570.png,train,False,
data/training_data/training_data/9571.png,train,False,
data/training_data/training_data/9572.png,train,False,
data/training_data/training_data/9573.png,train,False,
data/training_data/training_data/9574.png,train,False,
data/training_data/training_data/9575.png,train,False,
data/training_data/training_data/9576.png,train,False,
data/training_data/training_data/9577.png,train,False,
data/training_data/training_data/9578.png,train,False,
data/training_data/training_data/9579.png,train,False,
data/training_data/training_data/958.png,train,False,
data/training_data/training_data/9580.png,train,False,
data/training_data/training_data/9581.png,train,False,
data/training_data/training_data/9582.png,train,False,
data/training_data/training_data/9583.png,train,False,
data/training_data/training_data/9584.png,train,False,
data/training_data/training_data/9585.png,train,False,
data/training_data/training_data/9586.png,train,True,data/training_data/training_data/13939.png
data/training_data/training_data/9587.png,train,False,
data/training_data/training_data/9588.png,train,False,
data/training_data/training_data/9589.png,train,False,
data/training_data/training_data/959.png,train,False,
data/training_data/training_data/9590.png,train,False,
data/training_data/training_data/9591.png,train,False,
data/training_data/training_data/9592.png,train,False,
data/training_data/training_data/9593.png,train,False,
data/training_data/training_data/9594.png,train,False,
data/training_data/training_data/9595.png,train,False,
data/training_data/training_data/9596.png,train,False,
data/training_data/training_data/9597.png,train,False,
data/training_data/training_data/9598.png,train,False,
data/training_data/training_data/9599.png,train,False,
data/training_data/training_data/96.png,train,False,
data/training_data/training_data/960.png,train,False,
data/training_data/training_data/9600.png,train,False,
data/training_data/training_data/9601.png,train,False,
data/training_data/training_data/9602.png,train,False,
data/training_data/training_data/9603.png,train,False,
data/training_data/training_data/9604.png,train,False,
data/training_data/training_data/9605.png,train,False,
data/training_data/training_data/9606.png,train,False,
data/training_data/training_data/9607.png,train,False,
data/training_data/training_data/9608.png,train,False,
data/training_data/training_data/9609.png,train,False,
data/training_data/training_data/961.png,train,False,
data/training_data/training_data/9610.png,train,False,
data/training_data/training_data/9611.png,train,False,
data/training_data/training_data/9612.png,train,False,
data/training_data/training_data/9613.png,train,False,
data/training_data/training_data/9614.png,train,False,
data/training_data/training_data/9615.png,train,False,
data/training_data/training_data/9616.png,train,False,
data/training_data/training_data/9617.png,train,False,
data/training_data/training_data/9618.png,train,False,
data/training_data/training_data/9619.png,train,False,
data/training_data/training_data/962.png,train,False,
data/training_data/training_data/9620.png,train,False,
data/training_data/training_data/9621.png,train,False,
data/training_data/training_data/9622.png,train,False,
data/training_data/training_data/9623.png,train,False,
data/training_data/training_data/9624.png,train,False,
data/training_data/training_data/9625.png,train,False,
data/training_data/training_data/9626.png,train,False,
data/training_data/training_data/9627.png,train,False,
data/training_data/training_data/9628.png,train,False,
data/training_data/training_data/9629.png,train,False,
data/training_data/training_data/963.png,train,False,
data/training_data/training_data/9631.png,train,False,
data/training_data/training_data/9632.png,train,False,
data/training_data/training_data/9633.png,train,False,
data/training_data/training_data/9634.png,train,False,
data/training_data/training_data/9635.png,train,False,
data/training_data/training_data/9636.png,train,False,
data/training_data/training_data/9637.png,train,False,
data/training_data/training_data/9638.png,train,False,
data/training_data/training_data/9639.png,train,False,
data/training_data/training_data/964.png,train,False,
data/training_data/training_data/9640.png,train,False,
data/training_data/training_data/9641.png,train,False,
data/training_data/training_data/9642.png,train,False,
data/training_data/training_data/9643.png,train,False,
data/training_data/training_data/9644.png,train,False,
data/training_data/training_data/9645.png,train,False,
data/training_data/training_data/9646.png,train,False,
data/training_data/training_data/9647.png,train,False,
data/training_data/training_data/9648.png,train,False,
data/training_data/training_data/9649.png,train,False,
data/training_data/training_data/965.png,train,False,
data/training_data/training_data/9650.png,train,False,
data/training_data/training_data/9651.png,train,False,
data/training_data/training_data/9652.png,train,False,
data/training_data/training_data/9653.png,train,False,
data/training_data/training_data/9654.png,train,False,
data/training_data/training_data/9655.png,train,False,
data/training_data/training_data/9656.png,train,False,
data/training_data/training_data/9658.png,train,False,
data/training_data/training_data/9659.png,train,False,
data/training_data/training_data/966.png,train,False,
data/training_data/training_data/9660.png,train,False,
data/training_data/training_data/9661.png,train,False,
data/training_data/training_data/9662.png,train,False,
data/training_data/training_data/9663.png,train,False,
data/training_data/training_data/9664.png,train,False,
data/training_data/training_data/9665.png,train,False,
data/training_data/training_data/9666.png,train,False,
data/training_data/training_data/9667.png,train,False,
data/training_data/training_data/9668.png,train,False,
data/training_data/training_data/9669.png,train,False,
data/training_data/training_data/967.png,train,False,
data/training_data/training_data/9670.png,train,False,
data/training_data/training_data/9671.png,train,False,
data/training_data/training_data/9672.png,train,False,
data/training_data/training_data/9673.png,train,False,
data/training_data/training_data/9674.png,train,False,
data/training_data/training_data/9675.png,train,False,
data/training_data/training_data/9676.png,train,False,
data/training_data/training_data/9677.png,train,False,
data/training_data/training_data/9678.png,train,False,
data/training_data/training_data/9679.png,train,False,
data/training_data/training_data/968.png,train,False,
data/training_data/training_data/9680.png,train,False,
data/training_data/training_data/9681.png,train,False,
data/training_data/training_data/9682.png,train,False,
data/training_data/training_data/9683.png,train,False,
data/training_data/training_data/9684.png,train,False,
data/training_data/training_data/9685.png,train,False,
data/training_data/training_data/9686.png,train,False,
data/training_data/training_data/9687.png,train,False,
data/training_data/training_data/9688.png,train,False,
data/training_data/training_data/9689.png,train,False,
data/training_data/training_data/969.png,train,False,
data/training_data/training_data/9690.png,train,False,
data/training_data/training_data/9691.png,train,False,
data/training_data/training_data/9692.png,train,False,
data/training_data/training_data/9693.png,train,False,
data/training_data/training_data/9694.png,train,False,
data/training_data/training_data/9695.png,train,False,
data/training_data/training_data/9696.png,train,False,
data/training_data/training_data/9697.png,train,False,
data/training_data/training_data/9698.png,train,False,
data/training_data/training_data/9699.png,train,False,
data/training_data/training_data/97.png,train,False,
data/training_data/training_data/970.png,train,False,
data/training_data/training_data/9700.png,train,False,
data/training_data/training_data/9701.png,train,False,
data/training_data/training_data/9702.png,train,False,
data/training_data/training_data/9703.png,train,False,
data/training_data/training_data/9704.png,train,False,
data/training_data/training_data/9705.png,train,False,
data/training_data/training_data/9706.png,train,False,
data/training_data/training_data/9707.png,train,False,
data/training_data/training_data/9708.png,train,False,
data/training_data/training_data/9709.png,train,False,
data/training_data/training_data/971.png,train,False,
data/training_data/training_data/9710.png,train,False,
data/training_data/training_data/9711.png,train,False,
data/training_data/training_data/9712.png,train,False,
data/training_data/training_data/9713.png,train,False,
data/training_data/training_data/9714.png,train,False,
data/training_data/training_data/9715.png,train,False,
data/training_data/training_data/9716.png,train,False,
data/training_data/training_data/9717.png,train,False,
data/training_data/training_data/9718.png,train,False,
data/training_data/training_data/9719.png,train,False,
data/training_data/training_data/972.png,train,False,
data/training_data/training_data/9720.png,train,False,
data/training_data/training_data/9721.png,train,False,
data/training_data/training_data/9722.png,train,False,
data/training_data/training_data/9723.png,train,False,
data/training_data/training_data/9724.png,train,False,
data/training_data/training_data/9725.png,train,False,
data/training_data/training_data/9726.png,train,False,
data/training_data/training_data/9727.png,train,False,
data/training_data/training_data/9728.png,train,False,
data/training_data/training_data/9729.png,train,False,
data/training_data/training_data/973.png,train,False,
data/training_data/training_data/9730.png,train,False,
data/training_data/training_data/9731.png,train,False,
data/training_data/training_data/9732.png,train,False,
data/training_data/training_data/9733.png,train,False,
data/training_data/training_data/9734.png,train,False,
data/training_data/training_data/9735.png,train,False,
data/training_data/training_data/9736.png,train,False,
data/training_data/training_data/9737.png,train,False,
data/training_data/training_data/9738.png,train,False,
data/training_data/training_data/9739.png,train,False,
data/training_data/training_data/974.png,train,False,
data/training_data/training_data/9740.png,train,False,
data/training_data/training_data/9741.png,train,False,
data/training_data/training_data/9742.png,train,False,
data/training_data/training_data/9743.png,train,False,
data/training_data/training_data/9744.png,train,False,
data/training_data/training_data/9745.png,train,False,
data/training_data/training_data/9746.png,train,False,
data/training_data/training_data/9747.png,train,False,
data/training_data/training_data/9748.png,train,False,
data/training_data/training_data/9749.png,train,False,
data/training_data/training_data/975.png,train,False,
data/training_data/training_data/9750.png,train,False,
data/training_data/training_data/9751.png,train,False,
data/training_data/training_data/9752.png,train,False,
data/training_data/training_data/9753.png,train,False,
data/training_data/training_data/9754.png,train,False,
data/training_data/training_data/9755.png,train,False,
data/training_data/training_data/9756.png,train,False,
data/training_data/training_data/9757.png,train,False,
data/training_data/training_data/9758.png,train,False,
data/training_data/training_data/9759.png,train,False,
data/training_data/training_data/976.png,train,False,
data/training_data/training_data/9760.png,train,False,
data/training_data/training_data/9761.png,train,False,
data/training_data/training_data/9762.png,train,False,
data/training_data/training_data/9763.png,train,False,
data/training_data/training_data/9764.png,train,False,
data/training_data/training_data/9765.png,train,False,
data/training_data/training_data/9766.png,train,False,
data/training_data/training_data/9767.png,train,False,
data/training_data/training_data/9768.png,train,False,
data/training_data/training_data/9769.png,train,False,
data/training_data/training_data/977.png,train,False,
data/training_data/training_data/9770.png,train,False,
data/training_data/training_data/9771.png,train,False,
data/training_data/training_data/9772.png,train,False,
data/training_data/training_data/9773.png,train,False,
data/training_data/training_data/9774.png,train,False,
data/training_data/training_data/9775.png,train,False,
data/training_data/training_data/9776.png,train,False,
data/training_data/training_data/9777.png,train,False,
data/training_data/training_data/9778.png,train,False,
data/training_data/training_data/9779.png,train,False,
data/training_data/training_data/978.png,train,False,
data/training_data/training_data/9780.png,train,False,
data/training_data/training_data/9781.png,train,False,
data/training_data/training_data/9782.png,train,False,
data/training_data/training_data/9783.png,train,False,
data/training_data/training_data/9784.png,train,False,
data/training_data/training_data/9785.png,train,False,
data/training_data/training_data/9786.png,train,False,
data/training_data/training_data/9787.png,train,False,
data/training_data/training_data/9788.png,train,False,
data/training_data/training_data/9789.png,train,False,
data/training_data/training_data/979.png,train,False,
data/training_data/training_data/9790.png,train,False,
data/training_data/training_data/9791.png,train,False,
data/training_data/training_data/9792.png,train,False,
data/training_data/training_data/9793.png,train,False,
data/training_data/training_data/9794.png,train,False,
data/training_data/training_data/9795.png,train,False,
data/training_data/training_data/9796.png,train,False,
data/training_data/training_data/9797.png,train,False,
data/training_data/training_data/9798.png,train,False,
data/training_data/training_data/9799.png,train,False,
data/training_data/training_data/98.png,train,False,
data/training_data/training_data/980.png,train,False,
data/training_data/training_data/9800.png,train,False,
data/training_data/training_data/9801.png,train,False,
data/training_data/training_data/9802.png,train,False,
data/training_data/training_data/9803.png,train,False,
data/training_data/training_data/9804.png,train,False,
data/training_data/training_data/9805.png,train,False,
data/training_data/training_data/9806.png,train,False,
data/training_data/training_data/9807.png,train,False,
data/training_data/training_data/9808.png,train,False,
data/training_data/training_data/9809.png,train,False,
data/training_data/training_data/981.png,train,False,
data/training_data/training_data/9810.png,train,False,
data/training_data/training_data/9811.png,train,False,
data/training_data/training_data/9812.png,train,False,
data/training_data/training_data/9813.png,train,False,
data/training_data/training_data/9814.png,train,False,
data/training_data/training_data/9815.png,train,False,
data/training_data/training_data/9816.png,train,False,
data/training_data/training_data/9817.png,train,False,
data/training_data/training_data/9818.png,train,False,
data/training_data/training_data/9819.png,train,False,
data/training_data/training_data/982.png,train,False,
data/training_data/training_data/9820.png,train,False,
data/training_data/training_data/9821.png,train,False,
data/training_data/training_data/9822.png,train,False,
data/training_data/training_data/9823.png,train,False,
data/training_data/training_data/9824.png,train,False,
data/training_data/training_data/9825.png,train,False,
data/training_data/training_data/9826.png,train,False,
data/training_data/training_data/9827.png,train,False,
data/training_data/training_data/9828.png,train,False,
data/training_data/training_data/9829.png,train,False,
data/training_data/training_data/983.png,train,False,
data/training_data/training_data/9830.png,train,False,
data/training_data/training_data/9831.png,train,False,
data/training_data/training_data/9832.png,train,False,
data/training_data/training_data/9833.png,train,False,
data/training_data/training_data/9834.png,train,False,
data/training_data/training_data/9835.png,train,False,
data/training_data/training_data/9836.png,train,False,
data/training_data/training_data/9837.png,train,False,
data/training_data/training_data/9838.png,train,False,
data/training_data/training_data/9839.png,train,False,
data/training_data/training_data/984.png,train,False,
data/training_data/training_data/9840.png,train,False,
data/training_data/training_data/9841.png,train,False,
data/training_data/training_data/9842.png,train,False,
data/training_data/training_data/9843.png,train,False,
data/training_data/training_data/9844.png,train,False,
data/training_data/training_data/9845.png,train,False,
data/training_data/training_data/9846.png,train,False,
data/training_data/training_data/9847.png,train,False,
data/training_data/training_data/9848.png,train,False,
data/training_data/training_data/9849.png,train,False,
data/training_data/training_data/985.png,train,False,
data/training_data/training_data/9850.png,train,False,
data/training_data/training_data/9851.png,train,False,
data/training_data/training_data/9852.png,train,False,
data/training_data/training_data/9853.png,train,False,
data/training_data/training_data/9854.png,train,False,
data/training_data/training_data/9855.png,train,False,
data/training_data/training_data/9856.png,train,False,
data/training_data/training_data/9857.png,train,False,
data/training_data/training_data/9858.png,train,False,
data/training_data/training_data/9859.png,train,False,
data/training_data/training_data/986.png,train,False,
data/training_data/training_data/9860.png,train,False,
data/training_data/training_data/9861.png,train,False,
data/training_data/training_data/9862.png,train,False,
data/training_data/training_data/9863.png,train,False,
data/training_data/training_data/9864.png,train,False,
data/training_data/training_data/9865.png,train,False,
data/training_data/training_data/9866.png,train,False,
data/training_data/training_data/9867.png,train,False,
data/training_data/training_data/9868.png,train,False,
data/training_data/training_data/9869.png,train,False,
data/training_data/training_data/987.png,train,False,
data/training_data/training_data/9870.png,train,False,
data/training_data/training_data/9871.png,train,False,
data/training_data/training_data/9872.png,train,False,
data/training_data/training_data/9873.png,train,False,
data/training_data/training_data/9874.png,train,False,
data/training_data/training_data/9875.png,train,False,
data/training_data/training_data/9876.png,train,False,
data/training_data/training_data/9877.png,train,False,
data/training_data/training_data/9878.png,train,False,
data/training_data/training_data/9879.png,train,False,
data/training_data/training_data/988.png,train,False,
data/training_data/training_data/9880.png,train,False,
data/training_data/training_data/9881.png,train,False,
data/training_data/training_data/9882.png,train,False,
data/training_data/training_data/9883.png,train,False,
data/training_data/training_data/9884.png,train,False,
data/training_data/training_data/9885.png,train,False,
data/training_data/training_data/9886.png,train,False,
data/training_data/training_data/9887.png,train,False,
data/training_data/training_data/9888.png,train,False,
data/training_data/training_data/9889.png,train,False,
data/training_data/training_data/989.png,train,False,
data/training_data/training_data/9890.png,train,False,
data/training_data/training_data/9891.png,train,False,
data/training_data/training_data/9892.png,train,False,
data/training_data/training_data/9893.png,train,False,
data/training_data/training_data/9894.png,train,False,
data/training_data/training_data/9895.png,train,False,
data/training_data/training_data/9896.png,train,False,
data/training_data/training_data/9897.png,train,False,
data/training_data/training_data/9898.png,train,False,
data/training_data/training_data/9899.png,train,False,
data/training_data/training_data/99.png,train,False,
data/training_data/training_data/990.png,train,False,
data/training_data/training_data/9900.png,train,False,
data/training_data/training_data/9901.png,train,False,
data/training_data/training_data/9902.png,train,False,
data/training_data/training_data/9903.png,train,False,
data/training_data/training_data/9904.png,train,False,
data/training_data/training_data/9905.png,train,False,
data/training_data/training_data/9906.png,train,False,
data/training_data/training_data/9907.png,train,False,
data/training_data/training_data/9908.png,train,False,
data/training_data/training_data/9909.png,train,False,
data/training_data/training_data/991.png,train,False,
data/training_data/training_data/9910.png,train,False,
data/training_data/training_data/9911.png,train,False,
data/training_data/training_data/9912.png,train,False,
data/training_data/training_data/9913.png,train,False,
data/training_data/training_data/9914.png,train,False,
data/training_data/training_data/9915.png,train,False,
data/training_data/training_data/9916.png,train,False,
data/training_data/training_data/9917.png,train,False,
data/training_data/training_data/9918.png,train,False,
data/training_data/training_data/9919.png,train,False,
data/training_data/training_data/992.png,train,False,
data/training_data/training_data/9920.png,train,False,
data/training_data/training_data/9921.png,train,False,
data/training_data/training_data/9922.png,train,False,
data/training_data/training_data/9923.png,train,False,
data/training_data/training_data/9924.png,train,False,
data/training_data/training_data/9925.png,train,False,
data/training_data/training_data/9926.png,train,False,
data/training_data/training_data/9927.png,train,False,
data/training_data/training_data/9928.png,train,False,
data/training_data/training_data/9929.png,train,False,
data/training_data/training_data/993.png,train,False,
data/training_data/training_data/9930.png,train,False,
data/training_data/training_data/9931.png,train,False,
data/training_data/training_data/9932.png,train,False,
data/training_data/training_data/9933.png,train,False,
data/training_data/training_data/9934.png,train,False,
data/training_data/training_data/9935.png,train,False,
data/training_data/training_data/9936.png,train,False,
data/training_data/training_data/9937.png,train,False,
data/training_data/training_data/9938.png,train,False,
data/training_data/training_data/9939.png,train,False,
data/training_data/training_data/994.png,train,False,
data/training_data/training_data/9940.png,train,False,
data/training_data/training_data/9941.png,train,False,
data/training_data/training_data/9942.png,train,False,
data/training_data/training_data/9943.png,train,False,
data/training_data/training_data/9944.png,train,False,
data/training_data/training_data/9945.png,train,False,
data/training_data/training_data/9946.png,train,False,
data/training_data/training_data/9947.png,train,False,
data/training_data/training_data/9948.png,train,False,
data/training_data/training_data/9949.png,train,False,
data/training_data/training_data/995.png,train,False,
data/training_data/training_data/9950.png,train,False,
data/training_data/training_data/9951.png,train,False,
data/training_data/training_data/9952.png,train,False,
data/training_data/training_data/9953.png,train,False,
data/training_data/training_data/9954.png,train,False,
data/training_data/training_data/9955.png,train,False,
data/training_data/training_data/9956.png,train,False,
data/training_data/training_data/9957.png,train,False,
data/training_data/training_data/9958.png,train,False,
data/training_data/training_data/9959.png,train,False,
data/training_data/training_data/996.png,train,False,
data/training_data/training_data/9960.png,train,False,
data/training_data/training_data/9961.png,train,False,
data/training_data/training_data/9962.png,train,False,
data/training_data/training_data/9963.png,train,False,
data/training_data/training_data/9964.png,train,False,
data/training_data/training_data/9965.png,train,False,
data/training_data/training_data/9966.png,train,False,
data/training_data/training_data/9967.png,train,False,
data/training_data/training_data/9968.png,train,False,
data/training_data/training_data/9969.png,train,False,
data/training_data/training_data/997.png,train,False,
data/training_data/training_data/9970.png,train,False,
data/training_data/training_data/9971.png,train,False,
data/training_data/training_data/9972.png,train,False,
data/training_data/training_data/9973.png,train,False,
data/training_data/training_data/9974.png,train,False,
data/training_data/training_data/9975.png,train,False,
data/training_data/training_data/9976.png,train,False,
data/training_data/training_data/9977.png,train,False,
data/training_data/training_data/9978.png,train,False,
data/training_data/training_data/9979.png,train,False,
data/training_data/training_data/998.png,train,False,
data/training_data/training_data/9980.png,train,False,
data/training_data/training_data/9981.png,train,False,
data/training_data/training_data/9982.png,train,False,
data/training_data/training_data/9983.png,train,False,
data/training_data/training_data/9984.png,train,False,
data/training_data/training_data/9985.png,train,False,
data/training_data/training_data/9986.png,train,False,
data/training_data/training_data/9987.png,train,False,
data/training_data/training_data/9988.png,train,False,
data/training_data/training_data/9989.png,train,False,
data/training_data/training_data/999.png,train,False,
data/training_data/training_data/9990.png,train,False,
data/training_data/training_data/9991.png,train,False,
data/training_data/training_data/9992.png,train,False,
data/training_data/training_data/9993.png,train,False,
data/training_data/training_data/9994.png,train,False,
data/training_data/training_data/9995.png,train,False,
data/training_data/training_data/9996.png,train,False,
data/training_data/training_data/9997.png,train,False,
data/training_data/training_data/9998.png,train,False,
data/training_data/training_data/9999.png,train,False,
data/test_data/test_data/0.png,test,False,
data/test_data/test_data/1.png,test,False,
data/test_data/test_data/10.png,test,False,
data/test_data/test_data/100.png,test,False,
data/test_data/test_data/1000.png,test,False,
data/test_data/test_data/1001.png,test,False,
data/test_data/test_data/1002.png,test,False,
data/test_data/test_data/1003.png,test,False,
data/test_data/test_data/1004.png,test,False,
data/test_data/test_data/1005.png,test,False,
data/test_data/test_data/1006.png,test,False,
data/test_data/test_data/1007.png,test,False,
data/test_data/test_data/1008.png,test,False,
data/test_data/test_data/1009.png,test,False,
data/test_data/test_data/101.png,test,False,
data/test_data/test_data/1010.png,test,False,
data/test_data/test_data/1011.png,test,False,
data/test_data/test_data/1012.png,test,False,
data/test_data/test_data/1013.png,test,False,
data/test_data/test_data/1014.png,test,False,
data/test_data/test_data/1015.png,test,False,
data/test_data/test_data/1016.png,test,False,
data/test_data/test_data/1017.png,test,False,
data/test_data/test_data/1018.png,test,False,
data/test_data/test_data/1019.png,test,False,
data/test_data/test_data/102.png,test,False,
data/test_data/test_data/1020.png,test,False,
data/test_data/test_data/1021.png,test,False,
data/test_data/test_data/1022.png,test,False,
data/test_data/test_data/1023.png,test,False,
data/test_data/test_data/1024.png,test,False,
data/test_data/test_data/1025.png,test,False,
data/test_data/test_data/1026.png,test,False,
data/test_data/test_data/1027.png,test,False,
data/test_data/test_data/1028.png,test,False,
data/test_data/test_data/1029.png,test,False,
data/test_data/test_data/103.png,test,False,
data/test_data/test_data/1030.png,test,False,
data/test_data/test_data/1031.png,test,False,
data/test_data/test_data/1032.png,test,False,
data/test_data/test_data/1033.png,test,False,
data/test_data/test_data/1034.png,test,False,
data/test_data/test_data/1035.png,test,False,
data/test_data/test_data/1036.png,test,False,
data/test_data/test_data/1037.png,test,False,
data/test_data/test_data/1038.png,test,False,
data/test_data/test_data/1039.png,test,False,
data/test_data/test_data/104.png,test,False,
data/test_data/test_data/1040.png,test,False,
data/test_data/test_data/1041.png,test,False,
data/test_data/test_data/1042.png,test,False,
data/test_data/test_data/1043.png,test,False,
data/test_data/test_data/1044.png,test,False,
data/test_data/test_data/1045.png,test,False,
data/test_data/test_data/1046.png,test,False,
data/test_data/test_data/1047.png,test,False,
data/test_data/test_data/1048.png,test,False,
data/test_data/test_data/1049.png,test,False,
data/test_data/test_data/105.png,test,False,
data/test_data/test_data/1050.png,test,False,
data/test_data/test_data/1051.png,test,False,
data/test_data/test_data/1052.png,test,False,
data/test_data/test_data/1053.png,test,False,
data/test_data/test_data/1054.png,test,False,
data/test_data/test_data/1055.png,test,False,
data/test_data/test_data/1056.png,test,False,
data/test_data/test_data/1057.png,test,False,
data/test_data/test_data/1058.png,test,False,
data/test_data/test_data/1059.png,test,False,
data/test_data/test_data/106.png,test,False,
data/test_data/test_data/1060.png,test,False,
data/test_data/test_data/1061.png,test,False,
data/test_data/test_data/1062.png,test,False,
data/test_data/test_data/1063.png,test,False,
data/test_data/test_data/1064.png,test,False,
data/test_data/test_data/1065.png,test,False,
data/test_data/test_data/1066.png,test,False,
data/test_data/test_data/1067.png,test,False,
data/test_data/test_data/1068.png,test,False,
data/test_data/test_data/1069.png,test,False,
data/test_data/test_data/107.png,test,False,
data/test_data/test_data/1070.png,test,False,
data/test_data/test_data/1071.png,test,False,
data/test_data/test_data/1072.png,test,False,
data/test_data/test_data/1073.png,test,False,
data/test_data/test_data/1074.png,test,False,
data/test_data/test_data/1075.png,test,False,
data/test_data/test_data/1076.png,test,False,
data/test_data/test_data/1077.png,test,False,
data/test_data/test_data/1078.png,test,False,
data/test_data/test_data/1079.png,test,False,
data/test_data/test_data/108.png,test,False,
data/test_data/test_data/1080.png,test,False,
data/test_data/test_data/1081.png,test,False,
data/test_data/test_data/1082.png,test,False,
data/test_data/test_data/1083.png,test,False,
data/test_data/test_data/1084.png,test,False,
data/test_data/test_data/1085.png,test,False,
data/test_data/test_data/1086.png,test,False,
data/test_data/test_data/1087.png,test,False,
data/test_data/test_data/1088.png,test,False,
data/test_data/test_data/1089.png,test,False,
data/test_data/test_data/109.png,test,False,
data/test_data/test_data/1090.png,test,False,
data/test_data/test_data/1091.png,test,False,
data/test_data/test_data/1092.png,test,False,
data/test_data/test_data/1093.png,test,False,
data/test_data/test_data/1094.png,test,False,
data/test_data/test_data/1095.png,test,False,
data/test_data/test_data/1096.png,test,False,
data/test_data/test_data/1097.png,test,False,
data/test_data/test_data/1098.png,test,False,
data/test_data/test_data/1099.png,test,False,
data/test_data/test_data/11.png,test,False,
data/test_data/test_data/110.png,test,False,
data/test_data/test_data/1100.png,test,False,
data/test_data/test_data/1101.png,test,False,
data/test_data/test_data/1102.png,test,False,
data/test_data/test_data/1103.png,test,False,
data/test_data/test_data/1104.png,test,False,
data/test_data/test_data/1105.png,test,False,
data/test_data/test_data/1106.png,test,False,
data/test_data/test_data/1107.png,test,False,
data/test_data/test_data/1108.png,test,False,
data/test_data/test_data/1109.png,test,False,
data/test_data/test_data/111.png,test,False,
data/test_data/test_data/1110.png,test,False,
data/test_data/test_data/1111.png,test,False,
data/test_data/test_data/1112.png,test,False,
data/test_data/test_data/1113.png,test,False,
data/test_data/test_data/1114.png,test,False,
data/test_data/test_data/1115.png,test,False,
data/test_data/test_data/1116.png,test,False,
data/test_data/test_data/1117.png,test,False,
data/test_data/test_data/1118.png,test,False,
data/test_data/test_data/1119.png,test,False,
data/test_data/test_data/112.png,test,False,
data/test_data/test_data/1120.png,test,False,
data/test_data/test_data/1121.png,test,False,
data/test_data/test_data/1122.png,test,False,
data/test_data/test_data/1123.png,test,False,
data/test_data/test_data/1124.png,test,False,
data/test_data/test_data/1125.png,test,False,
data/test_data/test_data/1126.png,test,False,
data/test_data/test_data/1127.png,test,False,
data/test_data/test_data/1128.png,test,False,
data/test_data/test_data/1129.png,test,False,
data/test_data/test_data/113.png,test,False,
data/test_data/test_data/1130.png,test,False,
data/test_data/test_data/1131.png,test,False,
data/test_data/test_data/1132.png,test,False,
data/test_data/test_data/1133.png,test,False,
data/test_data/test_data/1134.png,test,False,
data/test_data/test_data/1135.png,test,False,
data/test_data/test_data/1136.png,test,False,
data/test_data/test_data/1137.png,test,False,
data/test_data/test_data/1138.png,test,False,
data/test_data/test_data/1139.png,test,False,
data/test_data/test_data/114.png,test,False,
data/test_data/test_data/1140.png,test,False,
data/test_data/test_data/1141.png,test,False,
data/test_data/test_data/1142.png,test,False,
data/test_data/test_data/1143.png,test,False,
data/test_data/test_data/1144.png,test,False,
data/test_data/test_data/1145.png,test,False,
data/test_data/test_data/1146.png,test,False,
data/test_data/test_data/1147.png,test,False,
data/test_data/test_data/1148.png,test,False,
data/test_data/test_data/1149.png,test,False,
data/test_data/test_data/115.png,test,False,
data/test_data/test_data/1150.png,test,False,
data/test_data/test_data/1151.png,test,False,
data/test_data/test_data/1152.png,test,False,
data/test_data/test_data/1153.png,test,False,
data/test_data/test_data/1154.png,test,False,
data/test_data/test_data/1155.png,test,False,
data/test_data/test_data/1156.png,test,False,
data/test_data/test_data/1157.png,test,False,
data/test_data/test_data/1158.png,test,False,
data/test_data/test_data/1159.png,test,False,
data/test_data/test_data/116.png,test,False,
data/test_data/test_data/1160.png,test,False,
data/test_data/test_data/1161.png,test,False,
data/test_data/test_data/1162.png,test,False,
data/test_data/test_data/1163.png,test,False,
data/test_data/test_data/1164.png,test,False,
data/test_data/test_data/1165.png,test,False,
data/test_data/test_data/1166.png,test,False,
data/test_data/test_data/1167.png,test,False,
data/test_data/test_data/1168.png,test,False,
data/test_data/test_data/1169.png,test,False,
data/test_data/test_data/117.png,test,False,
data/test_data/test_data/1170.png,test,False,
data/test_data/test_data/1171.png,test,False,
data/test_data/test_data/1172.png,test,False,
data/test_data/test_data/1173.png,test,False,
data/test_data/test_data/1174.png,test,False,
data/test_data/test_data/1175.png,test,False,
data/test_data/test_data/1176.png,test,False,
data/test_data/test_data/1177.png,test,False,
data/test_data/test_data/1178.png,test,False,
data/test_data/test_data/1179.png,test,False,
data/test_data/test_data/118.png,test,False,
data/test_data/test_data/1180.png,test,False,
data/test_data/test_data/1181.png,test,False,
data/test_data/test_data/1182.png,test,False,
data/test_data/test_data/1183.png,test,False,
data/test_data/test_data/1184.png,test,False,
data/test_data/test_data/1185.png,test,False,
data/test_data/test_data/1186.png,test,False,
data/test_data/test_data/1187.png,test,False,
data/test_data/test_data/1188.png,test,False,
data/test_data/test_data/1189.png,test,False,
data/test_data/test_data/119.png,test,False,
data/test_data/test_data/1190.png,test,False,
data/test_data/test_data/1191.png,test,False,
data/test_data/test_data/1192.png,test,False,
data/test_data/test_data/1193.png,test,False,
data/test_data/test_data/1194.png,test,False,
data/test_data/test_data/1195.png,test,False,
data/test_data/test_data/1196.png,test,False,
data/test_data/test_data/1197.png,test,False,
data/test_data/test_data/1198.png,test,False,
data/test_data/test_data/1199.png,test,False,
data/test_data/test_data/12.png,test,False,
data/test_data/test_data/120.png,test,False,
data/test_data/test_data/1200.png,test,False,
data/test_data/test_data/1201.png,test,False,
data/test_data/test_data/1202.png,test,False,
data/test_data/test_data/1203.png,test,False,
data/test_data/test_data/1204.png,test,False,
data/test_data/test_data/1205.png,test,False,
data/test_data/test_data/1206.png,test,False,
data/test_data/test_data/1207.png,test,False,
data/test_data/test_data/1208.png,test,False,
data/test_data/test_data/1209.png,test,False,
data/test_data/test_data/121.png,test,False,
data/test_data/test_data/1210.png,test,False,
data/test_data/test_data/1211.png,test,False,
data/test_data/test_data/1212.png,test,False,
data/test_data/test_data/1213.png,test,False,
data/test_data/test_data/1214.png,test,False,
data/test_data/test_data/1215.png,test,False,
data/test_data/test_data/1216.png,test,False,
data/test_data/test_data/1217.png,test,False,
data/test_data/test_data/1218.png,test,False,
data/test_data/test_data/1219.png,test,False,
data/test_data/test_data/122.png,test,False,
data/test_data/test_data/1220.png,test,False,
data/test_data/test_data/1221.png,test,False,
data/test_data/test_data/1222.png,test,False,
data/test_data/test_data/1223.png,test,False,
data/test_data/test_data/1224.png,test,False,
data/test_data/test_data/1225.png,test,False,
data/test_data/test_data/1226.png,test,False,
data/test_data/test_data/1227.png,test,False,
data/test_data/test_data/1228.png,test,False,
data/test_data/test_data/1229.png,test,False,
data/test_data/test_data/123.png,test,False,
data/test_data/test_data/1230.png,test,False,
data/test_data/test_data/1231.png,test,False,
data/test_data/test_data/1232.png,test,False,
data/test_data/test_data/1233.png,test,False,
data/test_data/test_data/1234.png,test,False,
data/test_data/test_data/1235.png,test,False,
data/test_data/test_data/1236.png,test,False,
data/test_data/test_data/1237.png,test,False,
data/test_data/test_data/1238.png,test,False,
data/test_data/test_data/1239.png,test,False,
data/test_data/test_data/124.png,test,False,
data/test_data/test_data/1240.png,test,False,
data/test_data/test_data/1241.png,test,False,
data/test_data/test_data/1242.png,test,False,
data/test_data/test_data/1243.png,test,False,
data/test_data/test_data/1244.png,test,False,
data/test_data/test_data/1245.png,test,False,
data/test_data/test_data/1246.png,test,False,
data/test_data/test_data/1247.png,test,False,
data/test_data/test_data/1248.png,test,False,
data/test_data/test_data/1249.png,test,False,
data/test_data/test_data/125.png,test,False,
data/test_data/test_data/1250.png,test,False,
data/test_data/test_data/1251.png,test,False,
data/test_data/test_data/1252.png,test,False,
data/test_data/test_data/1253.png,test,False,
data/test_data/test_data/1254.png,test,False,
data/test_data/test_data/1255.png,test,False,
data/test_data/test_data/1256.png,test,False,
data/test_data/test_data/1257.png,test,False,
data/test_data/test_data/1258.png,test,False,
data/test_data/test_data/1259.png,test,False,
data/test_data/test_data/126.png,test,False,
data/test_data/test_data/1260.png,test,False,
data/test_data/test_data/1261.png,test,False,
data/test_data/test_data/1262.png,test,False,
data/test_data/test_data/1263.png,test,False,
data/test_data/test_data/1264.png,test,False,
data/test_data/test_data/1265.png,test,False,
data/test_data/test_data/1266.png,test,False,
data/test_data/test_data/1267.png,test,False,
data/test_data/test_data/1268.png,test,False,
data/test_data/test_data/1269.png,test,False,
data/test_data/test_data/127.png,test,False,
data/test_data/test_data/1270.png,test,False,
data/test_data/test_data/1271.png,test,False,
data/test_data/test_data/1272.png,test,False,
data/test_data/test_data/1273.png,test,False,
data/test_data/test_data/1274.png,test,False,
data/test_data/test_data/1275.png,test,False,
data/test_data/test_data/1276.png,test,False,
data/test_data/test_data/1277.png,test,False,
data/test_data/test_data/1278.png,test,False,
data/test_data/test_data/1279.png,test,False,
data/test_data/test_data/128.png,test,False,
data/test_data/test_data/1280.png,test,False,
data/test_data/test_data/1281.png,test,False,
data/test_data/test_data/1282.png,test,False,
data/test_data/test_data/1283.png,test,False,
data/test_data/test_data/1284.png,test,False,
data/test_data/test_data/1285.png,test,False,
data/test_data/test_data/1286.png,test,False,
data/test_data/test_data/1287.png,test,False,
data/test_data/test_data/1288.png,test,False,
data/test_data/test_data/1289.png,test,False,
data/test_data/test_data/129.png,test,False,
data/test_data/test_data/1290.png,test,False,
data/test_data/test_data/1291.png,test,False,
data/test_data/test_data/1292.png,test,False,
data/test_data/test_data/1293.png,test,False,
data/test_data/test_data/1294.png,test,False,
data/test_data/test_data/1295.png,test,False,
data/test_data/test_data/1296.png,test,False,
data/test_data/test_data/1297.png,test,False,
data/test_data/test_data/1298.png,test,False,
data/test_data/test_data/1299.png,test,False,
data/test_data/test_data/13.png,test,False,
data/test_data/test_data/130.png,test,False,
data/test_data/test_data/1300.png,test,False,
data/test_data/test_data/1301.png,test,False,
data/test_data/test_data/1302.png,test,False,
data/test_data/test_data/1303.png,test,False,
data/test_data/test_data/1304.png,test,False,
data/test_data/test_data/1305.png,test,False,
data/test_data/test_data/1306.png,test,False,
data/test_data/test_data/1307.png,test,False,
data/test_data/test_data/1308.png,test,False,
data/test_data/test_data/1309.png,test,False,
data/test_data/test_data/131.png,test,False,
data/test_data/test_data/1310.png,test,False,
data/test_data/test_data/1311.png,test,False,
data/test_data/test_data/1312.png,test,False,
data/test_data/test_data/1313.png,test,False,
data/test_data/test_data/1314.png,test,False,
data/test_data/test_data/1315.png,test,False,
data/test_data/test_data/1316.png,test,False,
data/test_data/test_data/1317.png,test,False,
data/test_data/test_data/1318.png,test,False,
data/test_data/test_data/1319.png,test,False,
data/test_data/test_data/132.png,test,False,
data/test_data/test_data/1320.png,test,False,
data/test_data/test_data/1321.png,test,False,
data/test_data/test_data/1322.png,test,False,
data/test_data/test_data/1323.png,test,False,
data/test_data/test_data/1324.png,test,False,
data/test_data/test_data/1325.png,test,False,
data/test_data/test_data/1326.png,test,False,
data/test_data/test_data/1327.png,test,False,
data/test_data/test_data/1328.png,test,False,
data/test_data/test_data/1329.png,test,False,
data/test_data/test_data/133.png,test,False,
data/test_data/test_data/1330.png,test,False,
data/test_data/test_data/1331.png,test,False,
data/test_data/test_data/1332.png,test,False,
data/test_data/test_data/1333.png,test,False,
data/test_data/test_data/1334.png,test,False,
data/test_data/test_data/1335.png,test,False,
data/test_data/test_data/1336.png,test,False,
data/test_data/test_data/1337.png,test,False,
data/test_data/test_data/1338.png,test,False,
data/test_data/test_data/1339.png,test,False,
data/test_data/test_data/134.png,test,False,
data/test_data/test_data/1340.png,test,False,
data/test_data/test_data/1341.png,test,False,
data/test_data/test_data/1342.png,test,False,
data/test_data/test_data/1343.png,test,False,
data/test_data/test_data/1344.png,test,False,
data/test_data/test_data/1345.png,test,False,
data/test_data/test_data/1346.png,test,False,
data/test_data/test_data/1347.png,test,False,
data/test_data/test_data/1348.png,test,False,
data/test_data/test_data/1349.png,test,False,
data/test_data/test_data/135.png,test,False,
data/test_data/test_data/1350.png,test,False,
data/test_data/test_data/1351.png,test,False,
data/test_data/test_data/1352.png,test,False,
data/test_data/test_data/1353.png,test,False,
data/test_data/test_data/1354.png,test,False,
data/test_data/test_data/1355.png,test,False,
data/test_data/test_data/1356.png,test,False,
data/test_data/test_data/1357.png,test,False,
data/test_data/test_data/1358.png,test,False,
data/test_data/test_data/1359.png,test,False,
data/test_data/test_data/136.png,test,False,
data/test_data/test_data/1360.png,test,False,
data/test_data/test_data/1361.png,test,False,
data/test_data/test_data/1362.png,test,False,
data/test_data/test_data/1363.png,test,False,
data/test_data/test_data/1364.png,test,False,
data/test_data/test_data/1365.png,test,False,
data/test_data/test_data/1366.png,test,False,
data/test_data/test_data/1367.png,test,False,
data/test_data/test_data/1368.png,test,False,
data/test_data/test_data/1369.png,test,False,
data/test_data/test_data/137.png,test,False,
data/test_data/test_data/1370.png,test,False,
data/test_data/test_data/1371.png,test,False,
data/test_data/test_data/1372.png,test,False,
data/test_data/test_data/1373.png,test,False,
data/test_data/test_data/1374.png,test,False,
data/test_data/test_data/1375.png,test,False,
data/test_data/test_data/1376.png,test,False,
data/test_data/test_data/1377.png,test,False,
data/test_data/test_data/1378.png,test,False,
data/test_data/test_data/1379.png,test,False,
data/test_data/test_data/138.png,test,False,
data/test_data/test_data/1380.png,test,False,
data/test_data/test_data/1381.png,test,False,
data/test_data/test_data/1382.png,test,False,
data/test_data/test_data/1383.png,test,False,
data/test_data/test_data/1384.png,test,False,
data/test_data/test_data/1385.png,test,False,
data/test_data/test_data/1386.png,test,False,
data/test_data/test_data/1387.png,test,False,
data/test_data/test_data/1388.png,test,False,
data/test_data/test_data/1389.png,test,False,
data/test_data/test_data/139.png,test,False,
data/test_data/test_data/1390.png,test,False,
data/test_data/test_data/1391.png,test,False,
data/test_data/test_data/1392.png,test,False,
data/test_data/test_data/1393.png,test,False,
data/test_data/test_data/1394.png,test,False,
data/test_data/test_data/1395.png,test,False,
data/test_data/test_data/1396.png,test,False,
data/test_data/test_data/1397.png,test,False,
data/test_data/test_data/1398.png,test,False,
data/test_data/test_data/1399.png,test,False,
data/test_data/test_data/14.png,test,False,
data/test_data/test_data/140.png,test,False,
data/test_data/test_data/1400.png,test,False,
data/test_data/test_data/1401.png,test,False,
data/test_data/test_data/1402.png,test,False,
data/test_data/test_data/1403.png,test,False,
data/test_data/test_data/1404.png,test,False,
data/test_data/test_data/1405.png,test,False,
data/test_data/test_data/1406.png,test,False,
data/test_data/test_data/1407.png,test,False,
data/test_data/test_data/1408.png,test,False,
data/test_data/test_data/1409.png,test,False,
data/test_data/test_data/141.png,test,False,
data/test_data/test_data/1410.png,test,False,
data/test_data/test_data/1411.png,test,False,
data/test_data/test_data/1412.png,test,False,
data/test_data/test_data/1413.png,test,False,
data/test_data/test_data/1414.png,test,False,
data/test_data/test_data/1415.png,test,False,
data/test_data/test_data/1416.png,test,False,
data/test_data/test_data/1417.png,test,False,
data/test_data/test_data/1418.png,test,False,
data/test_data/test_data/1419.png,test,False,
data/test_data/test_data/142.png,test,False,
data/test_data/test_data/1420.png,test,False,
data/test_data/test_data/1421.png,test,False,
data/test_data/test_data/1422.png,test,False,
data/test_data/test_data/1423.png,test,False,
data/test_data/test_data/1424.png,test,False,
data/test_data/test_data/1425.png,test,False,
data/test_data/test_data/1426.png,test,False,
data/test_data/test_data/1427.png,test,False,
data/test_data/test_data/1428.png,test,False,
data/test_data/test_data/1429.png,test,False,
data/test_data/test_data/143.png,test,False,
data/test_data/test_data/1430.png,test,False,
data/test_data/test_data/1431.png,test,False,
data/test_data/test_data/1432.png,test,False,
data/test_data/test_data/1433.png,test,False,
data/test_data/test_data/1434.png,test,False,
data/test_data/test_data/1435.png,test,False,
data/test_data/test_data/1436.png,test,False,
data/test_data/test_data/1437.png,test,False,
data/test_data/test_data/1438.png,test,False,
data/test_data/test_data/1439.png,test,False,
data/test_data/test_data/144.png,test,False,
data/test_data/test_data/1440.png,test,False,
data/test_data/test_data/1441.png,test,False,
data/test_data/test_data/1442.png,test,False,
data/test_data/test_data/1443.png,test,False,
data/test_data/test_data/1444.png,test,False,
data/test_data/test_data/1445.png,test,False,
data/test_data/test_data/1446.png,test,False,
data/test_data/test_data/1447.png,test,False,
data/test_data/test_data/1448.png,test,False,
data/test_data/test_data/1449.png,test,False,
data/test_data/test_data/145.png,test,False,
data/test_data/test_data/1450.png,test,False,
data/test_data/test_data/1451.png,test,False,
data/test_data/test_data/1452.png,test,False,
data/test_data/test_data/1453.png,test,False,
data/test_data/test_data/1454.png,test,False,
data/test_data/test_data/1455.png,test,False,
data/test_data/test_data/1456.png,test,False,
data/test_data/test_data/1457.png,test,False,
data/test_data/test_data/1458.png,test,False,
data/test_data/test_data/1459.png,test,False,
data/test_data/test_data/146.png,test,False,
data/test_data/test_data/1460.png,test,False,
data/test_data/test_data/1461.png,test,False,
data/test_data/test_data/1462.png,test,False,
data/test_data/test_data/1463.png,test,False,
data/test_data/test_data/1464.png,test,False,
data/test_data/test_data/1465.png,test,False,
data/test_data/test_data/1466.png,test,False,
data/test_data/test_data/1467.png,test,False,
data/test_data/test_data/1468.png,test,False,
data/test_data/test_data/1469.png,test,False,
data/test_data/test_data/147.png,test,False,
data/test_data/test_data/1470.png,test,False,
data/test_data/test_data/1471.png,test,False,
data/test_data/test_data/1472.png,test,False,
data/test_data/test_data/1473.png,test,False,
data/test_data/test_data/1474.png,test,False,
data/test_data/test_data/1475.png,test,False,
data/test_data/test_data/1476.png,test,False,
data/test_data/test_data/1477.png,test,False,
data/test_data/test_data/1478.png,test,False,
data/test_data/test_data/1479.png,test,False,
data/test_data/test_data/148.png,test,False,
data/test_data/test_data/1480.png,test,False,
data/test_data/test_data/1481.png,test,False,
data/test_data/test_data/1482.png,test,False,
data/test_data/test_data/1483.png,test,False,
data/test_data/test_data/1484.png,test,False,
data/test_data/test_data/1485.png,test,False,
data/test_data/test_data/1486.png,test,False,
data/test_data/test_data/1487.png,test,False,
data/test_data/test_data/1488.png,test,False,
data/test_data/test_data/1489.png,test,False,
data/test_data/test_data/149.png,test,False,
data/test_data/test_data/1490.png,test,False,
data/test_data/test_data/1491.png,test,False,
data/test_data/test_data/1492.png,test,False,
data/test_data/test_data/1493.png,test,False,
data/test_data/test_data/1494.png,test,False,
data/test_data/test_data/1495.png,test,False,
data/test_data/test_data/1496.png,test,False,
data/test_data/test_data/1497.png,test,False,
data/test_data/test_data/1498.png,test,False,
data/test_data/test_data/1499.png,test,False,
data/test_data/test_data/15.png,test,False,
data/test_data/test_data/150.png,test,False,
data/test_data/test_data/1500.png,test,False,
data/test_data/test_data/1501.png,test,False,
data/test_data/test_data/1502.png,test,False,
data/test_data/test_data/1503.png,test,False,
data/test_data/test_data/1504.png,test,False,
data/test_data/test_data/1505.png,test,False,
data/test_data/test_data/1506.png,test,False,
data/test_data/test_data/1507.png,test,False,
data/test_data/test_data/1508.png,test,False,
data/test_data/test_data/1509.png,test,False,
data/test_data/test_data/151.png,test,False,
data/test_data/test_data/1510.png,test,False,
data/test_data/test_data/1511.png,test,False,
data/test_data/test_data/1512.png,test,False,
data/test_data/test_data/1513.png,test,False,
data/test_data/test_data/1514.png,test,False,
data/test_data/test_data/1515.png,test,False,
data/test_data/test_data/1516.png,test,False,
data/test_data/test_data/1517.png,test,False,
data/test_data/test_data/1518.png,test,False,
data/test_data/test_data/1519.png,test,False,
data/test_data/test_data/152.png,test,False,
data/test_data/test_data/1520.png,test,False,
data/test_data/test_data/1521.png,test,False,
data/test_data/test_data/1522.png,test,False,
data/test_data/test_data/1523.png,test,False,
data/test_data/test_data/1524.png,test,False,
data/test_data/test_data/1525.png,test,False,
data/test_data/test_data/1526.png,test,False,
data/test_data/test_data/1527.png,test,False,
data/test_data/test_data/1528.png,test,False,
data/test_data/test_data/1529.png,test,False,
data/test_data/test_data/153.png,test,False,
data/test_data/test_data/1530.png,test,False,
data/test_data/test_data/1531.png,test,False,
data/test_data/test_data/1532.png,test,False,
data/test_data/test_data/1533.png,test,False,
data/test_data/test_data/1534.png,test,False,
data/test_data/test_data/1535.png,test,False,
data/test_data/test_data/1536.png,test,False,
data/test_data/test_data/1537.png,test,False,
data/test_data/test_data/1538.png,test,False,
data/test_data/test_data/1539.png,test,False,
data/test_data/test_data/154.png,test,False,
data/test_data/test_data/1540.png,test,False,
data/test_data/test_data/1541.png,test,False,
data/test_data/test_data/1542.png,test,False,
data/test_data/test_data/1543.png,test,False,
data/test_data/test_data/1544.png,test,False,
data/test_data/test_data/1545.png,test,False,
data/test_data/test_data/1546.png,test,False,
data/test_data/test_data/1547.png,test,False,
data/test_data/test_data/1548.png,test,False,
data/test_data/test_data/1549.png,test,False,
data/test_data/test_data/155.png,test,False,
data/test_data/test_data/1550.png,test,False,
data/test_data/test_data/1551.png,test,False,
data/test_data/test_data/1552.png,test,False,
data/test_data/test_data/1553.png,test,False,
data/test_data/test_data/1554.png,test,False,
data/test_data/test_data/1555.png,test,False,
data/test_data/test_data/1556.png,test,False,
data/test_data/test_data/1557.png,test,False,
data/test_data/test_data/1558.png,test,False,
data/test_data/test_data/1559.png,test,False,
data/test_data/test_data/156.png,test,False,
data/test_data/test_data/1560.png,test,False,
data/test_data/test_data/1561.png,test,False,
data/test_data/test_data/1562.png,test,False,
data/test_data/test_data/1563.png,test,False,
data/test_data/test_data/1564.png,test,False,
data/test_data/test_data/1565.png,test,False,
data/test_data/test_data/1566.png,test,False,
data/test_data/test_data/1567.png,test,False,
data/test_data/test_data/1568.png,test,False,
data/test_data/test_data/1569.png,test,False,
data/test_data/test_data/157.png,test,False,
data/test_data/test_data/1570.png,test,False,
data/test_data/test_data/1571.png,test,False,
data/test_data/test_data/1572.png,test,False,
data/test_data/test_data/1573.png,test,False,
data/test_data/test_data/1574.png,test,False,
data/test_data/test_data/1575.png,test,False,
data/test_data/test_data/1576.png,test,False,
data/test_data/test_data/1577.png,test,False,
data/test_data/test_data/1578.png,test,False,
data/test_data/test_data/1579.png,test,False,
data/test_data/test_data/158.png,test,False,
data/test_data/test_data/1580.png,test,False,
data/test_data/test_data/1581.png,test,False,
data/test_data/test_data/1582.png,test,False,
data/test_data/test_data/1583.png,test,False,
data/test_data/test_data/1584.png,test,False,
data/test_data/test_data/1585.png,test,False,
data/test_data/test_data/1586.png,test,False,
data/test_data/test_data/1587.png,test,False,
data/test_data/test_data/1588.png,test,False,
data/test_data/test_data/1589.png,test,False,
data/test_data/test_data/159.png,test,False,
data/test_data/test_data/1590.png,test,False,
data/test_data/test_data/1591.png,test,False,
data/test_data/test_data/1592.png,test,False,
data/test_data/test_data/1593.png,test,False,
data/test_data/test_data/1594.png,test,False,
data/test_data/test_data/1595.png,test,False,
data/test_data/test_data/1596.png,test,False,
data/test_data/test_data/1597.png,test,False,
data/test_data/test_data/1598.png,test,False,
data/test_data/test_data/1599.png,test,False,
data/test_data/test_data/16.png,test,False,
data/test_data/test_data/160.png,test,False,
data/test_data/test_data/1600.png,test,False,
data/test_data/test_data/1601.png,test,False,
data/test_data/test_data/1602.png,test,False,
data/test_data/test_data/1603.png,test,False,
data/test_data/test_data/1604.png,test,False,
data/test_data/test_data/1605.png,test,False,
data/test_data/test_data/1606.png,test,False,
data/test_data/test_data/1607.png,test,False,
data/test_data/test_data/1608.png,test,False,
data/test_data/test_data/1609.png,test,False,
data/test_data/test_data/161.png,test,False,
data/test_data/test_data/1610.png,test,False,
data/test_data/test_data/1611.png,test,False,
data/test_data/test_data/1612.png,test,False,
data/test_data/test_data/1613.png,test,False,
data/test_data/test_data/1614.png,test,False,
data/test_data/test_data/1615.png,test,False,
data/test_data/test_data/1616.png,test,False,
data/test_data/test_data/1617.png,test,False,
data/test_data/test_data/1618.png,test,False,
data/test_data/test_data/1619.png,test,False,
data/test_data/test_data/162.png,test,False,
data/test_data/test_data/1620.png,test,False,
data/test_data/test_data/1621.png,test,False,
data/test_data/test_data/1622.png,test,False,
data/test_data/test_data/1623.png,test,False,
data/test_data/test_data/1624.png,test,False,
data/test_data/test_data/1625.png,test,False,
data/test_data/test_data/1626.png,test,False,
data/test_data/test_data/1627.png,test,False,
data/test_data/test_data/1628.png,test,False,
data/test_data/test_data/1629.png,test,False,
data/test_data/test_data/163.png,test,False,
data/test_data/test_data/1630.png,test,False,
data/test_data/test_data/1631.png,test,False,
data/test_data/test_data/1632.png,test,False,
data/test_data/test_data/1633.png,test,False,
data/test_data/test_data/1634.png,test,False,
data/test_data/test_data/1635.png,test,False,
data/test_data/test_data/1636.png,test,False,
data/test_data/test_data/1637.png,test,False,
data/test_data/test_data/1638.png,test,False,
data/test_data/test_data/1639.png,test,False,
data/test_data/test_data/164.png,test,False,
data/test_data/test_data/1640.png,test,False,
data/test_data/test_data/1641.png,test,False,
data/test_data/test_data/1642.png,test,False,
data/test_data/test_data/1643.png,test,False,
data/test_data/test_data/1644.png,test,False,
data/test_data/test_data/1645.png,test,False,
data/test_data/test_data/1646.png,test,False,
data/test_data/test_data/1647.png,test,False,
data/test_data/test_data/1648.png,test,False,
data/test_data/test_data/1649.png,test,False,
data/test_data/test_data/165.png,test,False,
data/test_data/test_data/1650.png,test,False,
data/test_data/test_data/1651.png,test,False,
data/test_data/test_data/1652.png,test,False,
data/test_data/test_data/1653.png,test,False,
data/test_data/test_data/1654.png,test,False,
data/test_data/test_data/1655.png,test,False,
data/test_data/test_data/1656.png,test,False,
data/test_data/test_data/1657.png,test,False,
data/test_data/test_data/1658.png,test,False,
data/test_data/test_data/1659.png,test,False,
data/test_data/test_data/166.png,test,False,
data/test_data/test_data/1660.png,test,False,
data/test_data/test_data/1661.png,test,False,
data/test_data/test_data/1662.png,test,False,
data/test_data/test_data/1663.png,test,False,
data/test_data/test_data/1664.png,test,False,
data/test_data/test_data/1665.png,test,False,
data/test_data/test_data/1666.png,test,False,
data/test_data/test_data/1667.png,test,False,
data/test_data/test_data/1668.png,test,False,
data/test_data/test_data/1669.png,test,False,
data/test_data/test_data/167.png,test,False,
data/test_data/test_data/1670.png,test,False,
data/test_data/test_data/1671.png,test,False,
data/test_data/test_data/1672.png,test,False,
data/test_data/test_data/1673.png,test,False,
data/test_data/test_data/1674.png,test,False,
data/test_data/test_data/1675.png,test,False,
data/test_data/test_data/1676.png,test,False,
data/test_data/test_data/1677.png,test,False,
data/test_data/test_data/1678.png,test,False,
data/test_data/test_data/1679.png,test,False,
data/test_data/test_data/168.png,test,False,
data/test_data/test_data/1680.png,test,False,
data/test_data/test_data/1681.png,test,False,
data/test_data/test_data/1682.png,test,False,
data/test_data/test_data/1683.png,test,False,
data/test_data/test_data/1684.png,test,False,
data/test_data/test_data/1685.png,test,False,
data/test_data/test_data/1686.png,test,False,
data/test_data/test_data/1687.png,test,False,
data/test_data/test_data/1688.png,test,False,
data/test_data/test_data/1689.png,test,False,
data/test_data/test_data/169.png,test,False,
data/test_data/test_data/1690.png,test,False,
data/test_data/test_data/1691.png,test,False,
data/test_data/test_data/1692.png,test,False,
data/test_data/test_data/1693.png,test,False,
data/test_data/test_data/1694.png,test,False,
data/test_data/test_data/1695.png,test,False,
data/test_data/test_data/1696.png,test,False,
data/test_data/test_data/1697.png,test,False,
data/test_data/test_data/1698.png,test,False,
data/test_data/test_data/1699.png,test,False,
data/test_data/test_data/17.png,test,False,
data/test_data/test_data/170.png,test,False,
data/test_data/test_data/1700.png,test,False,
data/test_data/test_data/1701.png,test,False,
data/test_data/test_data/1702.png,test,False,
data/test_data/test_data/1703.png,test,False,
data/test_data/test_data/1704.png,test,False,
data/test_data/test_data/1705.png,test,False,
data/test_data/test_data/1706.png,test,False,
data/test_data/test_data/1707.png,test,False,
data/test_data/test_data/1708.png,test,False,
data/test_data/test_data/1709.png,test,False,
data/test_data/test_data/171.png,test,False,
data/test_data/test_data/1710.png,test,False,
data/test_data/test_data/1711.png,test,False,
data/test_data/test_data/1712.png,test,False,
data/test_data/test_data/1713.png,test,False,
data/test_data/test_data/1714.png,test,False,
data/test_data/test_data/1715.png,test,False,
data/test_data/test_data/1716.png,test,False,
data/test_data/test_data/1717.png,test,False,
data/test_data/test_data/1718.png,test,False,
data/test_data/test_data/1719.png,test,False,
data/test_data/test_data/172.png,test,False,
data/test_data/test_data/1720.png,test,False,
data/test_data/test_data/1721.png,test,False,
data/test_data/test_data/1722.png,test,False,
data/test_data/test_data/1723.png,test,False,
data/test_data/test_data/1724.png,test,False,
data/test_data/test_data/1725.png,test,False,
data/test_data/test_data/1726.png,test,False,
data/test_data/test_data/1727.png,test,False,
data/test_data/test_data/1728.png,test,False,
data/test_data/test_data/1729.png,test,False,
data/test_data/test_data/173.png,test,False,
data/test_data/test_data/1730.png,test,False,
data/test_data/test_data/1731.png,test,False,
data/test_data/test_data/1732.png,test,False,
data/test_data/test_data/1733.png,test,False,
data/test_data/test_data/1734.png,test,False,
data/test_data/test_data/1735.png,test,False,
data/test_data/test_data/1736.png,test,False,
data/test_data/test_data/1737.png,test,False,
data/test_data/test_data/1738.png,test,False,
data/test_data/test_data/1739.png,test,False,
data/test_data/test_data/174.png,test,False,
data/test_data/test_data/1740.png,test,False,
data/test_data/test_data/1741.png,test,False,
data/test_data/test_data/1742.png,test,False,
data/test_data/test_data/1743.png,test,False,
data/test_data/test_data/1744.png,test,False,
data/test_data/test_data/1745.png,test,False,
data/test_data/test_data/1746.png,test,False,
data/test_data/test_data/1747.png,test,False,
data/test_data/test_data/1748.png,test,False,
data/test_data/test_data/1749.png,test,False,
data/test_data/test_data/175.png,test,False,
data/test_data/test_data/1750.png,test,False,
data/test_data/test_data/1751.png,test,False,
data/test_data/test_data/1752.png,test,False,
data/test_data/test_data/1753.png,test,False,
data/test_data/test_data/1754.png,test,False,
data/test_data/test_data/1755.png,test,False,
data/test_data/test_data/1756.png,test,False,
data/test_data/test_data/1757.png,test,False,
data/test_data/test_data/1758.png,test,False,
data/test_data/test_data/1759.png,test,False,
data/test_data/test_data/176.png,test,False,
data/test_data/test_data/1760.png,test,False,
data/test_data/test_data/1761.png,test,False,
data/test_data/test_data/1762.png,test,False,
data/test_data/test_data/1763.png,test,False,
data/test_data/test_data/1764.png,test,False,
data/test_data/test_data/1765.png,test,False,
data/test_data/test_data/1766.png,test,False,
data/test_data/test_data/1767.png,test,False,
data/test_data/test_data/1768.png,test,False,
data/test_data/test_data/1769.png,test,False,
data/test_data/test_data/177.png,test,False,
data/test_data/test_data/1770.png,test,False,
data/test_data/test_data/1771.png,test,False,
data/test_data/test_data/1772.png,test,False,
data/test_data/test_data/1773.png,test,False,
data/test_data/test_data/1774.png,test,False,
data/test_data/test_data/1775.png,test,False,
data/test_data/test_data/1776.png,test,False,
data/test_data/test_data/1777.png,test,False,
data/test_data/test_data/1778.png,test,False,
data/test_data/test_data/1779.png,test,False,
data/test_data/test_data/178.png,test,False,
data/test_data/test_data/1780.png,test,False,
data/test_data/test_data/1781.png,test,False,
data/test_data/test_data/1782.png,test,False,
data/test_data/test_data/1783.png,test,False,
data/test_data/test_data/1784.png,test,False,
data/test_data/test_data/1785.png,test,False,
data/test_data/test_data/1786.png,test,False,
data/test_data/test_data/1787.png,test,False,
data/test_data/test_data/1788.png,test,False,
data/test_data/test_data/1789.png,test,False,
data/test_data/test_data/179.png,test,False,
data/test_data/test_data/1790.png,test,False,
data/test_data/test_data/1791.png,test,False,
data/test_data/test_data/1792.png,test,False,
data/test_data/test_data/1793.png,test,False,
data/test_data/test_data/1794.png,test,False,
data/test_data/test_data/1795.png,test,False,
data/test_data/test_data/1796.png,test,False,
data/test_data/test_data/1797.png,test,False,
data/test_data/test_data/1798.png,test,False,
data/test_data/test_data/1799.png,test,False,
data/test_data/test_data/18.png,test,False,
data/test_data/test_data/180.png,test,False,
data/test_data/test_data/1800.png,test,False,
data/test_data/test_data/1801.png,test,False,
data/test_data/test_data/1802.png,test,False,
data/test_data/test_data/1803.png,test,False,
data/test_data/test_data/1804.png,test,False,
data/test_data/test_data/1805.png,test,False,
data/test_data/test_data/1806.png,test,False,
data/test_data/test_data/1807.png,test,False,
data/test_data/test_data/1808.png,test,False,
data/test_data/test_data/1809.png,test,False,
data/test_data/test_data/181.png,test,False,
data/test_data/test_data/1810.png,test,False,
data/test_data/test_data/1811.png,test,False,
data/test_data/test_data/1812.png,test,False,
data/test_data/test_data/1813.png,test,False,
data/test_data/test_data/1814.png,test,False,
data/test_data/test_data/1815.png,test,False,
data/test_data/test_data/1816.png,test,False,
data/test_data/test_data/1817.png,test,False,
data/test_data/test_data/1818.png,test,False,
data/test_data/test_data/1819.png,test,False,
data/test_data/test_data/182.png,test,False,
data/test_data/test_data/1820.png,test,False,
data/test_data/test_data/1821.png,test,False,
data/test_data/test_data/1822.png,test,False,
data/test_data/test_data/1823.png,test,False,
data/test_data/test_data/1824.png,test,False,
data/test_data/test_data/1825.png,test,False,
data/test_data/test_data/1826.png,test,False,
data/test_data/test_data/1827.png,test,False,
data/test_data/test_data/1828.png,test,False,
data/test_data/test_data/1829.png,test,False,
data/test_data/test_data/183.png,test,False,
data/test_data/test_data/1830.png,test,False,
data/test_data/test_data/1831.png,test,False,
data/test_data/test_data/1832.png,test,False,
data/test_data/test_data/1833.png,test,False,
data/test_data/test_data/1834.png,test,False,
data/test_data/test_data/1835.png,test,False,
data/test_data/test_data/1836.png,test,False,
data/test_data/test_data/1837.png,test,False,
data/test_data/test_data/1838.png,test,False,
data/test_data/test_data/1839.png,test,False,
data/test_data/test_data/184.png,test,False,
data/test_data/test_data/1840.png,test,False,
data/test_data/test_data/1841.png,test,False,
data/test_data/test_data/1842.png,test,False,
data/test_data/test_data/1843.png,test,False,
data/test_data/test_data/1844.png,test,False,
data/test_data/test_data/1845.png,test,False,
data/test_data/test_data/1846.png,test,False,
data/test_data/test_data/1847.png,test,False,
data/test_data/test_data/1848.png,test,False,
data/test_data/test_data/1849.png,test,False,
data/test_data/test_data/185.png,test,False,
data/test_data/test_data/1850.png,test,False,
data/test_data/test_data/1851.png,test,False,
data/test_data/test_data/1852.png,test,False,
data/test_data/test_data/1853.png,test,False,
data/test_data/test_data/1854.png,test,False,
data/test_data/test_data/1855.png,test,False,
data/test_data/test_data/1856.png,test,False,
data/test_data/test_data/1857.png,test,False,
data/test_data/test_data/1858.png,test,False,
data/test_data/test_data/1859.png,test,False,
data/test_data/test_data/186.png,test,False,
data/test_data/test_data/1860.png,test,False,
data/test_data/test_data/1861.png,test,False,
data/test_data/test_data/1862.png,test,False,
data/test_data/test_data/1863.png,test,False,
data/test_data/test_data/1864.png,test,False,
data/test_data/test_data/1865.png,test,False,
data/test_data/test_data/1866.png,test,False,
data/test_data/test_data/1867.png,test,False,
data/test_data/test_data/1868.png,test,False,
data/test_data/test_data/1869.png,test,False,
data/test_data/test_data/187.png,test,False,
data/test_data/test_data/1870.png,test,False,
data/test_data/test_data/1871.png,test,False,
data/test_data/test_data/1872.png,test,False,
data/test_data/test_data/1873.png,test,False,
data/test_data/test_data/1874.png,test,False,
data/test_data/test_data/1875.png,test,False,
data/test_data/test_data/1876.png,test,False,
data/test_data/test_data/1877.png,test,False,
data/test_data/test_data/1878.png,test,False,
data/test_data/test_data/1879.png,test,False,
data/test_data/test_data/188.png,test,False,
data/test_data/test_data/1880.png,test,False,
data/test_data/test_data/1881.png,test,False,
data/test_data/test_data/1882.png,test,False,
data/test_data/test_data/1883.png,test,False,
data/test_data/test_data/1884.png,test,False,
data/test_data/test_data/1885.png,test,False,
data/test_data/test_data/1886.png,test,False,
data/test_data/test_data/1887.png,test,False,
data/test_data/test_data/1888.png,test,False,
data/test_data/test_data/1889.png,test,False,
data/test_data/test_data/189.png,test,False,
data/test_data/test_data/1890.png,test,False,
data/test_data/test_data/1891.png,test,False,
data/test_data/test_data/1892.png,test,False,
data/test_data/test_data/1893.png,test,False,
data/test_data/test_data/1894.png,test,False,
data/test_data/test_data/1895.png,test,False,
data/test_data/test_data/1896.png,test,False,
data/test_data/test_data/1897.png,test,False,
data/test_data/test_data/1898.png,test,False,
data/test_data/test_data/1899.png,test,False,
data/test_data/test_data/19.png,test,False,
data/test_data/test_data/190.png,test,False,
data/test_data/test_data/1900.png,test,False,
data/test_data/test_data/1901.png,test,False,
data/test_data/test_data/1902.png,test,False,
data/test_data/test_data/1903.png,test,False,
data/test_data/test_data/1904.png,test,False,
data/test_data/test_data/1905.png,test,False,
data/test_data/test_data/1906.png,test,False,
data/test_data/test_data/1907.png,test,False,
data/test_data/test_data/1908.png,test,False,
data/test_data/test_data/1909.png,test,False,
data/test_data/test_data/191.png,test,False,
data/test_data/test_data/1910.png,test,False,
data/test_data/test_data/1911.png,test,False,
data/test_data/test_data/1912.png,test,False,
data/test_data/test_data/1913.png,test,False,
data/test_data/test_data/1914.png,test,False,
data/test_data/test_data/1915.png,test,False,
data/test_data/test_data/1916.png,test,False,
data/test_data/test_data/1917.png,test,False,
data/test_data/test_data/1918.png,test,False,
data/test_data/test_data/1919.png,test,False,
data/test_data/test_data/192.png,test,False,
data/test_data/test_data/1920.png,test,False,
data/test_data/test_data/1921.png,test,False,
data/test_data/test_data/1922.png,test,False,
data/test_data/test_data/1923.png,test,False,
data/test_data/test_data/1924.png,test,False,
data/test_data/test_data/1925.png,test,False,
data/test_data/test_data/1926.png,test,False,
data/test_data/test_data/1927.png,test,False,
data/test_data/test_data/1928.png,test,False,
data/test_data/test_data/1929.png,test,False,
data/test_data/test_data/193.png,test,False,
data/test_data/test_data/1930.png,test,False,
data/test_data/test_data/1931.png,test,False,
data/test_data/test_data/1932.png,test,False,
data/test_data/test_data/1933.png,test,False,
data/test_data/test_data/1934.png,test,False,
data/test_data/test_data/1935.png,test,False,
data/test_data/test_data/1936.png,test,False,
data/test_data/test_data/1937.png,test,False,
data/test_data/test_data/1938.png,test,False,
data/test_data/test_data/1939.png,test,False,
data/test_data/test_data/194.png,test,False,
data/test_data/test_data/1940.png,test,False,
data/test_data/test_data/1941.png,test,False,
data/test_data/test_data/1942.png,test,False,
data/test_data/test_data/1943.png,test,False,
data/test_data/test_data/1944.png,test,False,
data/test_data/test_data/1945.png,test,False,
data/test_data/test_data/1946.png,test,False,
data/test_data/test_data/1947.png,test,False,
data/test_data/test_data/1948.png,test,False,
data/test_data/test_data/1949.png,test,False,
data/test_data/test_data/195.png,test,False,
data/test_data/test_data/1950.png,test,False,
data/test_data/test_data/1951.png,test,False,
data/test_data/test_data/1952.png,test,False,
data/test_data/test_data/1953.png,test,False,
data/test_data/test_data/1954.png,test,False,
data/test_data/test_data/1955.png,test,False,
data/test_data/test_data/1956.png,test,False,
data/test_data/test_data/1957.png,test,False,
data/test_data/test_data/1958.png,test,False,
data/test_data/test_data/1959.png,test,False,
data/test_data/test_data/196.png,test,False,
data/test_data/test_data/1960.png,test,False,
data/test_data/test_data/1961.png,test,False,
data/test_data/test_data/1962.png,test,False,
data/test_data/test_data/1963.png,test,False,
data/test_data/test_data/1964.png,test,False,
data/test_data/test_data/1965.png,test,False,
data/test_data/test_data/1966.png,test,False,
data/test_data/test_data/1967.png,test,False,
data/test_data/test_data/1968.png,test,False,
data/test_data/test_data/1969.png,test,False,
data/test_data/test_data/197.png,test,False,
data/test_data/test_data/1970.png,test,False,
data/test_data/test_data/1971.png,test,False,
data/test_data/test_data/1972.png,test,False,
data/test_data/test_data/1973.png,test,False,
data/test_data/test_data/1974.png,test,False,
data/test_data/test_data/1975.png,test,False,
data/test_data/test_data/1976.png,test,False,
data/test_data/test_data/1977.png,test,False,
data/test_data/test_data/1978.png,test,False,
data/test_data/test_data/1979.png,test,False,
data/test_data/test_data/198.png,test,False,
data/test_data/test_data/1980.png,test,False,
data/test_data/test_data/1981.png,test,False,
data/test_data/test_data/1982.png,test,False,
data/test_data/test_data/1983.png,test,False,
data/test_data/test_data/1984.png,test,False,
data/test_data/test_data/1985.png,test,False,
data/test_data/test_data/1986.png,test,False,
data/test_data/test_data/1987.png,test,False,
data/test_data/test_data/1988.png,test,False,
data/test_data/test_data/1989.png,test,False,
data/test_data/test_data/199.png,test,False,
data/test_data/test_data/1990.png,test,False,
data/test_data/test_data/1991.png,test,False,
data/test_data/test_data/1992.png,test,False,
data/test_data/test_data/1993.png,test,False,
data/test_data/test_data/1994.png,test,False,
data/test_data/test_data/1995.png,test,False,
data/test_data/test_data/1996.png,test,False,
data/test_data/test_data/1997.png,test,False,
data/test_data/test_data/1998.png,test,False,
data/test_data/test_data/1999.png,test,False,
data/test_data/test_data/2.png,test,False,
data/test_data/test_data/20.png,test,False,
data/test_data/test_data/200.png,test,False,
data/test_data/test_data/201.png,test,False,
data/test_data/test_data/202.png,test,False,
data/test_data/test_data/203.png,test,False,
data/test_data/test_data/204.png,test,False,
data/test_data/test_data/205.png,test,False,
data/test_data/test_data/206.png,test,False,
data/test_data/test_data/207.png,test,False,
data/test_data/test_data/208.png,test,False,
data/test_data/test_data/209.png,test,False,
data/test_data/test_data/21.png,test,False,
data/test_data/test_data/210.png,test,False,
data/test_data/test_data/211.png,test,False,
data/test_data/test_data/212.png,test,False,
data/test_data/test_data/213.png,test,False,
data/test_data/test_data/214.png,test,False,
data/test_data/test_data/215.png,test,False,
data/test_data/test_data/216.png,test,False,
data/test_data/test_data/217.png,test,False,
data/test_data/test_data/218.png,test,False,
data/test_data/test_data/219.png,test,False,
data/test_data/test_data/22.png,test,False,
data/test_data/test_data/220.png,test,False,
data/test_data/test_data/221.png,test,False,
data/test_data/test_data/222.png,test,False,
data/test_data/test_data/223.png,test,False,
data/test_data/test_data/224.png,test,False,
data/test_data/test_data/225.png,test,False,
data/test_data/test_data/226.png,test,False,
data/test_data/test_data/227.png,test,False,
data/test_data/test_data/228.png,test,False,
data/test_data/test_data/229.png,test,False,
data/test_data/test_data/23.png,test,False,
data/test_data/test_data/230.png,test,False,
data/test_data/test_data/231.png,test,False,
data/test_data/test_data/232.png,test,False,
data/test_data/test_data/233.png,test,False,
data/test_data/test_data/234.png,test,False,
data/test_data/test_data/235.png,test,False,
data/test_data/test_data/236.png,test,False,
data/test_data/test_data/237.png,test,False,
data/test_data/test_data/238.png,test,False,
data/test_data/test_data/239.png,test,False,
data/test_data/test_data/24.png,test,False,
data/test_data/test_data/240.png,test,False,
data/test_data/test_data/241.png,test,False,
data/test_data/test_data/242.png,test,False,
data/test_data/test_data/243.png,test,False,
data/test_data/test_data/244.png,test,False,
data/test_data/test_data/245.png,test,False,
data/test_data/test_data/246.png,test,False,
data/test_data/test_data/247.png,test,False,
data/test_data/test_data/248.png,test,False,
data/test_data/test_data/249.png,test,False,
data/test_data/test_data/25.png,test,False,
data/test_data/test_data/250.png,test,False,
data/test_data/test_data/251.png,test,False,
data/test_data/test_data/252.png,test,False,
data/test_data/test_data/253.png,test,False,
data/test_data/test_data/254.png,test,False,
data/test_data/test_data/255.png,test,False,
data/test_data/test_data/256.png,test,False,
data/test_data/test_data/257.png,test,False,
data/test_data/test_data/258.png,test,False,
data/test_data/test_data/259.png,test,False,
data/test_data/test_data/26.png,test,False,
data/test_data/test_data/260.png,test,False,
data/test_data/test_data/261.png,test,False,
data/test_data/test_data/262.png,test,False,
data/test_data/test_data/263.png,test,False,
data/test_data/test_data/264.png,test,False,
data/test_data/test_data/265.png,test,False,
data/test_data/test_data/266.png,test,False,
data/test_data/test_data/267.png,test,False,
data/test_data/test_data/268.png,test,False,
data/test_data/test_data/269.png,test,False,
data/test_data/test_data/27.png,test,False,
data/test_data/test_data/270.png,test,False,
data/test_data/test_data/271.png,test,False,
data/test_data/test_data/272.png,test,False,
data/test_data/test_data/273.png,test,False,
data/test_data/test_data/274.png,test,False,
data/test_data/test_data/275.png,test,False,
data/test_data/test_data/276.png,test,False,
data/test_data/test_data/277.png,test,False,
data/test_data/test_data/278.png,test,False,
data/test_data/test_data/279.png,test,False,
data/test_data/test_data/28.png,test,False,
data/test_data/test_data/280.png,test,False,
data/test_data/test_data/281.png,test,False,
data/test_data/test_data/282.png,test,False,
data/test_data/test_data/283.png,test,False,
data/test_data/test_data/284.png,test,False,
data/test_data/test_data/285.png,test,False,
data/test_data/test_data/286.png,test,False,
data/test_data/test_data/287.png,test,False,
data/test_data/test_data/288.png,test,False,
data/test_data/test_data/289.png,test,False,
data/test_data/test_data/29.png,test,False,
data/test_data/test_data/290.png,test,False,
data/test_data/test_data/291.png,test,False,
data/test_data/test_data/292.png,test,False,
data/test_data/test_data/293.png,test,False,
data/test_data/test_data/294.png,test,False,
data/test_data/test_data/295.png,test,False,
data/test_data/test_data/296.png,test,False,
data/test_data/test_data/297.png,test,False,
data/test_data/test_data/298.png,test,False,
data/test_data/test_data/299.png,test,False,
data/test_data/test_data/3.png,test,False,
data/test_data/test_data/30.png,test,False,
data/test_data/test_data/300.png,test,False,
data/test_data/test_data/301.png,test,False,
data/test_data/test_data/302.png,test,False,
data/test_data/test_data/303.png,test,False,
data/test_data/test_data/304.png,test,False,
data/test_data/test_data/305.png,test,False,
data/test_data/test_data/306.png,test,False,
data/test_data/test_data/307.png,test,False,
data/test_data/test_data/308.png,test,False,
data/test_data/test_data/309.png,test,False,
data/test_data/test_data/31.png,test,False,
data/test_data/test_data/310.png,test,False,
data/test_data/test_data/311.png,test,False,
data/test_data/test_data/312.png,test,False,
data/test_data/test_data/313.png,test,False,
data/test_data/test_data/314.png,test,False,
data/test_data/test_data/315.png,test,False,
data/test_data/test_data/316.png,test,False,
data/test_data/test_data/317.png,test,False,
data/test_data/test_data/318.png,test,False,
data/test_data/test_data/319.png,test,False,
data/test_data/test_data/32.png,test,False,
data/test_data/test_data/320.png,test,False,
data/test_data/test_data/321.png,test,False,
data/test_data/test_data/322.png,test,False,
data/test_data/test_data/323.png,test,False,
data/test_data/test_data/324.png,test,False,
data/test_data/test_data/325.png,test,False,
data/test_data/test_data/326.png,test,False,
data/test_data/test_data/327.png,test,False,
data/test_data/test_data/328.png,test,False,
data/test_data/test_data/329.png,test,False,
data/test_data/test_data/33.png,test,False,
data/test_data/test_data/330.png,test,False,
data/test_data/test_data/331.png,test,False,
data/test_data/test_data/332.png,test,False,
data/test_data/test_data/333.png,test,False,
data/test_data/test_data/334.png,test,False,
data/test_data/test_data/335.png,test,False,
data/test_data/test_data/336.png,test,False,
data/test_data/test_data/337.png,test,False,
data/test_data/test_data/338.png,test,False,
data/test_data/test_data/339.png,test,False,
data/test_data/test_data/34.png,test,False,
data/test_data/test_data/340.png,test,False,
data/test_data/test_data/341.png,test,False,
data/test_data/test_data/342.png,test,False,
data/test_data/test_data/343.png,test,False,
data/test_data/test_data/344.png,test,False,
data/test_data/test_data/345.png,test,False,
data/test_data/test_data/346.png,test,False,
data/test_data/test_data/347.png,test,False,
data/test_data/test_data/348.png,test,False,
data/test_data/test_data/349.png,test,False,
data/test_data/test_data/35.png,test,False,
data/test_data/test_data/350.png,test,False,
data/test_data/test_data/351.png,test,False,
data/test_data/test_data/352.png,test,False,
data/test_data/test_data/353.png,test,False,
data/test_data/test_data/354.png,test,False,
data/test_data/test_data/355.png,test,False,
data/test_data/test_data/356.png,test,False,
data/test_data/test_data/357.png,test,False,
data/test_data/test_data/358.png,test,False,
data/test_data/test_data/359.png,test,False,
data/test_data/test_data/36.png,test,False,
data/test_data/test_data/360.png,test,False,
data/test_data/test_data/361.png,test,False,
data/test_data/test_data/362.png,test,False,
data/test_data/test_data/363.png,test,False,
data/test_data/test_data/364.png,test,False,
data/test_data/test_data/365.png,test,False,
data/test_data/test_data/366.png,test,False,
data/test_data/test_data/367.png,test,False,
data/test_data/test_data/368.png,test,False,
data/test_data/test_data/369.png,test,False,
data/test_data/test_data/37.png,test,False,
data/test_data/test_data/370.png,test,False,
data/test_data/test_data/371.png,test,False,
data/test_data/test_data/372.png,test,False,
data/test_data/test_data/373.png,test,False,
data/test_data/test_data/374.png,test,False,
data/test_data/test_data/375.png,test,False,
data/test_data/test_data/376.png,test,False,
data/test_data/test_data/377.png,test,False,
data/test_data/test_data/378.png,test,False,
data/test_data/test_data/379.png,test,False,
data/test_data/test_data/38.png,test,False,
data/test_data/test_data/380.png,test,False,
data/test_data/test_data/381.png,test,False,
data/test_data/test_data/382.png,test,False,
data/test_data/test_data/383.png,test,False,
data/test_data/test_data/384.png,test,False,
data/test_data/test_data/385.png,test,False,
data/test_data/test_data/386.png,test,False,
data/test_data/test_data/387.png,test,False,
data/test_data/test_data/388.png,test,False,
data/test_data/test_data/389.png,test,False,
data/test_data/test_data/39.png,test,False,
data/test_data/test_data/390.png,test,False,
data/test_data/test_data/391.png,test,False,
data/test_data/test_data/392.png,test,False,
data/test_data/test_data/393.png,test,False,
data/test_data/test_data/394.png,test,False,
data/test_data/test_data/395.png,test,False,
data/test_data/test_data/396.png,test,False,
data/test_data/test_data/397.png,test,False,
data/test_data/test_data/398.png,test,False,
data/test_data/test_data/399.png,test,False,
data/test_data/test_data/4.png,test,False,
data/test_data/test_data/40.png,test,False,
data/test_data/test_data/400.png,test,False,
data/test_data/test_data/401.png,test,False,
data/test_data/test_data/402.png,test,False,
data/test_data/test_data/403.png,test,False,
data/test_data/test_data/404.png,test,False,
data/test_data/test_data/405.png,test,False,
data/test_data/test_data/406.png,test,False,
data/test_data/test_data/407.png,test,False,
data/test_data/test_data/408.png,test,False,
data/test_data/test_data/409.png,test,False,
data/test_data/test_data/41.png,test,False,
data/test_data/test_data/410.png,test,False,
data/test_data/test_data/411.png,test,False,
data/test_data/test_data/412.png,test,False,
data/test_data/test_data/413.png,test,False,
data/test_data/test_data/414.png,test,False,
data/test_data/test_data/415.png,test,False,
data/test_data/test_data/416.png,test,False,
data/test_data/test_data/417.png,test,False,
data/test_data/test_data/418.png,test,False,
data/test_data/test_data/419.png,test,False,
data/test_data/test_data/42.png,test,False,
data/test_data/test_data/420.png,test,False,
data/test_data/test_data/421.png,test,False,
data/test_data/test_data/422.png,test,False,
data/test_data/test_data/423.png,test,False,
data/test_data/test_data/424.png,test,False,
data/test_data/test_data/425.png,test,False,
data/test_data/test_data/426.png,test,False,
data/test_data/test_data/427.png,test,False,
data/test_data/test_data/428.png,test,False,
data/test_data/test_data/429.png,test,False,
data/test_data/test_data/43.png,test,False,
data/test_data/test_data/430.png,test,False,
data/test_data/test_data/431.png,test,False,
data/test_data/test_data/432.png,test,False,
data/test_data/test_data/433.png,test,False,
data/test_data/test_data/434.png,test,False,
data/test_data/test_data/435.png,test,False,
data/test_data/test_data/436.png,test,False,
data/test_data/test_data/437.png,test,False,
data/test_data/test_data/438.png,test,False,
data/test_data/test_data/439.png,test,False,
data/test_data/test_data/44.png,test,False,
data/test_data/test_data/440.png,test,False,
data/test_data/test_data/441.png,test,False,
data/test_data/test_data/442.png,test,False,
data/test_data/test_data/443.png,test,False,
data/test_data/test_data/444.png,test,False,
data/test_data/test_data/445.png,test,False,
data/test_data/test_data/446.png,test,False,
data/test_data/test_data/447.png,test,False,
data/test_data/test_data/448.png,test,False,
data/test_data/test_data/449.png,test,False,
data/test_data/test_data/45.png,test,False,
data/test_data/test_data/450.png,test,False,
data/test_data/test_data/451.png,test,False,
data/test_data/test_data/452.png,test,False,
data/test_data/test_data/453.png,test,False,
data/test_data/test_data/454.png,test,False,
data/test_data/test_data/455.png,test,False,
data/test_data/test_data/456.png,test,False,
data/test_data/test_data/457.png,test,False,
data/test_data/test_data/458.png,test,False,
data/test_data/test_data/459.png,test,False,
data/test_data/test_data/46.png,test,False,
data/test_data/test_data/460.png,test,False,
data/test_data/test_data/461.png,test,False,
data/test_data/test_data/462.png,test,False,
data/test_data/test_data/463.png,test,False,
data/test_data/test_data/464.png,test,False,
data/test_data/test_data/465.png,test,False,
data/test_data/test_data/466.png,test,False,
data/test_data/test_data/467.png,test,False,
data/test_data/test_data/468.png,test,False,
data/test_data/test_data/469.png,test,False,
data/test_data/test_data/47.png,test,False,
data/test_data/test_data/470.png,test,False,
data/test_data/test_data/471.png,test,False,
data/test_data/test_data/472.png,test,False,
data/test_data/test_data/473.png,test,False,
data/test_data/test_data/474.png,test,False,
data/test_data/test_data/475.png,test,False,
data/test_data/test_data/476.png,test,False,
data/test_data/test_data/477.png,test,False,
data/test_data/test_data/478.png,test,False,
data/test_data/test_data/479.png,test,False,
data/test_data/test_data/48.png,test,False,
data/test_data/test_data/480.png,test,False,
data/test_data/test_data/481.png,test,False,
data/test_data/test_data/482.png,test,False,
data/test_data/test_data/483.png,test,False,
data/test_data/test_data/484.png,test,False,
data/test_data/test_data/485.png,test,False,
data/test_data/test_data/486.png,test,False,
data/test_data/test_data/487.png,test,False,
data/test_data/test_data/488.png,test,False,
data/test_data/test_data/489.png,test,False,
data/test_data/test_data/49.png,test,False,
data/test_data/test_data/490.png,test,False,
data/test_data/test_data/491.png,test,False,
data/test_data/test_data/492.png,test,False,
data/test_data/test_data/493.png,test,False,
data/test_data/test_data/494.png,test,False,
data/test_data/test_data/495.png,test,False,
data/test_data/test_data/496.png,test,False,
data/test_data/test_data/497.png,test,False,
data/test_data/test_data/498.png,test,False,
data/test_data/test_data/499.png,test,False,
data/test_data/test_data/5.png,test,False,
data/test_data/test_data/50.png,test,False,
data/test_data/test_data/500.png,test,False,
data/test_data/test_data/501.png,test,False,
data/test_data/test_data/502.png,test,False,
data/test_data/test_data/503.png,test,False,
data/test_data/test_data/504.png,test,False,
data/test_data/test_data/505.png,test,False,
data/test_data/test_data/506.png,test,False,
data/test_data/test_data/507.png,test,False,
data/test_data/test_data/508.png,test,False,
data/test_data/test_data/509.png,test,False,
data/test_data/test_data/51.png,test,False,
data/test_data/test_data/510.png,test,False,
data/test_data/test_data/511.png,test,False,
data/test_data/test_data/512.png,test,False,
data/test_data/test_data/513.png,test,False,
data/test_data/test_data/514.png,test,False,
data/test_data/test_data/515.png,test,False,
data/test_data/test_data/516.png,test,False,
data/test_data/test_data/517.png,test,False,
data/test_data/test_data/518.png,test,False,
data/test_data/test_data/519.png,test,False,
data/test_data/test_data/52.png,test,False,
data/test_data/test_data/520.png,test,False,
data/test_data/test_data/521.png,test,False,
data/test_data/test_data/522.png,test,False,
data/test_data/test_data/523.png,test,False,
data/test_data/test_data/524.png,test,False,
data/test_data/test_data/525.png,test,False,
data/test_data/test_data/526.png,test,False,
data/test_data/test_data/527.png,test,False,
data/test_data/test_data/528.png,test,False,
data/test_data/test_data/529.png,test,False,
data/test_data/test_data/53.png,test,False,
data/test_data/test_data/530.png,test,False,
data/test_data/test_data/531.png,test,False,
data/test_data/test_data/532.png,test,False,
data/test_data/test_data/533.png,test,False,
data/test_data/test_data/534.png,test,False,
data/test_data/test_data/535.png,test,False,
data/test_data/test_data/536.png,test,False,
data/test_data/test_data/537.png,test,False,
data/test_data/test_data/538.png,test,False,
data/test_data/test_data/539.png,test,False,
data/test_data/test_data/54.png,test,False,
data/test_data/test_data/540.png,test,False,
data/test_data/test_data/541.png,test,False,
data/test_data/test_data/542.png,test,False,
data/test_data/test_data/543.png,test,False,
data/test_data/test_data/544.png,test,False,
data/test_data/test_data/545.png,test,False,
data/test_data/test_data/546.png,test,False,
data/test_data/test_data/547.png,test,False,
data/test_data/test_data/548.png,test,False,
data/test_data/test_data/549.png,test,False,
data/test_data/test_data/55.png,test,False,
data/test_data/test_data/550.png,test,False,
data/test_data/test_data/551.png,test,False,
data/test_data/test_data/552.png,test,False,
data/test_data/test_data/553.png,test,False,
data/test_data/test_data/554.png,test,False,
data/test_data/test_data/555.png,test,False,
data/test_data/test_data/556.png,test,False,
data/test_data/test_data/557.png,test,False,
data/test_data/test_data/558.png,test,False,
data/test_data/test_data/559.png,test,False,
data/test_data/test_data/56.png,test,False,
data/test_data/test_data/560.png,test,False,
data/test_data/test_data/561.png,test,False,
data/test_data/test_data/562.png,test,False,
data/test_data/test_data/563.png,test,False,
data/test_data/test_data/564.png,test,False,
data/test_data/test_data/565.png,test,False,
data/test_data/test_data/566.png,test,False,
data/test_data/test_data/567.png,test,False,
data/test_data/test_data/568.png,test,False,
data/test_data/test_data/569.png,test,False,
data/test_data/test_data/57.png,test,False,
data/test_data/test_data/570.png,test,False,
data/test_data/test_data/571.png,test,False,
data/test_data/test_data/572.png,test,False,
data/test_data/test_data/573.png,test,False,
data/test_data/test_data/574.png,test,False,
data/test_data/test_data/575.png,test,False,
data/test_data/test_data/576.png,test,False,
data/test_data/test_data/577.png,test,False,
data/test_data/test_data/578.png,test,False,
data/test_data/test_data/579.png,test,False,
data/test_data/test_data/58.png,test,False,
data/test_data/test_data/580.png,test,False,
data/test_data/test_data/581.png,test,False,
data/test_data/test_data/582.png,test,False,
data/test_data/test_data/583.png,test,False,
data/test_data/test_data/584.png,test,False,
data/test_data/test_data/585.png,test,False,
data/test_data/test_data/586.png,test,False,
data/test_data/test_data/587.png,test,False,
data/test_data/test_data/588.png,test,False,
data/test_data/test_data/589.png,test,False,
data/test_data/test_data/59.png,test,False,
data/test_data/test_data/590.png,test,False,
data/test_data/test_data/591.png,test,False,
data/test_data/test_data/592.png,test,False,
data/test_data/test_data/593.png,test,False,
data/test_data/test_data/594.png,test,False,
data/test_data/test_data/595.png,test,False,
data/test_data/test_data/596.png,test,False,
data/test_data/test_data/597.png,test,False,
data/test_data/test_data/598.png,test,False,
data/test_data/test_data/599.png,test,False,
data/test_data/test_data/6.png,test,False,
data/test_data/test_data/60.png,test,False,
data/test_data/test_data/600.png,test,False,
data/test_data/test_data/601.png,test,False,
data/test_data/test_data/602.png,test,False,
data/test_data/test_data/603.png,test,False,
data/test_data/test_data/604.png,test,False,
data/test_data/test_data/605.png,test,False,
data/test_data/test_data/606.png,test,False,
data/test_data/test_data/607.png,test,False,
data/test_data/test_data/608.png,test,False,
data/test_data/test_data/609.png,test,False,
data/test_data/test_data/61.png,test,False,
data/test_data/test_data/610.png,test,False,
data/test_data/test_data/611.png,test,False,
data/test_data/test_data/612.png,test,False,
data/test_data/test_data/613.png,test,False,
data/test_data/test_data/614.png,test,False,
data/test_data/test_data/615.png,test,False,
data/test_data/test_data/616.png,test,False,
data/test_data/test_data/617.png,test,False,
data/test_data/test_data/618.png,test,False,
data/test_data/test_data/619.png,test,False,
data/test_data/test_data/62.png,test,False,
data/test_data/test_data/620.png,test,False,
data/test_data/test_data/621.png,test,False,
data/test_data/test_data/622.png,test,False,
data/test_data/test_data/623.png,test,False,
data/test_data/test_data/624.png,test,False,
data/test_data/test_data/625.png,test,False,
data/test_data/test_data/626.png,test,False,
data/test_data/test_data/627.png,test,False,
data/test_data/test_data/628.png,test,False,
data/test_data/test_data/629.png,test,False,
data/test_data/test_data/63.png,test,False,
data/test_data/test_data/630.png,test,False,
data/test_data/test_data/631.png,test,False,
data/test_data/test_data/632.png,test,False,
data/test_data/test_data/633.png,test,False,
data/test_data/test_data/634.png,test,False,
data/test_data/test_data/635.png,test,False,
data/test_data/test_data/636.png,test,False,
data/test_data/test_data/637.png,test,False,
data/test_data/test_data/638.png,test,False,
data/test_data/test_data/639.png,test,False,
data/test_data/test_data/64.png,test,False,
data/test_data/test_data/640.png,test,False,
data/test_data/test_data/641.png,test,False,
data/test_data/test_data/642.png,test,False,
data/test_data/test_data/643.png,test,False,
data/test_data/test_data/644.png,test,False,
data/test_data/test_data/645.png,test,False,
data/test_data/test_data/646.png,test,False,
data/test_data/test_data/647.png,test,False,
data/test_data/test_data/648.png,test,False,
data/test_data/test_data/649.png,test,False,
data/test_data/test_data/65.png,test,False,
data/test_data/test_data/650.png,test,False,
data/test_data/test_data/651.png,test,False,
data/test_data/test_data/652.png,test,False,
data/test_data/test_data/653.png,test,False,
data/test_data/test_data/654.png,test,False,
data/test_data/test_data/655.png,test,False,
data/test_data/test_data/656.png,test,False,
data/test_data/test_data/657.png,test,False,
data/test_data/test_data/658.png,test,False,
data/test_data/test_data/659.png,test,False,
data/test_data/test_data/66.png,test,False,
data/test_data/test_data/660.png,test,False,
data/test_data/test_data/661.png,test,False,
data/test_data/test_data/662.png,test,False,
data/test_data/test_data/663.png,test,False,
data/test_data/test_data/664.png,test,False,
data/test_data/test_data/665.png,test,False,
data/test_data/test_data/666.png,test,False,
data/test_data/test_data/667.png,test,False,
data/test_data/test_data/668.png,test,False,
data/test_data/test_data/669.png,test,False,
data/test_data/test_data/67.png,test,False,
data/test_data/test_data/670.png,test,False,
data/test_data/test_data/671.png,test,False,
data/test_data/test_data/672.png,test,False,
data/test_data/test_data/673.png,test,False,
data/test_data/test_data/674.png,test,False,
data/test_data/test_data/675.png,test,False,
data/test_data/test_data/676.png,test,False,
data/test_data/test_data/677.png,test,False,
data/test_data/test_data/678.png,test,False,
data/test_data/test_data/679.png,test,False,
data/test_data/test_data/68.png,test,False,
data/test_data/test_data/680.png,test,False,
data/test_data/test_data/681.png,test,False,
data/test_data/test_data/682.png,test,False,
data/test_data/test_data/683.png,test,False,
data/test_data/test_data/684.png,test,False,
data/test_data/test_data/685.png,test,False,
data/test_data/test_data/686.png,test,False,
data/test_data/test_data/687.png,test,False,
data/test_data/test_data/688.png,test,False,
data/test_data/test_data/689.png,test,False,
data/test_data/test_data/69.png,test,False,
data/test_data/test_data/690.png,test,False,
data/test_data/test_data/691.png,test,False,
data/test_data/test_data/692.png,test,False,
data/test_data/test_data/693.png,test,False,
data/test_data/test_data/694.png,test,False,
data/test_data/test_data/695.png,test,False,
data/test_data/test_data/696.png,test,False,
data/test_data/test_data/697.png,test,False,
data/test_data/test_data/698.png,test,False,
data/test_data/test_data/699.png,test,False,
data/test_data/test_data/7.png,test,False,
data/test_data/test_data/70.png,test,False,
data/test_data/test_data/700.png,test,False,
data/test_data/test_data/701.png,test,False,
data/test_data/test_data/702.png,test,False,
data/test_data/test_data/703.png,test,False,
data/test_data/test_data/704.png,test,False,
data/test_data/test_data/705.png,test,False,
data/test_data/test_data/706.png,test,False,
data/test_data/test_data/707.png,test,False,
data/test_data/test_data/708.png,test,False,
data/test_data/test_data/709.png,test,False,
data/test_data/test_data/71.png,test,False,
data/test_data/test_data/710.png,test,False,
data/test_data/test_data/711.png,test,False,
data/test_data/test_data/712.png,test,False,
data/test_data/test_data/713.png,test,False,
data/test_data/test_data/714.png,test,False,
data/test_data/test_data/715.png,test,False,
data/test_data/test_data/716.png,test,False,
data/test_data/test_data/717.png,test,False,
data/test_data/test_data/718.png,test,False,
data/test_data/test_data/719.png,test,False,
data/test_data/test_data/72.png,test,False,
data/test_data/test_data/720.png,test,False,
data/test_data/test_data/721.png,test,False,
data/test_data/test_data/722.png,test,False,
data/test_data/test_data/723.png,test,False,
data/test_data/test_data/724.png,test,False,
data/test_data/test_data/725.png,test,False,
data/test_data/test_data/726.png,test,False,
data/test_data/test_data/727.png,test,False,
data/test_data/test_data/728.png,test,False,
data/test_data/test_data/729.png,test,False,
data/test_data/test_data/73.png,test,False,
data/test_data/test_data/730.png,test,False,
data/test_data/test_data/731.png,test,False,
data/test_data/test_data/732.png,test,False,
data/test_data/test_data/733.png,test,False,
data/test_data/test_data/734.png,test,False,
data/test_data/test_data/735.png,test,False,
data/test_data/test_data/736.png,test,False,
data/test_data/test_data/737.png,test,False,
data/test_data/test_data/738.png,test,False,
data/test_data/test_data/739.png,test,False,
data/test_data/test_data/74.png,test,False,
data/test_data/test_data/740.png,test,False,
data/test_data/test_data/741.png,test,False,
data/test_data/test_data/742.png,test,True,data/training_data/training_data/10314.png
data/test_data/test_data/743.png,test,False,
data/test_data/test_data/744.png,test,False,
data/test_data/test_data/745.png,test,False,
data/test_data/test_data/746.png,test,False,
data/test_data/test_data/747.png,test,False,
data/test_data/test_data/748.png,test,False,
data/test_data/test_data/749.png,test,False,
data/test_data/test_data/75.png,test,False,
data/test_data/test_data/750.png,test,False,
data/test_data/test_data/751.png,test,False,
data/test_data/test_data/752.png,test,False,
data/test_data/test_data/753.png,test,False,
data/test_data/test_data/754.png,test,False,
data/test_data/test_data/755.png,test,False,
data/test_data/test_data/756.png,test,False,
data/test_data/test_data/757.png,test,False,
data/test_data/test_data/758.png,test,False,
data/test_data/test_data/759.png,test,False,
data/test_data/test_data/76.png,test,False,
data/test_data/test_data/760.png,test,False,
data/test_data/test_data/761.png,test,False,
data/test_data/test_data/762.png,test,False,
data/test_data/test_data/763.png,test,False,
data/test_data/test_data/764.png,test,False,
data/test_data/test_data/765.png,test,False,
data/test_data/test_data/766.png,test,False,
data/test_data/test_data/767.png,test,False,
data/test_data/test_data/768.png,test,False,
data/test_data/test_data/769.png,test,False,
data/test_data/test_data/77.png,test,False,
data/test_data/test_data/770.png,test,False,
data/test_data/test_data/771.png,test,False,
data/test_data/test_data/772.png,test,False,
data/test_data/test_data/773.png,test,False,
data/test_data/test_data/774.png,test,False,
data/test_data/test_data/775.png,test,False,
data/test_data/test_data/776.png,test,False,
data/test_data/test_data/777.png,test,False,
data/test_data/test_data/778.png,test,False,
data/test_data/test_data/779.png,test,False,
data/test_data/test_data/78.png,test,False,
data/test_data/test_data/780.png,test,False,
data/test_data/test_data/781.png,test,False,
data/test_data/test_data/782.png,test,False,
data/test_data/test_data/783.png,test,False,
data/test_data/test_data/784.png,test,False,
data/test_data/test_data/785.png,test,False,
data/test_data/test_data/786.png,test,False,
data/test_data/test_data/787.png,test,False,
data/test_data/test_data/788.png,test,False,
data/test_data/test_data/789.png,test,False,
data/test_data/test_data/79.png,test,False,
data/test_data/test_data/790.png,test,False,
data/test_data/test_data/791.png,test,False,
data/test_data/test_data/792.png,test,False,
data/test_data/test_data/793.png,test,False,
data/test_data/test_data/794.png,test,False,
data/test_data/test_data/795.png,test,False,
data/test_data/test_data/796.png,test,False,
data/test_data/test_data/797.png,test,False,
data/test_data/test_data/798.png,test,False,
data/test_data/test_data/799.png,test,False,
data/test_data/test_data/8.png,test,False,
data/test_data/test_data/80.png,test,False,
data/test_data/test_data/800.png,test,False,
data/test_data/test_data/801.png,test,False,
data/test_data/test_data/802.png,test,False,
data/test_data/test_data/803.png,test,False,
data/test_data/test_data/804.png,test,False,
data/test_data/test_data/805.png,test,False,
data/test_data/test_data/806.png,test,False,
data/test_data/test_data/807.png,test,False,
data/test_data/test_data/808.png,test,False,
data/test_data/test_data/809.png,test,False,
data/test_data/test_data/81.png,test,False,
data/test_data/test_data/810.png,test,False,
data/test_data/test_data/811.png,test,False,
data/test_data/test_data/812.png,test,False,
data/test_data/test_data/813.png,test,False,
data/test_data/test_data/814.png,test,False,
data/test_data/test_data/815.png,test,False,
data/test_data/test_data/816.png,test,False,
data/test_data/test_data/817.png,test,False,
data/test_data/test_data/818.png,test,False,
data/test_data/test_data/819.png,test,False,
data/test_data/test_data/82.png,test,False,
data/test_data/test_data/820.png,test,False,
data/test_data/test_data/821.png,test,False,
data/test_data/test_data/822.png,test,False,
data/test_data/test_data/823.png,test,False,
data/test_data/test_data/824.png,test,False,
data/test_data/test_data/825.png,test,False,
data/test_data/test_data/826.png,test,False,
data/test_data/test_data/827.png,test,False,
data/test_data/test_data/828.png,test,False,
data/test_data/test_data/829.png,test,False,
data/test_data/test_data/83.png,test,False,
data/test_data/test_data/830.png,test,False,
data/test_data/test_data/831.png,test,False,
data/test_data/test_data/832.png,test,False,
data/test_data/test_data/833.png,test,False,
data/test_data/test_data/834.png,test,False,
data/test_data/test_data/835.png,test,False,
data/test_data/test_data/836.png,test,False,
data/test_data/test_data/837.png,test,False,
data/test_data/test_data/838.png,test,False,
data/test_data/test_data/839.png,test,False,
data/test_data/test_data/84.png,test,False,
data/test_data/test_data/840.png,test,False,
data/test_data/test_data/841.png,test,False,
data/test_data/test_data/842.png,test,False,
data/test_data/test_data/843.png,test,False,
data/test_data/test_data/844.png,test,False,
data/test_data/test_data/845.png,test,False,
data/test_data/test_data/846.png,test,False,
data/test_data/test_data/847.png,test,False,
data/test_data/test_data/848.png,test,False,
data/test_data/test_data/849.png,test,False,
data/test_data/test_data/85.png,test,False,
data/test_data/test_data/850.png,test,False,
data/test_data/test_data/851.png,test,False,
data/test_data/test_data/852.png,test,False,
data/test_data/test_data/853.png,test,False,
data/test_data/test_data/854.png,test,False,
data/test_data/test_data/855.png,test,False,
data/test_data/test_data/856.png,test,False,
data/test_data/test_data/857.png,test,False,
data/test_data/test_data/858.png,test,False,
data/test_data/test_data/859.png,test,False,
data/test_data/test_data/86.png,test,False,
data/test_data/test_data/860.png,test,False,
data/test_data/test_data/861.png,test,False,
data/test_data/test_data/862.png,test,False,
data/test_data/test_data/863.png,test,False,
data/test_data/test_data/864.png,test,False,
data/test_data/test_data/865.png,test,False,
data/test_data/test_data/866.png,test,False,
data/test_data/test_data/867.png,test,False,
data/test_data/test_data/868.png,test,False,
data/test_data/test_data/869.png,test,False,
data/test_data/test_data/87.png,test,False,
data/test_data/test_data/870.png,test,False,
data/test_data/test_data/871.png,test,False,
data/test_data/test_data/872.png,test,False,
data/test_data/test_data/873.png,test,False,
data/test_data/test_data/874.png,test,False,
data/test_data/test_data/875.png,test,False,
data/test_data/test_data/876.png,test,False,
data/test_data/test_data/877.png,test,False,
data/test_data/test_data/878.png,test,False,
data/test_data/test_data/879.png,test,False,
data/test_data/test_data/88.png,test,False,
data/test_data/test_data/880.png,test,False,
data/test_data/test_data/881.png,test,False,
data/test_data/test_data/882.png,test,False,
data/test_data/test_data/883.png,test,False,
data/test_data/test_data/884.png,test,False,
data/test_data/test_data/885.png,test,False,
data/test_data/test_data/886.png,test,False,
data/test_data/test_data/887.png,test,False,
data/test_data/test_data/888.png,test,False,
data/test_data/test_data/889.png,test,False,
data/test_data/test_data/89.png,test,False,
data/test_data/test_data/890.png,test,False,
data/test_data/test_data/891.png,test,False,
data/test_data/test_data/892.png,test,False,
data/test_data/test_data/893.png,test,False,
data/test_data/test_data/894.png,test,False,
data/test_data/test_data/895.png,test,False,
data/test_data/test_data/896.png,test,False,
data/test_data/test_data/897.png,test,False,
data/test_data/test_data/898.png,test,False,
data/test_data/test_data/899.png,test,False,
data/test_data/test_data/9.png,test,False,
data/test_data/test_data/90.png,test,False,
data/test_data/test_data/900.png,test,False,
data/test_data/test_data/901.png,test,False,
data/test_data/test_data/902.png,test,False,
data/test_data/test_data/903.png,test,False,
data/test_data/test_data/904.png,test,False,
data/test_data/test_data/905.png,test,False,
data/test_data/test_data/906.png,test,False,
data/test_data/test_data/907.png,test,False,
data/test_data/test_data/908.png,test,False,
data/test_data/test_data/909.png,test,False,
data/test_data/test_data/91.png,test,False,
data/test_data/test_data/910.png,test,False,
data/test_data/test_data/911.png,test,False,
data/test_data/test_data/912.png,test,False,
data/test_data/test_data/913.png,test,False,
data/test_data/test_data/914.png,test,False,
data/test_data/test_data/915.png,test,False,
data/test_data/test_data/916.png,test,False,
data/test_data/test_data/917.png,test,False,
data/test_data/test_data/918.png,test,False,
data/test_data/test_data/919.png,test,False,
data/test_data/test_data/92.png,test,False,
data/test_data/test_data/920.png,test,False,
data/test_data/test_data/921.png,test,False,
data/test_data/test_data/922.png,test,False,
data/test_data/test_data/923.png,test,False,
data/test_data/test_data/924.png,test,False,
data/test_data/test_data/925.png,test,False,
data/test_data/test_data/926.png,test,False,
data/test_data/test_data/927.png,test,False,
data/test_data/test_data/928.png,test,False,
data/test_data/test_data/929.png,test,False,
data/test_data/test_data/93.png,test,False,
data/test_data/test_data/930.png,test,False,
data/test_data/test_data/931.png,test,False,
data/test_data/test_data/932.png,test,False,
data/test_data/test_data/933.png,test,False,
data/test_data/test_data/934.png,test,False,
data/test_data/test_data/935.png,test,False,
data/test_data/test_data/936.png,test,False,
data/test_data/test_data/937.png,test,False,
data/test_data/test_data/938.png,test,False,
data/test_data/test_data/939.png,test,False,
data/test_data/test_data/94.png,test,False,
data/test_data/test_data/940.png,test,False,
data/test_data/test_data/941.png,test,False,
data/test_data/test_data/942.png,test,False,
data/test_data/test_data/943.png,test,False,
data/test_data/test_data/944.png,test,False,
data/test_data/test_data/945.png,test,False,
data/test_data/test_data/946.png,test,False,
data/test_data/test_data/947.png,test,False,
data/test_data/test_data/948.png,test,False,
data/test_data/test_data/949.png,test,False,
data/test_data/test_data/95.png,test,False,
data/test_data/test_data/950.png,test,False,
data/test_data/test_data/951.png,test,False,
data/test_data/test_data/952.png,test,False,
data/test_data/test_data/953.png,test,False,
data/test_data/test_data/954.png,test,False,
data/test_data/test_data/955.png,test,False,
data/test_data/test_data/956.png,test,False,
data/test_data/test_data/957.png,test,False,
data/test_data/test_data/958.png,test,False,
data/test_data/test_data/959.png,test,False,
data/test_data/test_data/96.png,test,False,
data/test_data/test_data/960.png,test,False,
data/test_data/test_data/961.png,test,False,
data/test_data/test_data/962.png,test,False,
data/test_data/test_data/963.png,test,False,
data/test_data/test_data/964.png,test,False,
data/test_data/test_data/965.png,test,False,
data/test_data/test_data/966.png,test,False,
data/test_data/test_data/967.png,test,False,
data/test_data/test_data/968.png,test,False,
data/test_data/test_data/969.png,test,False,
data/test_data/test_data/97.png,test,False,
data/test_data/test_data/970.png,test,False,
data/test_data/test_data/971.png,test,False,
data/test_data/test_data/972.png,test,False,
data/test_data/test_data/973.png,test,False,
data/test_data/test_data/974.png,test,False,
data/test_data/test_data/975.png,test,False,
data/test_data/test_data/976.png,test,False,
data/test_data/test_data/977.png,test,False,
data/test_data/test_data/978.png,test,False,
data/test_data/test_data/979.png,test,False,
data/test_data/test_data/98.png,test,False,
data/test_data/test_data/980.png,test,False,
data/test_data/test_data/981.png,test,False,
data/test_data/test_data/982.png,test,False,
data/test_data/test_data/983.png,test,False,
data/test_data/test_data/984.png,test,False,
data/test_data/test_data/985.png,test,False,
data/test_data/test_data/986.png,test,False,
data/test_data/test_data/987.png,test,False,
data/test_data/test_data/988.png,test,False,
data/test_data/test_data/989.png,test,False,
data/test_data/test_data/99.png,test,False,
data/test_data/test_data/990.png,test,False,
data/test_data/test_data/991.png,test,False,
data/test_data/test_data/992.png,test,False,
data/test_data/test_data/993.png,test,False,
data/test_data/test_data/994.png,test,False,
data/test_data/test_data/995.png,test,False,
data/test_data/test_data/996.png,test,False,
data/test_data/test_data/997.png,test,False,
data/test_data/test_data/998.png,test,False,
data/test_data/test_data/999.png,test,False,
